"TimeCreated","Id","LevelDisplayName","ProviderName","MachineName","Message"
"9/9/2026 7:57:11 PM","8198","Error","Microsoft-Windows-Security-SPP","CRASHLAB-01","License Activation (slui.exe) failed with the following error code: hr=0x8007139F Command-line arguments: RuleId=31e71c49-8da7-4a2f-ad92-45d98a1c79ba;Action=AutoActivate;AppId=55c92734-d682-4d71-983e-d6ec3f16059f;SkuId=4de7cb65-cdf1-4de9-8ae8-e3cce27b9f2c;NotificationInterval=1440;Trigger=NetworkAvailable"
"9/9/2026 7:57:11 PM","1003","Information","Microsoft-Windows-Security-SPP","CRASHLAB-01","The Software Protection service has completed licensing status check. Application Id=55c92734-d682-4d71-983e-d6ec3f16059f Licensing Status= 1: 01eb852c-424d-4060-94b8-c10d799d7364, 1, 0 [(0 [0xC004F014, 0, 0], [(?)(?)(?)(?)(?)(?)(?)(?)])(1 )(2 )(3 )] 2: 040fa323-92b1-4baf-97a2-5b67feaefddb, 1, 0 [(0 [0xC004F014, 0, 0], [(?)(?)(?)(?)(?)(?)(?)(?)])(1 )(2 )(3 )] 3: 0724cb7d-3437-4cb7-93cb-830375d0079d, 1, 0 [(0 [0xC004F014, 0, 0], [(?)(?)(?)(?)(?)(?)(?)(?)])(1 )(2 )(3 )] 4: 0ad2ac98-7bb9-4201-8d92-312299201369, 1, 0 [(0 [0xC004F014, 0, 0], [(?)(?)(?)(?)(?)(?)(?)(?)])(1 )(2 )(3 )] 5: 19de9b2f-0166-4abb-9534-56ea69a80edb, 1, 0 [(0 [0xC004F014, 0, 0], [(?)(?)(?)(?)(?)(?)(?)(?)])(1 )(2 )(3 )] 6: 1a9a717a-cf13-4ba5-83c3-0fe25fa868d5, 1, 0 [(0 [0xC004F014, 0, 0], [(?)(?)(?)(?)(?)(?)(?)(?)])(1 )(2 )(3 )] 7: 221a02da-e2a1-4b75-864c-0a4410a33fdf, 1, 0 [(0 [0xC004F014, 0, 0], [(?)(?)(?)(?)(?)(?)(?)(?)])(1 )(2 )(3 )] 8: 265f3fad-6a1c-4bdd-ae30-c75efa556ccb, 1, 0 [(0 [0xC004F014, 0, 0], [(?)(?)(?)(?)(?)(?)(?)(?)])(1 )(2 )(3 )] 9: 291ece0e-9c38-40ca-a9e1-32cc7ec19507, 1, 0 [(0 [0xC004F014, 0, 0], [(?)(?)(?)(?)(?)(?)(?)(?)])(1 )(2 )(3 )] 10: 2936d1d2-913a-4542-b54e-ce5a602a2a38, 1, 0 [(0 [0xC004F014, 0, 0], [(?)(?)(?)(?)(?)(?)(?)(?)])(1 )(2 )(3 )] 11: 2c293c26-a45a-4a2a-a350-c69a67097529, 1, 0 [(0 [0xC004F014, 0, 0], [(?)(?)(?)(?)(?)(?)(?)(?)])(1 )(2 )(3 )] 12: 2de67392-b7a7-462a-b1ca-108dd189f588, 1, 0 [(0 [0xC004F014, 0, 0], [(?)(?)(?)(?)(?)(?)(?)(?)])(1 )(2 )(3 )] 13: 2ffd8952-423e-4903-b993-72a1aa44cf82, 1, 0 [(0 [0xC004F014, 0, 0], [(?)(?)(?)(?)(?)(?)(?)(?)])(1 )(2 )(3 )] 14: 30a42c86-b7a0-4a34-8c90-ff177cb2acb7, 1, 0 [(0 [0xC004F014, 0, 0], [(?)(?)(?)(?)(?)(?)(?)(?)])(1 )(2 )(3 )] 15: 345a5db0-d94f-4e3b-a0c0-7c42f7bc3ebf, 1, 0 [(0 [0xC004F014, 0, 0], [(?)(?)(?)(?)(?)(?)(?)(?)])(1 )(2 )(3 )] 16: 3502365a-f88a-4ba4-822a-5769d3073b65, 1, 0 [(0 [0xC004F014, 0, 0], [(?)(?)(?)(?)(?)(?)(?)(?)])(1 )(2 )(3 )] 17: 377333b1-8b5d-48d6-9679-1225c872d37c, 1, 0 [(0 [0xC004F014, 0, 0], [(?)(?)(?)(?)(?)(?)(?)(?)])(1 )(2 )(3 )] 18: 3df374ef-d444-4494-a5a1-4b0d9fd0e203, 1, 0 [(0 [0xC004F014, 0, 0], [(?)(?)(?)(?)(?)(?)(?)(?)])(1 )(2 )(3 )] 19: 3ebce241-ea87-4946-8a4f-80d00e921dff, 1, 0 [(0 [0xC004F014, 0, 0], [(?)(?)(?)(?)(?)(?)(?)(?)])(1 )(2 )(3 )] 20: 3f1afc82-f8ac-4f6c-8005-1d233e606eee, 1, 0 [(0 [0xC004F014, 0, 0], [(?)(?)(?)(?)(?)(?)(?)(?)])(1 )(2 )(3 )] 21: 4322a811-697c-44dc-865e-3e2fdcb86009, 1, 0 [(0 [0xC004F014, 0, 0], [(?)(?)(?)(?)(?)(?)(?)(?)])(1 )(2 )(3 )] 22: 49cd895b-53b2-4dc4-a5f7-b18aa019ad37, 1, 0 [(0 [0xC004F014, 0, 0], [(?)(?)(?)(?)(?)(?)(?)(?)])(1 )(2 )(3 )] 23: 4de7cb65-cdf1-4de9-8ae8-e3cce27b9f2c, 1, 1 [(0 )(1 )(2 [0xC004E003, 0, 0], [( 1 0xC004F034)( 1 0xC004F034)(?)(?)(?)(?)(?)(?)])(3 [0x00000000, 0, 0], [( 6 0xC004F009 0 0)( 1 0x00000000)( 6 0xC004F009 0 0)(?)(?)(?)( 10 0x00000000 msft:rm/algorithm/flags/1.0)( 11 0x00000000 0xC004F034)])] 24: 4f3da0d2-271d-4508-ae81-626b60809a38, 1, 0 [(0 [0xC004F014, 0, 0], [(?)(?)(?)(?)(?)(?)(?)(?)])(1 )(2 )(3 )] 25: 5d78c4e9-aeb3-4b40-8ac2-6a6005e0ad6d, 1, 0 [(0 [0xC004F014, 0, 0], [(?)(?)(?)(?)(?)(?)(?)(?)])(1 )(2 )(3 )] 26: 60b3ec1b-9545-4921-821f-311b129dd6f6, 1, 0 [(0 [0xC004F014, 0, 0], [(?)(?)(?)(?)(?)(?)(?)(?)])(1 )(2 )(3 )] 27: 613d217f-7f13-4268-9907-1662339531cd, 1, 0 [(0 [0xC004F014, 0, 0], [(?)(?)(?)(?)(?)(?)(?)(?)])(1 )(2 )(3 )] 28: 62f0c100-9c53-4e02-b886-a3528ddfe7f6, 1, 0 [(0 [0xC004F014, 0, 0], [(?)(?)(?)(?)(?)(?)(?)(?)])(1 )(2 )(3 )] 29: 6365275e-368d-46ca-a0ef-fc0404119333, 1, 0 [(0 [0xC004F014, 0, 0], [(?)(?)(?)(?)(?)(?)(?)(?)])(1 )(2 )(3 )] 30: 721f9237-9341-4453-a661-09e8baa6cca5, 1, 0 [(0 [0xC004F014, 0, 0], [(?)(?)(?)(?)(?)(?)(?)(?)])(1 )(2 )(3 )] 31: 73111121-5638-40f6-bc11-f1d7b0d64300, 1, 0 [(0 [0xC004F014, 0, 0], [(?)(?)(?)(?)(?)(?)(?)(?)])(1 )(2 )(3 )] 32: 7a802526-4c94-4bd1-ba14-835a1aca2120, 1, 0 [(0 [0xC004F014, 0, 0], [(?)(?)(?)(?)(?)(?)(?)(?)])(1 )(2 )(3 )] 33: 7cb546c0-c7d5-44d8-9a5c-69ecdd782b69, 1, 0 [(0 [0xC004F014, 0, 0], [(?)(?)(?)(?)(?)(?)(?)(?)])(1 )(2 )(3 )] 34: 80083eae-7031-4394-9e88-4901973d56fe, 1, 0 [(0 [0xC004F014, 0, 0], [(?)(?)(?)(?)(?)(?)(?)(?)])(1 )(2 )(3 )] 35: 82bbc092-bc50-4e16-8e18-b74fc486aec3, 1, 0 [(0 [0xC004F014, 0, 0], [(?)(?)(?)(?)(?)(?)(?)(?)])(1 )(2 )(3 )] 36: 8ab9bdd1-1f67-4997-82d9-8878520837d9, 1, 0 [(0 [0xC004F014, 0, 0], [(?)(?)(?)(?)(?)(?)(?)(?)])(1 )(2 )(3 )] 37: 8b351c9c-f398-4515-9900-09df49427262, 1, 0 [(0 [0xC004F014, 0, 0], [(?)(?)(?)(?)(?)(?)(?)(?)])(1 )(2 )(3 )] 38: 90da7373-1c51-430b-bf26-c97e9c5cdc31, 1, 0 [(0 [0xC004F014, 0, 0], [(?)(?)(?)(?)(?)(?)(?)(?)])(1 )(2 )(3 )] 39: 92fb8726-92a8-4ffc-94ce-f82e07444653, 1, 0 [(0 [0xC004F014, 0, 0], [(?)(?)(?)(?)(?)(?)(?)(?)])(1 )(2 )(3 )] 40: 95dca82f-385d-4d39-b85b-5c73fa285d6f, 1, 0 [(0 [0xC004F014, 0, 0], [(?)(?)(?)(?)(?)(?)(?)(?)])(1 )(2 )(3 )] 41: 97cde3ae-e908-4b59-ac96-a17645c5b57e, 1, 0 [(0 [0xC004F014, 0, 0], [(?)(?)(?)(?)(?)(?)(?)(?)])(1 )(2 )(3 )] 42: a48938aa-62fa-4966-9d44-9f04da3f72f2, 1, 0 [(0 [0xC004F014, 0, 0], [(?)(?)(?)(?)(?)(?)(?)(?)])(1 )(2 )(3 )] 43: b0773a15-df3a-4312-9ad2-83d69648e356, 1, 0 [(0 [0xC004F014, 0, 0], [(?)(?)(?)(?)(?)(?)(?)(?)])(1 )(2 )(3 )] 44: b4bfe195-541e-4e64-ad23-6177f19e395e, 1, 0 [(0 [0xC004F014, 0, 0], [(?)(?)(?)(?)(?)(?)(?)(?)])(1 )(2 )(3 )] 45: b68e61d2-68ca-4757-be45-0cc2f3e68eee, 1, 0 [(0 [0xC004F014, 0, 0], [(?)(?)(?)(?)(?)(?)(?)(?)])(1 )(2 )(3 )] 46: bd3762d7-270d-4760-8fb3-d829ca45278a, 1, 0 [(0 [0xC004F014, 0, 0], [(?)(?)(?)(?)(?)(?)(?)(?)])(1 )(2 )(3 )] 47: c86d5194-4840-4dae-9c1c-0301003a5ab0, 1, 0 [(0 [0xC004F014, 0, 0], [(?)(?)(?)(?)(?)(?)(?)(?)])(1 )(2 )(3 )] 48: ca7df2e3-5ea0-47b8-9ac1-b1be4d8edd69, 1, 0 [(0 [0xC004F014, 0, 0], [(?)(?)(?)(?)(?)(?)(?)(?)])(1 )(2 )(3 )] 49: d552befb-48cc-4327-8f39-47d2d94f987c, 1, 0 [(0 [0xC004F014, 0, 0], [(?)(?)(?)(?)(?)(?)(?)(?)])(1 )(2 )(3 )] 50: d6eadb3b-5ca8-4a6b-986e-35b550756111, 1, 0 [(0 [0xC004F014, 0, 0], [(?)(?)(?)(?)(?)(?)(?)(?)])(1 )(2 )(3 )] 51: df96023b-dcd9-4be2-afa0-c6c871159ebe, 1, 0 [(0 [0xC004F014, 0, 0], [(?)(?)(?)(?)(?)(?)(?)(?)])(1 )(2 )(3 )] 52: e0c42288-980c-4788-a014-c080d2e1926e, 1, 0 [(0 [0xC004F014, 0, 0], [(?)(?)(?)(?)(?)(?)(?)(?)])(1 )(2 )(3 )] 53: e4db50ea-bda1-4566-b047-0ca50abc6f07, 1, 0 [(0 [0xC004F014, 0, 0], [(?)(?)(?)(?)(?)(?)(?)(?)])(1 )(2 )(3 )] 54: e558417a-5123-4f6f-91e7-385c1c7ca9d4, 1, 0 [(0 [0xC004F014, 0, 0], [(?)(?)(?)(?)(?)(?)(?)(?)])(1 )(2 )(3 )] 55: e7a950a2-e548-4f10-bf16-02ec848e0643, 1, 0 [(0 [0xC004F014, 0, 0], [(?)(?)(?)(?)(?)(?)(?)(?)])(1 )(2 )(3 )] 56: eb6d346f-1c60-4643-b960-40ec31596c45, 1, 0 [(0 [0xC004F014, 0, 0], [(?)(?)(?)(?)(?)(?)(?)(?)])(1 )(2 )(3 )] 57: ec868e65-fadf-4759-b23e-93fe37f2cc29, 1, 0 [(0 [0xC004F014, 0, 0], [(?)(?)(?)(?)(?)(?)(?)(?)])(1 )(2 )(3 )] 58: ef51e000-2659-4f25-8345-3de70a9cf4c4, 1, 0 [(0 [0xC004F014, 0, 0], [(?)(?)(?)(?)(?)(?)(?)(?)])(1 )(2 )(3 )] 59: f7af7d09-40e4-419c-a49b-eae366689ebd, 1, 0 [(0 [0xC004F014, 0, 0], [(?)(?)(?)(?)(?)(?)(?)(?)])(1 )(2 )(3 )] 60: fa755fe6-6739-40b9-8d84-6d0ea3b6d1ab, 1, 0 [(0 [0xC004F014, 0, 0], [(?)(?)(?)(?)(?)(?)(?)(?)])(1 )(2 )(3 )] 61: fe74f55b-0338-41d6-b267-4a201abe7285, 1, 0 [(0 [0xC004F014, 0, 0], [(?)(?)(?)(?)(?)(?)(?)(?)])(1 )(2 )(3 )]"
"9/9/2026 7:57:10 PM","902","Information","Microsoft-Windows-Security-SPP","CRASHLAB-01","The Software Protection service has started. 10.0.26100.8036"
"9/9/2026 7:57:10 PM","1003","Information","Microsoft-Windows-Security-SPP","CRASHLAB-01","The Software Protection service has completed licensing status check. Application Id=55c92734-d682-4d71-983e-d6ec3f16059f Licensing Status= 1: 01eb852c-424d-4060-94b8-c10d799d7364, 1, 0 [(0 [0xC004F014, 0, 0], [(?)(?)(?)(?)(?)(?)(?)(?)])(1 )(2 )(3 )] 2: 040fa323-92b1-4baf-97a2-5b67feaefddb, 1, 0 [(0 [0xC004F014, 0, 0], [(?)(?)(?)(?)(?)(?)(?)(?)])(1 )(2 )(3 )] 3: 0724cb7d-3437-4cb7-93cb-830375d0079d, 1, 0 [(0 [0xC004F014, 0, 0], [(?)(?)(?)(?)(?)(?)(?)(?)])(1 )(2 )(3 )] 4: 0ad2ac98-7bb9-4201-8d92-312299201369, 1, 0 [(0 [0xC004F014, 0, 0], [(?)(?)(?)(?)(?)(?)(?)(?)])(1 )(2 )(3 )] 5: 19de9b2f-0166-4abb-9534-56ea69a80edb, 1, 0 [(0 [0xC004F014, 0, 0], [(?)(?)(?)(?)(?)(?)(?)(?)])(1 )(2 )(3 )] 6: 1a9a717a-cf13-4ba5-83c3-0fe25fa868d5, 1, 0 [(0 [0xC004F014, 0, 0], [(?)(?)(?)(?)(?)(?)(?)(?)])(1 )(2 )(3 )] 7: 221a02da-e2a1-4b75-864c-0a4410a33fdf, 1, 0 [(0 [0xC004F014, 0, 0], [(?)(?)(?)(?)(?)(?)(?)(?)])(1 )(2 )(3 )] 8: 265f3fad-6a1c-4bdd-ae30-c75efa556ccb, 1, 0 [(0 [0xC004F014, 0, 0], [(?)(?)(?)(?)(?)(?)(?)(?)])(1 )(2 )(3 )] 9: 291ece0e-9c38-40ca-a9e1-32cc7ec19507, 1, 0 [(0 [0xC004F014, 0, 0], [(?)(?)(?)(?)(?)(?)(?)(?)])(1 )(2 )(3 )] 10: 2936d1d2-913a-4542-b54e-ce5a602a2a38, 1, 0 [(0 [0xC004F014, 0, 0], [(?)(?)(?)(?)(?)(?)(?)(?)])(1 )(2 )(3 )] 11: 2c293c26-a45a-4a2a-a350-c69a67097529, 1, 0 [(0 [0xC004F014, 0, 0], [(?)(?)(?)(?)(?)(?)(?)(?)])(1 )(2 )(3 )] 12: 2de67392-b7a7-462a-b1ca-108dd189f588, 1, 0 [(0 [0xC004F014, 0, 0], [(?)(?)(?)(?)(?)(?)(?)(?)])(1 )(2 )(3 )] 13: 2ffd8952-423e-4903-b993-72a1aa44cf82, 1, 0 [(0 [0xC004F014, 0, 0], [(?)(?)(?)(?)(?)(?)(?)(?)])(1 )(2 )(3 )] 14: 30a42c86-b7a0-4a34-8c90-ff177cb2acb7, 1, 0 [(0 [0xC004F014, 0, 0], [(?)(?)(?)(?)(?)(?)(?)(?)])(1 )(2 )(3 )] 15: 345a5db0-d94f-4e3b-a0c0-7c42f7bc3ebf, 1, 0 [(0 [0xC004F014, 0, 0], [(?)(?)(?)(?)(?)(?)(?)(?)])(1 )(2 )(3 )] 16: 3502365a-f88a-4ba4-822a-5769d3073b65, 1, 0 [(0 [0xC004F014, 0, 0], [(?)(?)(?)(?)(?)(?)(?)(?)])(1 )(2 )(3 )] 17: 377333b1-8b5d-48d6-9679-1225c872d37c, 1, 0 [(0 [0xC004F014, 0, 0], [(?)(?)(?)(?)(?)(?)(?)(?)])(1 )(2 )(3 )] 18: 3df374ef-d444-4494-a5a1-4b0d9fd0e203, 1, 0 [(0 [0xC004F014, 0, 0], [(?)(?)(?)(?)(?)(?)(?)(?)])(1 )(2 )(3 )] 19: 3ebce241-ea87-4946-8a4f-80d00e921dff, 1, 0 [(0 [0xC004F014, 0, 0], [(?)(?)(?)(?)(?)(?)(?)(?)])(1 )(2 )(3 )] 20: 3f1afc82-f8ac-4f6c-8005-1d233e606eee, 1, 0 [(0 [0xC004F014, 0, 0], [(?)(?)(?)(?)(?)(?)(?)(?)])(1 )(2 )(3 )] 21: 4322a811-697c-44dc-865e-3e2fdcb86009, 1, 0 [(0 [0xC004F014, 0, 0], [(?)(?)(?)(?)(?)(?)(?)(?)])(1 )(2 )(3 )] 22: 49cd895b-53b2-4dc4-a5f7-b18aa019ad37, 1, 0 [(0 [0xC004F014, 0, 0], [(?)(?)(?)(?)(?)(?)(?)(?)])(1 )(2 )(3 )] 23: 4de7cb65-cdf1-4de9-8ae8-e3cce27b9f2c, 1, 1 [(0 )(1 )(2 [0xC004E003, 0, 0], [( 1 0xC004F034)( 1 0xC004F034)(?)(?)(?)(?)(?)(?)])(3 [0x00000000, 0, 0], [( 6 0xC004F009 0 0)( 1 0x00000000)( 6 0xC004F009 0 0)(?)(?)(?)( 10 0x00000000 msft:rm/algorithm/flags/1.0)( 11 0x00000000 0xC004F034)])] 24: 4f3da0d2-271d-4508-ae81-626b60809a38, 1, 0 [(0 [0xC004F014, 0, 0], [(?)(?)(?)(?)(?)(?)(?)(?)])(1 )(2 )(3 )] 25: 5d78c4e9-aeb3-4b40-8ac2-6a6005e0ad6d, 1, 0 [(0 [0xC004F014, 0, 0], [(?)(?)(?)(?)(?)(?)(?)(?)])(1 )(2 )(3 )] 26: 60b3ec1b-9545-4921-821f-311b129dd6f6, 1, 0 [(0 [0xC004F014, 0, 0], [(?)(?)(?)(?)(?)(?)(?)(?)])(1 )(2 )(3 )] 27: 613d217f-7f13-4268-9907-1662339531cd, 1, 0 [(0 [0xC004F014, 0, 0], [(?)(?)(?)(?)(?)(?)(?)(?)])(1 )(2 )(3 )] 28: 62f0c100-9c53-4e02-b886-a3528ddfe7f6, 1, 0 [(0 [0xC004F014, 0, 0], [(?)(?)(?)(?)(?)(?)(?)(?)])(1 )(2 )(3 )] 29: 6365275e-368d-46ca-a0ef-fc0404119333, 1, 0 [(0 [0xC004F014, 0, 0], [(?)(?)(?)(?)(?)(?)(?)(?)])(1 )(2 )(3 )] 30: 721f9237-9341-4453-a661-09e8baa6cca5, 1, 0 [(0 [0xC004F014, 0, 0], [(?)(?)(?)(?)(?)(?)(?)(?)])(1 )(2 )(3 )] 31: 73111121-5638-40f6-bc11-f1d7b0d64300, 1, 0 [(0 [0xC004F014, 0, 0], [(?)(?)(?)(?)(?)(?)(?)(?)])(1 )(2 )(3 )] 32: 7a802526-4c94-4bd1-ba14-835a1aca2120, 1, 0 [(0 [0xC004F014, 0, 0], [(?)(?)(?)(?)(?)(?)(?)(?)])(1 )(2 )(3 )] 33: 7cb546c0-c7d5-44d8-9a5c-69ecdd782b69, 1, 0 [(0 [0xC004F014, 0, 0], [(?)(?)(?)(?)(?)(?)(?)(?)])(1 )(2 )(3 )] 34: 80083eae-7031-4394-9e88-4901973d56fe, 1, 0 [(0 [0xC004F014, 0, 0], [(?)(?)(?)(?)(?)(?)(?)(?)])(1 )(2 )(3 )] 35: 82bbc092-bc50-4e16-8e18-b74fc486aec3, 1, 0 [(0 [0xC004F014, 0, 0], [(?)(?)(?)(?)(?)(?)(?)(?)])(1 )(2 )(3 )] 36: 8ab9bdd1-1f67-4997-82d9-8878520837d9, 1, 0 [(0 [0xC004F014, 0, 0], [(?)(?)(?)(?)(?)(?)(?)(?)])(1 )(2 )(3 )] 37: 8b351c9c-f398-4515-9900-09df49427262, 1, 0 [(0 [0xC004F014, 0, 0], [(?)(?)(?)(?)(?)(?)(?)(?)])(1 )(2 )(3 )] 38: 90da7373-1c51-430b-bf26-c97e9c5cdc31, 1, 0 [(0 [0xC004F014, 0, 0], [(?)(?)(?)(?)(?)(?)(?)(?)])(1 )(2 )(3 )] 39: 92fb8726-92a8-4ffc-94ce-f82e07444653, 1, 0 [(0 [0xC004F014, 0, 0], [(?)(?)(?)(?)(?)(?)(?)(?)])(1 )(2 )(3 )] 40: 95dca82f-385d-4d39-b85b-5c73fa285d6f, 1, 0 [(0 [0xC004F014, 0, 0], [(?)(?)(?)(?)(?)(?)(?)(?)])(1 )(2 )(3 )] 41: 97cde3ae-e908-4b59-ac96-a17645c5b57e, 1, 0 [(0 [0xC004F014, 0, 0], [(?)(?)(?)(?)(?)(?)(?)(?)])(1 )(2 )(3 )] 42: a48938aa-62fa-4966-9d44-9f04da3f72f2, 1, 0 [(0 [0xC004F014, 0, 0], [(?)(?)(?)(?)(?)(?)(?)(?)])(1 )(2 )(3 )] 43: b0773a15-df3a-4312-9ad2-83d69648e356, 1, 0 [(0 [0xC004F014, 0, 0], [(?)(?)(?)(?)(?)(?)(?)(?)])(1 )(2 )(3 )] 44: b4bfe195-541e-4e64-ad23-6177f19e395e, 1, 0 [(0 [0xC004F014, 0, 0], [(?)(?)(?)(?)(?)(?)(?)(?)])(1 )(2 )(3 )] 45: b68e61d2-68ca-4757-be45-0cc2f3e68eee, 1, 0 [(0 [0xC004F014, 0, 0], [(?)(?)(?)(?)(?)(?)(?)(?)])(1 )(2 )(3 )] 46: bd3762d7-270d-4760-8fb3-d829ca45278a, 1, 0 [(0 [0xC004F014, 0, 0], [(?)(?)(?)(?)(?)(?)(?)(?)])(1 )(2 )(3 )] 47: c86d5194-4840-4dae-9c1c-0301003a5ab0, 1, 0 [(0 [0xC004F014, 0, 0], [(?)(?)(?)(?)(?)(?)(?)(?)])(1 )(2 )(3 )] 48: ca7df2e3-5ea0-47b8-9ac1-b1be4d8edd69, 1, 0 [(0 [0xC004F014, 0, 0], [(?)(?)(?)(?)(?)(?)(?)(?)])(1 )(2 )(3 )] 49: d552befb-48cc-4327-8f39-47d2d94f987c, 1, 0 [(0 [0xC004F014, 0, 0], [(?)(?)(?)(?)(?)(?)(?)(?)])(1 )(2 )(3 )] 50: d6eadb3b-5ca8-4a6b-986e-35b550756111, 1, 0 [(0 [0xC004F014, 0, 0], [(?)(?)(?)(?)(?)(?)(?)(?)])(1 )(2 )(3 )] 51: df96023b-dcd9-4be2-afa0-c6c871159ebe, 1, 0 [(0 [0xC004F014, 0, 0], [(?)(?)(?)(?)(?)(?)(?)(?)])(1 )(2 )(3 )] 52: e0c42288-980c-4788-a014-c080d2e1926e, 1, 0 [(0 [0xC004F014, 0, 0], [(?)(?)(?)(?)(?)(?)(?)(?)])(1 )(2 )(3 )] 53: e4db50ea-bda1-4566-b047-0ca50abc6f07, 1, 0 [(0 [0xC004F014, 0, 0], [(?)(?)(?)(?)(?)(?)(?)(?)])(1 )(2 )(3 )] 54: e558417a-5123-4f6f-91e7-385c1c7ca9d4, 1, 0 [(0 [0xC004F014, 0, 0], [(?)(?)(?)(?)(?)(?)(?)(?)])(1 )(2 )(3 )] 55: e7a950a2-e548-4f10-bf16-02ec848e0643, 1, 0 [(0 [0xC004F014, 0, 0], [(?)(?)(?)(?)(?)(?)(?)(?)])(1 )(2 )(3 )] 56: eb6d346f-1c60-4643-b960-40ec31596c45, 1, 0 [(0 [0xC004F014, 0, 0], [(?)(?)(?)(?)(?)(?)(?)(?)])(1 )(2 )(3 )] 57: ec868e65-fadf-4759-b23e-93fe37f2cc29, 1, 0 [(0 [0xC004F014, 0, 0], [(?)(?)(?)(?)(?)(?)(?)(?)])(1 )(2 )(3 )] 58: ef51e000-2659-4f25-8345-3de70a9cf4c4, 1, 0 [(0 [0xC004F014, 0, 0], [(?)(?)(?)(?)(?)(?)(?)(?)])(1 )(2 )(3 )] 59: f7af7d09-40e4-419c-a49b-eae366689ebd, 1, 0 [(0 [0xC004F014, 0, 0], [(?)(?)(?)(?)(?)(?)(?)(?)])(1 )(2 )(3 )] 60: fa755fe6-6739-40b9-8d84-6d0ea3b6d1ab, 1, 0 [(0 [0xC004F014, 0, 0], [(?)(?)(?)(?)(?)(?)(?)(?)])(1 )(2 )(3 )] 61: fe74f55b-0338-41d6-b267-4a201abe7285, 1, 0 [(0 [0xC004F014, 0, 0], [(?)(?)(?)(?)(?)(?)(?)(?)])(1 )(2 )(3 )]"
"9/9/2026 7:57:10 PM","1066","Information","Microsoft-Windows-Security-SPP","CRASHLAB-01","Initialization status for service objects. C:\WINDOWS\system32\sppwinob.dll, msft:spp/windowsfunctionality/agent/7.0, 0x00000000, 0x00000000 C:\WINDOWS\system32\sppobjs.dll, msft:rm/algorithm/inherited/1.0, 0x00000000, 0x00000000 C:\WINDOWS\system32\sppobjs.dll, msft:rm/algorithm/phone/1.0, 0x00000000, 0x00000000 C:\WINDOWS\system32\sppobjs.dll, msft:rm/algorithm/pkey/detect, 0x00000000, 0x00000000 C:\WINDOWS\system32\sppobjs.dll, msft:spp/ActionScheduler/1.0, 0x00000000, 0x00000000 C:\WINDOWS\system32\sppobjs.dll, msft:spp/TaskScheduler/1.0, 0x00000000, 0x00000000 C:\WINDOWS\system32\sppobjs.dll, msft:spp/statecollector/pkey, 0x00000000, 0x00000000 C:\WINDOWS\system32\sppobjs.dll, msft:spp/volume/services/kms/1.0, 0x00000000, 0x00000000 C:\WINDOWS\system32\sppobjs.dll, msft:spp/volume/services/kms/activationinfo/1.0, 0x00000000, 0x00000000"
"9/9/2026 7:57:10 PM","16394","Information","Microsoft-Windows-Security-SPP","CRASHLAB-01","Offline downlevel migration succeeded."
"9/9/2026 7:57:09 PM","900","Information","Microsoft-Windows-Security-SPP","CRASHLAB-01","The Software Protection service is starting. Parameters:TriggerStarted:6"
"9/9/2026 7:57:07 PM","5615","Information","Microsoft-Windows-WMI","CRASHLAB-01","Windows Management Instrumentation Service started sucessfully"
"9/9/2026 7:57:06 PM","1531","Information","Microsoft-Windows-User Profiles Service","CRASHLAB-01","The User Profile Service has started successfully."
"9/9/2026 7:56:27 PM","1000","Error","Application Error","CRASHLAB-01","Faulting application name: powershell.exe, version: 10.0.26100.5074, time stamp: 0x04b35d0f Faulting module name: KERNELBASE.dll, version: 10.0.26100.7920, time stamp: 0x0cc2a083 Exception code: 0xe0434352 Fault offset: 0x00000000000c73fa Faulting process id: 0x774 Faulting application start time: 0x1DD40CD86126679 Faulting application path: C:\WINDOWS\System32\WindowsPowerShell\v1.0\powershell.exe Faulting module path: C:\WINDOWS\System32\KERNELBASE.dll Report Id: 34a6ebad-f55b-4b66-b3e7-6fd3a801c45b Faulting package full name: Faulting package-relative application ID:"
"9/9/2026 7:56:10 PM","1026","Error",".NET Runtime","CRASHLAB-01","Application: powershell.exe Framework Version: v4.0.30319 Description: The process was terminated due to an unhandled exception. Exception Info: System.OutOfMemoryException at System.Management.Automation.CommandProcessorBase.ManageInvocationException(System.Exception) at System.Management.Automation.DlrScriptCommandProcessor.RunClause(System.Action`1<System.Management.Automation.Language.FunctionContext>, System.Object, System.Object) at System.Management.Automation.DlrScriptCommandProcessor.Complete() at System.Management.Automation.CommandProcessorBase.DoComplete() at System.Management.Automation.Internal.PipelineProcessor.DoCompleteCore(System.Management.Automation.CommandProcessorBase) at System.Management.Automation.Internal.PipelineProcessor.SynchronousExecuteEnumerate(System.Object) at System.Management.Automation.Runspaces.LocalPipeline.InvokeHelper() at System.Management.Automation.Runspaces.LocalPipeline.InvokeThreadProc() at System.Management.Automation.Runspaces.PipelineThread.WorkerProc() at System.Threading.ExecutionContext.RunInternal(System.Threading.ExecutionContext, System.Threading.ContextCallback, System.Object, Boolean) at System.Threading.ExecutionContext.Run(System.Threading.ExecutionContext, System.Threading.ContextCallback, System.Object, Boolean) at System.Threading.ExecutionContext.Run(System.Threading.ExecutionContext, System.Threading.ContextCallback, System.Object) at System.Threading.ThreadHelper.ThreadStart()"
"9/9/2026 7:53:09 PM","258","Information","Microsoft-Windows-Defrag","CRASHLAB-01","The storage optimiser successfully completed boot optimisation on (C:)"
"9/9/2026 7:50:11 PM","15","Information","SecurityCenter","CRASHLAB-01","Updated Windows Defender status successfully to SECURITY_PRODUCT_STATE_ON."
"9/9/2026 7:50:08 PM","325","Information","ESENT","CRASHLAB-01","svchost (5340,D,35,0) DS_Token_DB: The database engine created a new database (1, C:\WINDOWS\system32\config\systemprofile\AppData\Local\DataSharing\Storage\DSTokenDB2.dat). (Time=0 seconds) Additional Data: lgposCreate = 00000001:0001:0268, dbv = 1568.300.620 (9620) Internal Timing Sequence: [1] 0.000078 +J(0) +M(C:0K, Fs:1, WS:4K # 4K, PF:4K # 4K, P:4K) [2] 0.002186 +J(CM:0, PgRf:0, Rd:0/0, Dy:0/0, Lg:3480/2) +M(C:0K, Fs:3, WS:12K # 12K, PF:0K # 0K, P:0K) [3] 0.004661 +J(0) +M(C:0K, Fs:11, WS:40K # 44K, PF:20K # 24K, P:20K) [4] 0.004014 -0.002533 (1) WT +J(0) +M(C:0K, Fs:58, WS:232K # 228K, PF:84K # 84K, P:84K) [5] 0.004081 -0.000253 (3) WT +J(CM:0, PgRf:3, Rd:0/0, Dy:3/6, Lg:122/4) +M(C:8K, Fs:55, WS:216K # 216K, PF:160K # 160K, P:160K) [6] 0.009430 -0.006947 (3) WT +J(CM:0, PgRf:259, Rd:0/0, Dy:16/440, Lg:28550/479) +M(C:64K, Fs:96, WS:384K # 384K, PF:492K # 492K, P:492K) [7] 0.001262 -0.000176 (3) WT +J(CM:0, PgRf:0, Rd:0/0, Dy:0/0, Lg:4096/3) +M(C:0K, Fs:5, WS:12K # 12K, PF:0K # 4K, P:0K) [8] 0.000001 +J(0) [9] 0.001245 -0.000385 (3) WT +J(0) +M(C:0K, Fs:7, WS:20K # 20K, PF:0K # 0K, P:0K) [10] 0.026542 -0.006894 (38) CM -0.011523 (49) WT +J(CM:38, PgRf:428, Rd:0/38, Dy:9/107, Lg:17039/155) +M(C:-32K, Fs:62, WS:184K # 188K, PF:124K # 120K, P:124K) [11] 0.000001 +J(0)."
"9/9/2026 7:50:08 PM","105","Information","ESENT","CRASHLAB-01","svchost (5340,D,0,0) DS_Token_DB: The database engine started a new instance (0). (Time=0.022 seconds) Additional Data: RBSOn = 0 Internal Timing Sequence: [1] 0.000457 +J(0) +M(C:0K, Fs:161, WS:636K # 636K, PF:2436K # 2436K, P:2436K) [2] 0.000730 +J(0) +M(C:8K, Fs:174, WS:688K # 688K, PF:1212K # 1212K, P:1212K) [3] 0.000008 +J(0) +M(C:0K, Fs:2, WS:4K # 4K, PF:68K # 68K, P:68K) [4] 0.000133 +J(0) +M(C:0K, Fs:36, WS:144K # 144K, PF:168K # 168K, P:168K) [5] 0.000745 +J(0) +M(C:0K, Fs:11, WS:44K # 44K, PF:24K # 24K, P:24K) [6] 0.001882 +J(0) +M(C:0K, Fs:32, WS:128K # 128K, PF:16K # 16K, P:16K) [7] - [8] - [9] - [10] - [11] - [12] - [13] 0.015879 -0.000232 (4) WT +J(CM:0, PgRf:0, Rd:0/0, Dy:0/0, Lg:616/1) +M(C:0K, Fs:106, WS:360K # 400K, PF:24K # 84K, P:24K) [14] 0.000010 +J(0) +M(C:0K, Fs:1, WS:4K # 0K, PF:0K # 0K, P:0K) [15] 0.000032 +J(0) +M(C:0K, Fs:17, WS:68K # 32K, PF:64K # 4K, P:64K) [16] 0.002243 -0.000054 (2) WT +J(0) +M(C:0K, Fs:4, WS:8K # 12K, PF:0K # 4K, P:0K)."
"9/9/2026 7:50:08 PM","102","Information","ESENT","CRASHLAB-01","svchost (5340,P,98,0) DS_Token_DB: The database engine (10.00.26200.0000) is starting a new instance (0)."
"9/9/2026 7:44:27 PM","16384","Information","Microsoft-Windows-Security-SPP","CRASHLAB-01","Successfully scheduled Software Protection service for re-start at 2026-09-11T02:38:27Z. Reason: RulesEngine."
"9/9/2026 7:43:57 PM","16394","Information","Microsoft-Windows-Security-SPP","CRASHLAB-01","Offline downlevel migration succeeded."
"9/9/2026 7:43:41 PM","1001","Information","Windows Error Reporting","CRASHLAB-01","Fault bucket 2130045660226624062, type 5 Event Name: StoreAgentDownloadFailure1 Response: Not available Cab Id: 0 Problem signature: P1: Update;ScanForUpdates-taskhostw-SearchForAllUpdatesWithUpdateOptionsAsync P2: 80004002 P3: 26200 P4: 8037 P5: Windows.Desktop P6: 1 P7: P8: P9: P10: Attached files: \\?\C:\ProgramData\Microsoft\Windows\WER\Temp\WER.c30d3c1b-82fe-4079-9996-8c3f9c2df6b5.tmp.WERInternalMetadata.xml These files may be available here: \\?\C:\ProgramData\Microsoft\Windows\WER\ReportArchive\NonCritical_Update;ScanForUp_e3d80cf1e8d28ee235e806450ded759c59d4498_00000000_e968834a-d9f6-4e2b-8fe1-a61fe3465d6d Analysis symbol: Rechecking for solution: 0 Report Id: e968834a-d9f6-4e2b-8fe1-a61fe3465d6d Report Status: 268435456 Hashed bucket: 08770d9ec3c092738d8f713e152b9a3e Cab Guid: 0"
"9/9/2026 7:43:41 PM","1001","Information","Windows Error Reporting","CRASHLAB-01","Fault bucket , type 0 Event Name: StoreAgentDownloadFailure1 Response: Not available Cab Id: 0 Problem signature: P1: Update;ScanForUpdates-taskhostw-SearchForAllUpdatesWithUpdateOptionsAsync P2: 80004002 P3: 26200 P4: 8037 P5: Windows.Desktop P6: 1 P7: P8: P9: P10: Attached files: These files may be available here: \\?\C:\ProgramData\Microsoft\Windows\WER\ReportQueue\NonCritical_Update;ScanForUp_e3d80cf1e8d28ee235e806450ded759c59d4498_00000000_e968834a-d9f6-4e2b-8fe1-a61fe3465d6d Analysis symbol: Rechecking for solution: 0 Report Id: e968834a-d9f6-4e2b-8fe1-a61fe3465d6d Report Status: 4 Hashed bucket: Cab Guid: 0"
"9/9/2026 7:43:36 PM","16384","Information","Microsoft-Windows-Security-SPP","CRASHLAB-01","Successfully scheduled Software Protection service for re-start at 2026-09-11T02:38:36Z. Reason: RulesEngine."
"9/9/2026 7:42:52 PM","1034","Information","Microsoft-Windows-Security-SPP","CRASHLAB-01","Duplicate definition of policy found. Policy name=Security-SPP-WriteWauMarker Priority=500"
"9/9/2026 7:42:52 PM","1034","Information","Microsoft-Windows-Security-SPP","CRASHLAB-01","Duplicate definition of policy found. Policy name=AAD-AddDeviceJoinUserToAdminGroup-Policy Priority=100"
"9/9/2026 7:42:52 PM","1034","Information","Microsoft-Windows-Security-SPP","CRASHLAB-01","Duplicate definition of policy found. Policy name=AAD-AddDeviceJoinUserToAdminGroup-Policy Priority=100"
"9/9/2026 7:42:52 PM","1034","Information","Microsoft-Windows-Security-SPP","CRASHLAB-01","Duplicate definition of policy found. Policy name=AAD-AddDeviceJoinUserToAdminGroup-Policy Priority=100"
"9/9/2026 7:42:52 PM","1034","Information","Microsoft-Windows-Security-SPP","CRASHLAB-01","Duplicate definition of policy found. Policy name=AAD-AddDeviceJoinUserToAdminGroup-Policy Priority=100"
"9/9/2026 7:42:52 PM","1034","Information","Microsoft-Windows-Security-SPP","CRASHLAB-01","Duplicate definition of policy found. Policy name=AAD-AddDeviceJoinUserToAdminGroup-Policy Priority=100"
"9/9/2026 7:42:52 PM","1034","Information","Microsoft-Windows-Security-SPP","CRASHLAB-01","Duplicate definition of policy found. Policy name=AAD-AddDeviceJoinUserToAdminGroup-Policy Priority=100"
"9/9/2026 7:42:52 PM","1034","Information","Microsoft-Windows-Security-SPP","CRASHLAB-01","Duplicate definition of policy found. Policy name=AAD-AddDeviceJoinUserToAdminGroup-Policy Priority=100"
"9/9/2026 7:42:52 PM","1034","Information","Microsoft-Windows-Security-SPP","CRASHLAB-01","Duplicate definition of policy found. Policy name=AAD-AddDeviceJoinUserToAdminGroup-Policy Priority=100"
"9/9/2026 7:42:52 PM","1034","Information","Microsoft-Windows-Security-SPP","CRASHLAB-01","Duplicate definition of policy found. Policy name=AAD-AddDeviceJoinUserToAdminGroup-Policy Priority=100"
"9/9/2026 7:42:52 PM","1034","Information","Microsoft-Windows-Security-SPP","CRASHLAB-01","Duplicate definition of policy found. Policy name=AAD-AddDeviceJoinUserToAdminGroup-Policy Priority=100"
"9/9/2026 7:42:52 PM","1034","Information","Microsoft-Windows-Security-SPP","CRASHLAB-01","Duplicate definition of policy found. Policy name=AAD-AddDeviceJoinUserToAdminGroup-Policy Priority=100"
"9/9/2026 7:42:52 PM","16394","Information","Microsoft-Windows-Security-SPP","CRASHLAB-01","Offline downlevel migration succeeded."
"9/9/2026 7:41:34 PM","16384","Information","Microsoft-Windows-Security-SPP","CRASHLAB-01","Successfully scheduled Software Protection service for re-start at 2026-09-11T02:38:34Z. Reason: RulesEngine."
"9/9/2026 7:41:07 PM","15","Information","SecurityCenter","CRASHLAB-01","Updated Windows Defender status successfully to SECURITY_PRODUCT_STATE_ON."
"9/9/2026 7:41:05 PM","1003","Information","Microsoft-Windows-Search","CRASHLAB-01","The Windows Search Service started."
"9/9/2026 7:41:05 PM","1","Information","SecurityCenter","CRASHLAB-01","The Windows Security Center Service has started."
"9/9/2026 7:41:04 PM","16394","Information","Microsoft-Windows-Security-SPP","CRASHLAB-01","Offline downlevel migration succeeded."
"9/9/2026 7:41:04 PM","900","Information","Microsoft-Windows-Security-SPP","CRASHLAB-01","The Software Protection service is starting. Parameters:<explicit>"
"9/9/2026 7:41:03 PM","0","Information","edgeupdate","CRASHLAB-01","Service stopped."
"9/9/2026 7:39:29 PM","903","Information","Microsoft-Windows-Security-SPP","CRASHLAB-01","The Software Protection service has stopped."
"9/9/2026 7:39:29 PM","16384","Information","Microsoft-Windows-Security-SPP","CRASHLAB-01","Successfully scheduled Software Protection service for re-start at 2026-09-11T02:38:29Z. Reason: RulesEngine."
"9/9/2026 7:39:02 PM","5617","Information","Microsoft-Windows-WMI","CRASHLAB-01","Windows Management Instrumentation Service subsystems initialized successfully"
"9/9/2026 7:38:59 PM","8198","Error","Microsoft-Windows-Security-SPP","CRASHLAB-01","License Activation (slui.exe) failed with the following error code: hr=0x8007139F Command-line arguments: RuleId=31e71c49-8da7-4a2f-ad92-45d98a1c79ba;Action=AutoActivate;AppId=55c92734-d682-4d71-983e-d6ec3f16059f;SkuId=4de7cb65-cdf1-4de9-8ae8-e3cce27b9f2c;NotificationInterval=1440;Trigger=NetworkAvailable"
"9/9/2026 7:38:59 PM","1003","Information","Microsoft-Windows-Security-SPP","CRASHLAB-01","The Software Protection service has completed licensing status check. Application Id=55c92734-d682-4d71-983e-d6ec3f16059f Licensing Status= 1: 01eb852c-424d-4060-94b8-c10d799d7364, 1, 0 [(0 [0xC004F014, 0, 0], [(?)(?)(?)(?)(?)(?)(?)(?)])(1 )(2 )(3 )] 2: 040fa323-92b1-4baf-97a2-5b67feaefddb, 1, 0 [(0 [0xC004F014, 0, 0], [(?)(?)(?)(?)(?)(?)(?)(?)])(1 )(2 )(3 )] 3: 0724cb7d-3437-4cb7-93cb-830375d0079d, 1, 0 [(0 [0xC004F014, 0, 0], [(?)(?)(?)(?)(?)(?)(?)(?)])(1 )(2 )(3 )] 4: 0ad2ac98-7bb9-4201-8d92-312299201369, 1, 0 [(0 [0xC004F014, 0, 0], [(?)(?)(?)(?)(?)(?)(?)(?)])(1 )(2 )(3 )] 5: 19de9b2f-0166-4abb-9534-56ea69a80edb, 1, 0 [(0 [0xC004F014, 0, 0], [(?)(?)(?)(?)(?)(?)(?)(?)])(1 )(2 )(3 )] 6: 1a9a717a-cf13-4ba5-83c3-0fe25fa868d5, 1, 0 [(0 [0xC004F014, 0, 0], [(?)(?)(?)(?)(?)(?)(?)(?)])(1 )(2 )(3 )] 7: 221a02da-e2a1-4b75-864c-0a4410a33fdf, 1, 0 [(0 [0xC004F014, 0, 0], [(?)(?)(?)(?)(?)(?)(?)(?)])(1 )(2 )(3 )] 8: 265f3fad-6a1c-4bdd-ae30-c75efa556ccb, 1, 0 [(0 [0xC004F014, 0, 0], [(?)(?)(?)(?)(?)(?)(?)(?)])(1 )(2 )(3 )] 9: 291ece0e-9c38-40ca-a9e1-32cc7ec19507, 1, 0 [(0 [0xC004F014, 0, 0], [(?)(?)(?)(?)(?)(?)(?)(?)])(1 )(2 )(3 )] 10: 2936d1d2-913a-4542-b54e-ce5a602a2a38, 1, 0 [(0 [0xC004F014, 0, 0], [(?)(?)(?)(?)(?)(?)(?)(?)])(1 )(2 )(3 )] 11: 2c293c26-a45a-4a2a-a350-c69a67097529, 1, 0 [(0 [0xC004F014, 0, 0], [(?)(?)(?)(?)(?)(?)(?)(?)])(1 )(2 )(3 )] 12: 2de67392-b7a7-462a-b1ca-108dd189f588, 1, 0 [(0 [0xC004F014, 0, 0], [(?)(?)(?)(?)(?)(?)(?)(?)])(1 )(2 )(3 )] 13: 2ffd8952-423e-4903-b993-72a1aa44cf82, 1, 0 [(0 [0xC004F014, 0, 0], [(?)(?)(?)(?)(?)(?)(?)(?)])(1 )(2 )(3 )] 14: 30a42c86-b7a0-4a34-8c90-ff177cb2acb7, 1, 0 [(0 [0xC004F014, 0, 0], [(?)(?)(?)(?)(?)(?)(?)(?)])(1 )(2 )(3 )] 15: 345a5db0-d94f-4e3b-a0c0-7c42f7bc3ebf, 1, 0 [(0 [0xC004F014, 0, 0], [(?)(?)(?)(?)(?)(?)(?)(?)])(1 )(2 )(3 )] 16: 3502365a-f88a-4ba4-822a-5769d3073b65, 1, 0 [(0 [0xC004F014, 0, 0], [(?)(?)(?)(?)(?)(?)(?)(?)])(1 )(2 )(3 )] 17: 377333b1-8b5d-48d6-9679-1225c872d37c, 1, 0 [(0 [0xC004F014, 0, 0], [(?)(?)(?)(?)(?)(?)(?)(?)])(1 )(2 )(3 )] 18: 3df374ef-d444-4494-a5a1-4b0d9fd0e203, 1, 0 [(0 [0xC004F014, 0, 0], [(?)(?)(?)(?)(?)(?)(?)(?)])(1 )(2 )(3 )] 19: 3ebce241-ea87-4946-8a4f-80d00e921dff, 1, 0 [(0 [0xC004F014, 0, 0], [(?)(?)(?)(?)(?)(?)(?)(?)])(1 )(2 )(3 )] 20: 3f1afc82-f8ac-4f6c-8005-1d233e606eee, 1, 0 [(0 [0xC004F014, 0, 0], [(?)(?)(?)(?)(?)(?)(?)(?)])(1 )(2 )(3 )] 21: 4322a811-697c-44dc-865e-3e2fdcb86009, 1, 0 [(0 [0xC004F014, 0, 0], [(?)(?)(?)(?)(?)(?)(?)(?)])(1 )(2 )(3 )] 22: 49cd895b-53b2-4dc4-a5f7-b18aa019ad37, 1, 0 [(0 [0xC004F014, 0, 0], [(?)(?)(?)(?)(?)(?)(?)(?)])(1 )(2 )(3 )] 23: 4de7cb65-cdf1-4de9-8ae8-e3cce27b9f2c, 1, 1 [(0 )(1 )(2 [0xC004E003, 0, 0], [( 1 0xC004F034)( 1 0xC004F034)(?)(?)(?)(?)(?)(?)])(3 [0x00000000, 0, 0], [( 6 0xC004F009 0 0)( 1 0x00000000)( 6 0xC004F009 0 0)(?)(?)(?)( 10 0x00000000 msft:rm/algorithm/flags/1.0)( 11 0x00000000 0xC004F034)])] 24: 4f3da0d2-271d-4508-ae81-626b60809a38, 1, 0 [(0 [0xC004F014, 0, 0], [(?)(?)(?)(?)(?)(?)(?)(?)])(1 )(2 )(3 )] 25: 5d78c4e9-aeb3-4b40-8ac2-6a6005e0ad6d, 1, 0 [(0 [0xC004F014, 0, 0], [(?)(?)(?)(?)(?)(?)(?)(?)])(1 )(2 )(3 )] 26: 60b3ec1b-9545-4921-821f-311b129dd6f6, 1, 0 [(0 [0xC004F014, 0, 0], [(?)(?)(?)(?)(?)(?)(?)(?)])(1 )(2 )(3 )] 27: 613d217f-7f13-4268-9907-1662339531cd, 1, 0 [(0 [0xC004F014, 0, 0], [(?)(?)(?)(?)(?)(?)(?)(?)])(1 )(2 )(3 )] 28: 62f0c100-9c53-4e02-b886-a3528ddfe7f6, 1, 0 [(0 [0xC004F014, 0, 0], [(?)(?)(?)(?)(?)(?)(?)(?)])(1 )(2 )(3 )] 29: 6365275e-368d-46ca-a0ef-fc0404119333, 1, 0 [(0 [0xC004F014, 0, 0], [(?)(?)(?)(?)(?)(?)(?)(?)])(1 )(2 )(3 )] 30: 721f9237-9341-4453-a661-09e8baa6cca5, 1, 0 [(0 [0xC004F014, 0, 0], [(?)(?)(?)(?)(?)(?)(?)(?)])(1 )(2 )(3 )] 31: 73111121-5638-40f6-bc11-f1d7b0d64300, 1, 0 [(0 [0xC004F014, 0, 0], [(?)(?)(?)(?)(?)(?)(?)(?)])(1 )(2 )(3 )] 32: 7a802526-4c94-4bd1-ba14-835a1aca2120, 1, 0 [(0 [0xC004F014, 0, 0], [(?)(?)(?)(?)(?)(?)(?)(?)])(1 )(2 )(3 )] 33: 7cb546c0-c7d5-44d8-9a5c-69ecdd782b69, 1, 0 [(0 [0xC004F014, 0, 0], [(?)(?)(?)(?)(?)(?)(?)(?)])(1 )(2 )(3 )] 34: 80083eae-7031-4394-9e88-4901973d56fe, 1, 0 [(0 [0xC004F014, 0, 0], [(?)(?)(?)(?)(?)(?)(?)(?)])(1 )(2 )(3 )] 35: 82bbc092-bc50-4e16-8e18-b74fc486aec3, 1, 0 [(0 [0xC004F014, 0, 0], [(?)(?)(?)(?)(?)(?)(?)(?)])(1 )(2 )(3 )] 36: 8ab9bdd1-1f67-4997-82d9-8878520837d9, 1, 0 [(0 [0xC004F014, 0, 0], [(?)(?)(?)(?)(?)(?)(?)(?)])(1 )(2 )(3 )] 37: 8b351c9c-f398-4515-9900-09df49427262, 1, 0 [(0 [0xC004F014, 0, 0], [(?)(?)(?)(?)(?)(?)(?)(?)])(1 )(2 )(3 )] 38: 90da7373-1c51-430b-bf26-c97e9c5cdc31, 1, 0 [(0 [0xC004F014, 0, 0], [(?)(?)(?)(?)(?)(?)(?)(?)])(1 )(2 )(3 )] 39: 92fb8726-92a8-4ffc-94ce-f82e07444653, 1, 0 [(0 [0xC004F014, 0, 0], [(?)(?)(?)(?)(?)(?)(?)(?)])(1 )(2 )(3 )] 40: 95dca82f-385d-4d39-b85b-5c73fa285d6f, 1, 0 [(0 [0xC004F014, 0, 0], [(?)(?)(?)(?)(?)(?)(?)(?)])(1 )(2 )(3 )] 41: 97cde3ae-e908-4b59-ac96-a17645c5b57e, 1, 0 [(0 [0xC004F014, 0, 0], [(?)(?)(?)(?)(?)(?)(?)(?)])(1 )(2 )(3 )] 42: a48938aa-62fa-4966-9d44-9f04da3f72f2, 1, 0 [(0 [0xC004F014, 0, 0], [(?)(?)(?)(?)(?)(?)(?)(?)])(1 )(2 )(3 )] 43: b0773a15-df3a-4312-9ad2-83d69648e356, 1, 0 [(0 [0xC004F014, 0, 0], [(?)(?)(?)(?)(?)(?)(?)(?)])(1 )(2 )(3 )] 44: b4bfe195-541e-4e64-ad23-6177f19e395e, 1, 0 [(0 [0xC004F014, 0, 0], [(?)(?)(?)(?)(?)(?)(?)(?)])(1 )(2 )(3 )] 45: b68e61d2-68ca-4757-be45-0cc2f3e68eee, 1, 0 [(0 [0xC004F014, 0, 0], [(?)(?)(?)(?)(?)(?)(?)(?)])(1 )(2 )(3 )] 46: bd3762d7-270d-4760-8fb3-d829ca45278a, 1, 0 [(0 [0xC004F014, 0, 0], [(?)(?)(?)(?)(?)(?)(?)(?)])(1 )(2 )(3 )] 47: c86d5194-4840-4dae-9c1c-0301003a5ab0, 1, 0 [(0 [0xC004F014, 0, 0], [(?)(?)(?)(?)(?)(?)(?)(?)])(1 )(2 )(3 )] 48: ca7df2e3-5ea0-47b8-9ac1-b1be4d8edd69, 1, 0 [(0 [0xC004F014, 0, 0], [(?)(?)(?)(?)(?)(?)(?)(?)])(1 )(2 )(3 )] 49: d552befb-48cc-4327-8f39-47d2d94f987c, 1, 0 [(0 [0xC004F014, 0, 0], [(?)(?)(?)(?)(?)(?)(?)(?)])(1 )(2 )(3 )] 50: d6eadb3b-5ca8-4a6b-986e-35b550756111, 1, 0 [(0 [0xC004F014, 0, 0], [(?)(?)(?)(?)(?)(?)(?)(?)])(1 )(2 )(3 )] 51: df96023b-dcd9-4be2-afa0-c6c871159ebe, 1, 0 [(0 [0xC004F014, 0, 0], [(?)(?)(?)(?)(?)(?)(?)(?)])(1 )(2 )(3 )] 52: e0c42288-980c-4788-a014-c080d2e1926e, 1, 0 [(0 [0xC004F014, 0, 0], [(?)(?)(?)(?)(?)(?)(?)(?)])(1 )(2 )(3 )] 53: e4db50ea-bda1-4566-b047-0ca50abc6f07, 1, 0 [(0 [0xC004F014, 0, 0], [(?)(?)(?)(?)(?)(?)(?)(?)])(1 )(2 )(3 )] 54: e558417a-5123-4f6f-91e7-385c1c7ca9d4, 1, 0 [(0 [0xC004F014, 0, 0], [(?)(?)(?)(?)(?)(?)(?)(?)])(1 )(2 )(3 )] 55: e7a950a2-e548-4f10-bf16-02ec848e0643, 1, 0 [(0 [0xC004F014, 0, 0], [(?)(?)(?)(?)(?)(?)(?)(?)])(1 )(2 )(3 )] 56: eb6d346f-1c60-4643-b960-40ec31596c45, 1, 0 [(0 [0xC004F014, 0, 0], [(?)(?)(?)(?)(?)(?)(?)(?)])(1 )(2 )(3 )] 57: ec868e65-fadf-4759-b23e-93fe37f2cc29, 1, 0 [(0 [0xC004F014, 0, 0], [(?)(?)(?)(?)(?)(?)(?)(?)])(1 )(2 )(3 )] 58: ef51e000-2659-4f25-8345-3de70a9cf4c4, 1, 0 [(0 [0xC004F014, 0, 0], [(?)(?)(?)(?)(?)(?)(?)(?)])(1 )(2 )(3 )] 59: f7af7d09-40e4-419c-a49b-eae366689ebd, 1, 0 [(0 [0xC004F014, 0, 0], [(?)(?)(?)(?)(?)(?)(?)(?)])(1 )(2 )(3 )] 60: fa755fe6-6739-40b9-8d84-6d0ea3b6d1ab, 1, 0 [(0 [0xC004F014, 0, 0], [(?)(?)(?)(?)(?)(?)(?)(?)])(1 )(2 )(3 )] 61: fe74f55b-0338-41d6-b267-4a201abe7285, 1, 0 [(0 [0xC004F014, 0, 0], [(?)(?)(?)(?)(?)(?)(?)(?)])(1 )(2 )(3 )]"
"9/9/2026 7:38:58 PM","902","Information","Microsoft-Windows-Security-SPP","CRASHLAB-01","The Software Protection service has started. 10.0.26100.8036"
"9/9/2026 7:38:58 PM","1003","Information","Microsoft-Windows-Security-SPP","CRASHLAB-01","The Software Protection service has completed licensing status check. Application Id=55c92734-d682-4d71-983e-d6ec3f16059f Licensing Status= 1: 01eb852c-424d-4060-94b8-c10d799d7364, 1, 0 [(0 [0xC004F014, 0, 0], [(?)(?)(?)(?)(?)(?)(?)(?)])(1 )(2 )(3 )] 2: 040fa323-92b1-4baf-97a2-5b67feaefddb, 1, 0 [(0 [0xC004F014, 0, 0], [(?)(?)(?)(?)(?)(?)(?)(?)])(1 )(2 )(3 )] 3: 0724cb7d-3437-4cb7-93cb-830375d0079d, 1, 0 [(0 [0xC004F014, 0, 0], [(?)(?)(?)(?)(?)(?)(?)(?)])(1 )(2 )(3 )] 4: 0ad2ac98-7bb9-4201-8d92-312299201369, 1, 0 [(0 [0xC004F014, 0, 0], [(?)(?)(?)(?)(?)(?)(?)(?)])(1 )(2 )(3 )] 5: 19de9b2f-0166-4abb-9534-56ea69a80edb, 1, 0 [(0 [0xC004F014, 0, 0], [(?)(?)(?)(?)(?)(?)(?)(?)])(1 )(2 )(3 )] 6: 1a9a717a-cf13-4ba5-83c3-0fe25fa868d5, 1, 0 [(0 [0xC004F014, 0, 0], [(?)(?)(?)(?)(?)(?)(?)(?)])(1 )(2 )(3 )] 7: 221a02da-e2a1-4b75-864c-0a4410a33fdf, 1, 0 [(0 [0xC004F014, 0, 0], [(?)(?)(?)(?)(?)(?)(?)(?)])(1 )(2 )(3 )] 8: 265f3fad-6a1c-4bdd-ae30-c75efa556ccb, 1, 0 [(0 [0xC004F014, 0, 0], [(?)(?)(?)(?)(?)(?)(?)(?)])(1 )(2 )(3 )] 9: 291ece0e-9c38-40ca-a9e1-32cc7ec19507, 1, 0 [(0 [0xC004F014, 0, 0], [(?)(?)(?)(?)(?)(?)(?)(?)])(1 )(2 )(3 )] 10: 2936d1d2-913a-4542-b54e-ce5a602a2a38, 1, 0 [(0 [0xC004F014, 0, 0], [(?)(?)(?)(?)(?)(?)(?)(?)])(1 )(2 )(3 )] 11: 2c293c26-a45a-4a2a-a350-c69a67097529, 1, 0 [(0 [0xC004F014, 0, 0], [(?)(?)(?)(?)(?)(?)(?)(?)])(1 )(2 )(3 )] 12: 2de67392-b7a7-462a-b1ca-108dd189f588, 1, 0 [(0 [0xC004F014, 0, 0], [(?)(?)(?)(?)(?)(?)(?)(?)])(1 )(2 )(3 )] 13: 2ffd8952-423e-4903-b993-72a1aa44cf82, 1, 0 [(0 [0xC004F014, 0, 0], [(?)(?)(?)(?)(?)(?)(?)(?)])(1 )(2 )(3 )] 14: 30a42c86-b7a0-4a34-8c90-ff177cb2acb7, 1, 0 [(0 [0xC004F014, 0, 0], [(?)(?)(?)(?)(?)(?)(?)(?)])(1 )(2 )(3 )] 15: 345a5db0-d94f-4e3b-a0c0-7c42f7bc3ebf, 1, 0 [(0 [0xC004F014, 0, 0], [(?)(?)(?)(?)(?)(?)(?)(?)])(1 )(2 )(3 )] 16: 3502365a-f88a-4ba4-822a-5769d3073b65, 1, 0 [(0 [0xC004F014, 0, 0], [(?)(?)(?)(?)(?)(?)(?)(?)])(1 )(2 )(3 )] 17: 377333b1-8b5d-48d6-9679-1225c872d37c, 1, 0 [(0 [0xC004F014, 0, 0], [(?)(?)(?)(?)(?)(?)(?)(?)])(1 )(2 )(3 )] 18: 3df374ef-d444-4494-a5a1-4b0d9fd0e203, 1, 0 [(0 [0xC004F014, 0, 0], [(?)(?)(?)(?)(?)(?)(?)(?)])(1 )(2 )(3 )] 19: 3ebce241-ea87-4946-8a4f-80d00e921dff, 1, 0 [(0 [0xC004F014, 0, 0], [(?)(?)(?)(?)(?)(?)(?)(?)])(1 )(2 )(3 )] 20: 3f1afc82-f8ac-4f6c-8005-1d233e606eee, 1, 0 [(0 [0xC004F014, 0, 0], [(?)(?)(?)(?)(?)(?)(?)(?)])(1 )(2 )(3 )] 21: 4322a811-697c-44dc-865e-3e2fdcb86009, 1, 0 [(0 [0xC004F014, 0, 0], [(?)(?)(?)(?)(?)(?)(?)(?)])(1 )(2 )(3 )] 22: 49cd895b-53b2-4dc4-a5f7-b18aa019ad37, 1, 0 [(0 [0xC004F014, 0, 0], [(?)(?)(?)(?)(?)(?)(?)(?)])(1 )(2 )(3 )] 23: 4de7cb65-cdf1-4de9-8ae8-e3cce27b9f2c, 1, 1 [(0 )(1 )(2 [0xC004E003, 0, 0], [( 1 0xC004F034)( 1 0xC004F034)(?)(?)(?)(?)(?)(?)])(3 [0x00000000, 0, 0], [( 6 0xC004F009 0 0)( 1 0x00000000)( 6 0xC004F009 0 0)(?)(?)(?)( 10 0x00000000 msft:rm/algorithm/flags/1.0)( 11 0x00000000 0xC004F034)])] 24: 4f3da0d2-271d-4508-ae81-626b60809a38, 1, 0 [(0 [0xC004F014, 0, 0], [(?)(?)(?)(?)(?)(?)(?)(?)])(1 )(2 )(3 )] 25: 5d78c4e9-aeb3-4b40-8ac2-6a6005e0ad6d, 1, 0 [(0 [0xC004F014, 0, 0], [(?)(?)(?)(?)(?)(?)(?)(?)])(1 )(2 )(3 )] 26: 60b3ec1b-9545-4921-821f-311b129dd6f6, 1, 0 [(0 [0xC004F014, 0, 0], [(?)(?)(?)(?)(?)(?)(?)(?)])(1 )(2 )(3 )] 27: 613d217f-7f13-4268-9907-1662339531cd, 1, 0 [(0 [0xC004F014, 0, 0], [(?)(?)(?)(?)(?)(?)(?)(?)])(1 )(2 )(3 )] 28: 62f0c100-9c53-4e02-b886-a3528ddfe7f6, 1, 0 [(0 [0xC004F014, 0, 0], [(?)(?)(?)(?)(?)(?)(?)(?)])(1 )(2 )(3 )] 29: 6365275e-368d-46ca-a0ef-fc0404119333, 1, 0 [(0 [0xC004F014, 0, 0], [(?)(?)(?)(?)(?)(?)(?)(?)])(1 )(2 )(3 )] 30: 721f9237-9341-4453-a661-09e8baa6cca5, 1, 0 [(0 [0xC004F014, 0, 0], [(?)(?)(?)(?)(?)(?)(?)(?)])(1 )(2 )(3 )] 31: 73111121-5638-40f6-bc11-f1d7b0d64300, 1, 0 [(0 [0xC004F014, 0, 0], [(?)(?)(?)(?)(?)(?)(?)(?)])(1 )(2 )(3 )] 32: 7a802526-4c94-4bd1-ba14-835a1aca2120, 1, 0 [(0 [0xC004F014, 0, 0], [(?)(?)(?)(?)(?)(?)(?)(?)])(1 )(2 )(3 )] 33: 7cb546c0-c7d5-44d8-9a5c-69ecdd782b69, 1, 0 [(0 [0xC004F014, 0, 0], [(?)(?)(?)(?)(?)(?)(?)(?)])(1 )(2 )(3 )] 34: 80083eae-7031-4394-9e88-4901973d56fe, 1, 0 [(0 [0xC004F014, 0, 0], [(?)(?)(?)(?)(?)(?)(?)(?)])(1 )(2 )(3 )] 35: 82bbc092-bc50-4e16-8e18-b74fc486aec3, 1, 0 [(0 [0xC004F014, 0, 0], [(?)(?)(?)(?)(?)(?)(?)(?)])(1 )(2 )(3 )] 36: 8ab9bdd1-1f67-4997-82d9-8878520837d9, 1, 0 [(0 [0xC004F014, 0, 0], [(?)(?)(?)(?)(?)(?)(?)(?)])(1 )(2 )(3 )] 37: 8b351c9c-f398-4515-9900-09df49427262, 1, 0 [(0 [0xC004F014, 0, 0], [(?)(?)(?)(?)(?)(?)(?)(?)])(1 )(2 )(3 )] 38: 90da7373-1c51-430b-bf26-c97e9c5cdc31, 1, 0 [(0 [0xC004F014, 0, 0], [(?)(?)(?)(?)(?)(?)(?)(?)])(1 )(2 )(3 )] 39: 92fb8726-92a8-4ffc-94ce-f82e07444653, 1, 0 [(0 [0xC004F014, 0, 0], [(?)(?)(?)(?)(?)(?)(?)(?)])(1 )(2 )(3 )] 40: 95dca82f-385d-4d39-b85b-5c73fa285d6f, 1, 0 [(0 [0xC004F014, 0, 0], [(?)(?)(?)(?)(?)(?)(?)(?)])(1 )(2 )(3 )] 41: 97cde3ae-e908-4b59-ac96-a17645c5b57e, 1, 0 [(0 [0xC004F014, 0, 0], [(?)(?)(?)(?)(?)(?)(?)(?)])(1 )(2 )(3 )] 42: a48938aa-62fa-4966-9d44-9f04da3f72f2, 1, 0 [(0 [0xC004F014, 0, 0], [(?)(?)(?)(?)(?)(?)(?)(?)])(1 )(2 )(3 )] 43: b0773a15-df3a-4312-9ad2-83d69648e356, 1, 0 [(0 [0xC004F014, 0, 0], [(?)(?)(?)(?)(?)(?)(?)(?)])(1 )(2 )(3 )] 44: b4bfe195-541e-4e64-ad23-6177f19e395e, 1, 0 [(0 [0xC004F014, 0, 0], [(?)(?)(?)(?)(?)(?)(?)(?)])(1 )(2 )(3 )] 45: b68e61d2-68ca-4757-be45-0cc2f3e68eee, 1, 0 [(0 [0xC004F014, 0, 0], [(?)(?)(?)(?)(?)(?)(?)(?)])(1 )(2 )(3 )] 46: bd3762d7-270d-4760-8fb3-d829ca45278a, 1, 0 [(0 [0xC004F014, 0, 0], [(?)(?)(?)(?)(?)(?)(?)(?)])(1 )(2 )(3 )] 47: c86d5194-4840-4dae-9c1c-0301003a5ab0, 1, 0 [(0 [0xC004F014, 0, 0], [(?)(?)(?)(?)(?)(?)(?)(?)])(1 )(2 )(3 )] 48: ca7df2e3-5ea0-47b8-9ac1-b1be4d8edd69, 1, 0 [(0 [0xC004F014, 0, 0], [(?)(?)(?)(?)(?)(?)(?)(?)])(1 )(2 )(3 )] 49: d552befb-48cc-4327-8f39-47d2d94f987c, 1, 0 [(0 [0xC004F014, 0, 0], [(?)(?)(?)(?)(?)(?)(?)(?)])(1 )(2 )(3 )] 50: d6eadb3b-5ca8-4a6b-986e-35b550756111, 1, 0 [(0 [0xC004F014, 0, 0], [(?)(?)(?)(?)(?)(?)(?)(?)])(1 )(2 )(3 )] 51: df96023b-dcd9-4be2-afa0-c6c871159ebe, 1, 0 [(0 [0xC004F014, 0, 0], [(?)(?)(?)(?)(?)(?)(?)(?)])(1 )(2 )(3 )] 52: e0c42288-980c-4788-a014-c080d2e1926e, 1, 0 [(0 [0xC004F014, 0, 0], [(?)(?)(?)(?)(?)(?)(?)(?)])(1 )(2 )(3 )] 53: e4db50ea-bda1-4566-b047-0ca50abc6f07, 1, 0 [(0 [0xC004F014, 0, 0], [(?)(?)(?)(?)(?)(?)(?)(?)])(1 )(2 )(3 )] 54: e558417a-5123-4f6f-91e7-385c1c7ca9d4, 1, 0 [(0 [0xC004F014, 0, 0], [(?)(?)(?)(?)(?)(?)(?)(?)])(1 )(2 )(3 )] 55: e7a950a2-e548-4f10-bf16-02ec848e0643, 1, 0 [(0 [0xC004F014, 0, 0], [(?)(?)(?)(?)(?)(?)(?)(?)])(1 )(2 )(3 )] 56: eb6d346f-1c60-4643-b960-40ec31596c45, 1, 0 [(0 [0xC004F014, 0, 0], [(?)(?)(?)(?)(?)(?)(?)(?)])(1 )(2 )(3 )] 57: ec868e65-fadf-4759-b23e-93fe37f2cc29, 1, 0 [(0 [0xC004F014, 0, 0], [(?)(?)(?)(?)(?)(?)(?)(?)])(1 )(2 )(3 )] 58: ef51e000-2659-4f25-8345-3de70a9cf4c4, 1, 0 [(0 [0xC004F014, 0, 0], [(?)(?)(?)(?)(?)(?)(?)(?)])(1 )(2 )(3 )] 59: f7af7d09-40e4-419c-a49b-eae366689ebd, 1, 0 [(0 [0xC004F014, 0, 0], [(?)(?)(?)(?)(?)(?)(?)(?)])(1 )(2 )(3 )] 60: fa755fe6-6739-40b9-8d84-6d0ea3b6d1ab, 1, 0 [(0 [0xC004F014, 0, 0], [(?)(?)(?)(?)(?)(?)(?)(?)])(1 )(2 )(3 )] 61: fe74f55b-0338-41d6-b267-4a201abe7285, 1, 0 [(0 [0xC004F014, 0, 0], [(?)(?)(?)(?)(?)(?)(?)(?)])(1 )(2 )(3 )]"
"9/9/2026 7:38:58 PM","1066","Information","Microsoft-Windows-Security-SPP","CRASHLAB-01","Initialization status for service objects. C:\WINDOWS\system32\sppwinob.dll, msft:spp/windowsfunctionality/agent/7.0, 0x00000000, 0x00000000 C:\WINDOWS\system32\sppobjs.dll, msft:rm/algorithm/inherited/1.0, 0x00000000, 0x00000000 C:\WINDOWS\system32\sppobjs.dll, msft:rm/algorithm/phone/1.0, 0x00000000, 0x00000000 C:\WINDOWS\system32\sppobjs.dll, msft:rm/algorithm/pkey/detect, 0x00000000, 0x00000000 C:\WINDOWS\system32\sppobjs.dll, msft:spp/ActionScheduler/1.0, 0x00000000, 0x00000000 C:\WINDOWS\system32\sppobjs.dll, msft:spp/TaskScheduler/1.0, 0x00000000, 0x00000000 C:\WINDOWS\system32\sppobjs.dll, msft:spp/statecollector/pkey, 0x00000000, 0x00000000 C:\WINDOWS\system32\sppobjs.dll, msft:spp/volume/services/kms/1.0, 0x00000000, 0x00000000 C:\WINDOWS\system32\sppobjs.dll, msft:spp/volume/services/kms/activationinfo/1.0, 0x00000000, 0x00000000"
"9/9/2026 7:38:57 PM","16394","Information","Microsoft-Windows-Security-SPP","CRASHLAB-01","Offline downlevel migration succeeded."
"9/9/2026 7:38:57 PM","900","Information","Microsoft-Windows-Security-SPP","CRASHLAB-01","The Software Protection service is starting. Parameters:TriggerStarted:6"
"9/9/2026 7:38:56 PM","5615","Information","Microsoft-Windows-WMI","CRASHLAB-01","Windows Management Instrumentation Service started sucessfully"
"9/9/2026 7:38:55 PM","1531","Information","Microsoft-Windows-User Profiles Service","CRASHLAB-01","The User Profile Service has started successfully."
"9/9/2026 7:38:55 PM","4625","Information","Microsoft-Windows-EventSystem","CRASHLAB-01","The EventSystem sub system is suppressing duplicate event log entries for a duration of 86400 seconds. The suppression timeout can be controlled by a REG_DWORD value named SuppressDuplicateDuration under the following registry key: HKLM\Software\Microsoft\EventSystem\EventLog."
"9/9/2026 2:38:06 PM","1532","Information","Microsoft-Windows-User Profiles Service","CRASHLAB-01","The User Profile Service has stopped."
"9/9/2026 2:38:06 PM","6000","Information","Microsoft-Windows-Winlogon","CRASHLAB-01","The winlogon notification subscriber <SessionEnv> was unavailable to handle a notification event."
"9/9/2026 2:38:06 PM","6000","Information","Microsoft-Windows-Winlogon","CRASHLAB-01","The winlogon notification subscriber <WSearch> was unavailable to handle a notification event."
"9/9/2026 2:37:36 PM","256","Information","Edge","CRASHLAB-01","[8468:8548:0909/143736.281:INFO:chrome\browser\extensions\extension_garbage_collector.cc:188] Garbage collection for extensions on file thread is complete."
"9/9/2026 2:37:24 PM","903","Information","Microsoft-Windows-Security-SPP","CRASHLAB-01","The Software Protection service has stopped."
"9/9/2026 2:37:24 PM","16384","Information","Microsoft-Windows-Security-SPP","CRASHLAB-01","Successfully scheduled Software Protection service for re-start at 2026-09-10T21:36:24Z. Reason: RulesEngine."
"9/9/2026 2:36:50 PM","1003","Information","Microsoft-Windows-Search","CRASHLAB-01","The Windows Search Service started."
"9/9/2026 2:36:42 PM","8198","Error","Microsoft-Windows-Security-SPP","CRASHLAB-01","License Activation (slui.exe) failed with the following error code: hr=0x803F7001 Command-line arguments: RuleId=31e71c49-8da7-4a2f-ad92-45d98a1c79ba;Action=AutoActivate;AppId=55c92734-d682-4d71-983e-d6ec3f16059f;SkuId=4de7cb65-cdf1-4de9-8ae8-e3cce27b9f2c;NotificationInterval=1440;Trigger=UserLogon;SessionId=1"
"9/9/2026 2:36:42 PM","1003","Information","Microsoft-Windows-Security-SPP","CRASHLAB-01","The Software Protection service has completed licensing status check. Application Id=55c92734-d682-4d71-983e-d6ec3f16059f Licensing Status= 1: 01eb852c-424d-4060-94b8-c10d799d7364, 1, 0 [(0 [0xC004F014, 0, 0], [(?)(?)(?)(?)(?)(?)(?)(?)])(1 )(2 )(3 )] 2: 040fa323-92b1-4baf-97a2-5b67feaefddb, 1, 0 [(0 [0xC004F014, 0, 0], [(?)(?)(?)(?)(?)(?)(?)(?)])(1 )(2 )(3 )] 3: 0724cb7d-3437-4cb7-93cb-830375d0079d, 1, 0 [(0 [0xC004F014, 0, 0], [(?)(?)(?)(?)(?)(?)(?)(?)])(1 )(2 )(3 )] 4: 0ad2ac98-7bb9-4201-8d92-312299201369, 1, 0 [(0 [0xC004F014, 0, 0], [(?)(?)(?)(?)(?)(?)(?)(?)])(1 )(2 )(3 )] 5: 19de9b2f-0166-4abb-9534-56ea69a80edb, 1, 0 [(0 [0xC004F014, 0, 0], [(?)(?)(?)(?)(?)(?)(?)(?)])(1 )(2 )(3 )] 6: 1a9a717a-cf13-4ba5-83c3-0fe25fa868d5, 1, 0 [(0 [0xC004F014, 0, 0], [(?)(?)(?)(?)(?)(?)(?)(?)])(1 )(2 )(3 )] 7: 221a02da-e2a1-4b75-864c-0a4410a33fdf, 1, 0 [(0 [0xC004F014, 0, 0], [(?)(?)(?)(?)(?)(?)(?)(?)])(1 )(2 )(3 )] 8: 265f3fad-6a1c-4bdd-ae30-c75efa556ccb, 1, 0 [(0 [0xC004F014, 0, 0], [(?)(?)(?)(?)(?)(?)(?)(?)])(1 )(2 )(3 )] 9: 291ece0e-9c38-40ca-a9e1-32cc7ec19507, 1, 0 [(0 [0xC004F014, 0, 0], [(?)(?)(?)(?)(?)(?)(?)(?)])(1 )(2 )(3 )] 10: 2936d1d2-913a-4542-b54e-ce5a602a2a38, 1, 0 [(0 [0xC004F014, 0, 0], [(?)(?)(?)(?)(?)(?)(?)(?)])(1 )(2 )(3 )] 11: 2c293c26-a45a-4a2a-a350-c69a67097529, 1, 0 [(0 [0xC004F014, 0, 0], [(?)(?)(?)(?)(?)(?)(?)(?)])(1 )(2 )(3 )] 12: 2de67392-b7a7-462a-b1ca-108dd189f588, 1, 0 [(0 [0xC004F014, 0, 0], [(?)(?)(?)(?)(?)(?)(?)(?)])(1 )(2 )(3 )] 13: 2ffd8952-423e-4903-b993-72a1aa44cf82, 1, 0 [(0 [0xC004F014, 0, 0], [(?)(?)(?)(?)(?)(?)(?)(?)])(1 )(2 )(3 )] 14: 30a42c86-b7a0-4a34-8c90-ff177cb2acb7, 1, 0 [(0 [0xC004F014, 0, 0], [(?)(?)(?)(?)(?)(?)(?)(?)])(1 )(2 )(3 )] 15: 345a5db0-d94f-4e3b-a0c0-7c42f7bc3ebf, 1, 0 [(0 [0xC004F014, 0, 0], [(?)(?)(?)(?)(?)(?)(?)(?)])(1 )(2 )(3 )] 16: 3502365a-f88a-4ba4-822a-5769d3073b65, 1, 0 [(0 [0xC004F014, 0, 0], [(?)(?)(?)(?)(?)(?)(?)(?)])(1 )(2 )(3 )] 17: 377333b1-8b5d-48d6-9679-1225c872d37c, 1, 0 [(0 [0xC004F014, 0, 0], [(?)(?)(?)(?)(?)(?)(?)(?)])(1 )(2 )(3 )] 18: 3df374ef-d444-4494-a5a1-4b0d9fd0e203, 1, 0 [(0 [0xC004F014, 0, 0], [(?)(?)(?)(?)(?)(?)(?)(?)])(1 )(2 )(3 )] 19: 3ebce241-ea87-4946-8a4f-80d00e921dff, 1, 0 [(0 [0xC004F014, 0, 0], [(?)(?)(?)(?)(?)(?)(?)(?)])(1 )(2 )(3 )] 20: 3f1afc82-f8ac-4f6c-8005-1d233e606eee, 1, 0 [(0 [0xC004F014, 0, 0], [(?)(?)(?)(?)(?)(?)(?)(?)])(1 )(2 )(3 )] 21: 4322a811-697c-44dc-865e-3e2fdcb86009, 1, 0 [(0 [0xC004F014, 0, 0], [(?)(?)(?)(?)(?)(?)(?)(?)])(1 )(2 )(3 )] 22: 49cd895b-53b2-4dc4-a5f7-b18aa019ad37, 1, 0 [(0 [0xC004F014, 0, 0], [(?)(?)(?)(?)(?)(?)(?)(?)])(1 )(2 )(3 )] 23: 4de7cb65-cdf1-4de9-8ae8-e3cce27b9f2c, 1, 1 [(0 )(1 )(2 [0xC004E003, 0, 0], [( 1 0xC004F034)( 1 0xC004F034)(?)(?)(?)(?)(?)(?)])(3 [0x00000000, 0, 0], [( 6 0xC004F009 0 0)( 1 0x00000000)( 6 0xC004F009 0 0)(?)(?)(?)( 10 0x00000000 msft:rm/algorithm/flags/1.0)( 11 0x00000000 0xC004F034)])] 24: 4f3da0d2-271d-4508-ae81-626b60809a38, 1, 0 [(0 [0xC004F014, 0, 0], [(?)(?)(?)(?)(?)(?)(?)(?)])(1 )(2 )(3 )] 25: 5d78c4e9-aeb3-4b40-8ac2-6a6005e0ad6d, 1, 0 [(0 [0xC004F014, 0, 0], [(?)(?)(?)(?)(?)(?)(?)(?)])(1 )(2 )(3 )] 26: 60b3ec1b-9545-4921-821f-311b129dd6f6, 1, 0 [(0 [0xC004F014, 0, 0], [(?)(?)(?)(?)(?)(?)(?)(?)])(1 )(2 )(3 )] 27: 613d217f-7f13-4268-9907-1662339531cd, 1, 0 [(0 [0xC004F014, 0, 0], [(?)(?)(?)(?)(?)(?)(?)(?)])(1 )(2 )(3 )] 28: 62f0c100-9c53-4e02-b886-a3528ddfe7f6, 1, 0 [(0 [0xC004F014, 0, 0], [(?)(?)(?)(?)(?)(?)(?)(?)])(1 )(2 )(3 )] 29: 6365275e-368d-46ca-a0ef-fc0404119333, 1, 0 [(0 [0xC004F014, 0, 0], [(?)(?)(?)(?)(?)(?)(?)(?)])(1 )(2 )(3 )] 30: 721f9237-9341-4453-a661-09e8baa6cca5, 1, 0 [(0 [0xC004F014, 0, 0], [(?)(?)(?)(?)(?)(?)(?)(?)])(1 )(2 )(3 )] 31: 73111121-5638-40f6-bc11-f1d7b0d64300, 1, 0 [(0 [0xC004F014, 0, 0], [(?)(?)(?)(?)(?)(?)(?)(?)])(1 )(2 )(3 )] 32: 7a802526-4c94-4bd1-ba14-835a1aca2120, 1, 0 [(0 [0xC004F014, 0, 0], [(?)(?)(?)(?)(?)(?)(?)(?)])(1 )(2 )(3 )] 33: 7cb546c0-c7d5-44d8-9a5c-69ecdd782b69, 1, 0 [(0 [0xC004F014, 0, 0], [(?)(?)(?)(?)(?)(?)(?)(?)])(1 )(2 )(3 )] 34: 80083eae-7031-4394-9e88-4901973d56fe, 1, 0 [(0 [0xC004F014, 0, 0], [(?)(?)(?)(?)(?)(?)(?)(?)])(1 )(2 )(3 )] 35: 82bbc092-bc50-4e16-8e18-b74fc486aec3, 1, 0 [(0 [0xC004F014, 0, 0], [(?)(?)(?)(?)(?)(?)(?)(?)])(1 )(2 )(3 )] 36: 8ab9bdd1-1f67-4997-82d9-8878520837d9, 1, 0 [(0 [0xC004F014, 0, 0], [(?)(?)(?)(?)(?)(?)(?)(?)])(1 )(2 )(3 )] 37: 8b351c9c-f398-4515-9900-09df49427262, 1, 0 [(0 [0xC004F014, 0, 0], [(?)(?)(?)(?)(?)(?)(?)(?)])(1 )(2 )(3 )] 38: 90da7373-1c51-430b-bf26-c97e9c5cdc31, 1, 0 [(0 [0xC004F014, 0, 0], [(?)(?)(?)(?)(?)(?)(?)(?)])(1 )(2 )(3 )] 39: 92fb8726-92a8-4ffc-94ce-f82e07444653, 1, 0 [(0 [0xC004F014, 0, 0], [(?)(?)(?)(?)(?)(?)(?)(?)])(1 )(2 )(3 )] 40: 95dca82f-385d-4d39-b85b-5c73fa285d6f, 1, 0 [(0 [0xC004F014, 0, 0], [(?)(?)(?)(?)(?)(?)(?)(?)])(1 )(2 )(3 )] 41: 97cde3ae-e908-4b59-ac96-a17645c5b57e, 1, 0 [(0 [0xC004F014, 0, 0], [(?)(?)(?)(?)(?)(?)(?)(?)])(1 )(2 )(3 )] 42: a48938aa-62fa-4966-9d44-9f04da3f72f2, 1, 0 [(0 [0xC004F014, 0, 0], [(?)(?)(?)(?)(?)(?)(?)(?)])(1 )(2 )(3 )] 43: b0773a15-df3a-4312-9ad2-83d69648e356, 1, 0 [(0 [0xC004F014, 0, 0], [(?)(?)(?)(?)(?)(?)(?)(?)])(1 )(2 )(3 )] 44: b4bfe195-541e-4e64-ad23-6177f19e395e, 1, 0 [(0 [0xC004F014, 0, 0], [(?)(?)(?)(?)(?)(?)(?)(?)])(1 )(2 )(3 )] 45: b68e61d2-68ca-4757-be45-0cc2f3e68eee, 1, 0 [(0 [0xC004F014, 0, 0], [(?)(?)(?)(?)(?)(?)(?)(?)])(1 )(2 )(3 )] 46: bd3762d7-270d-4760-8fb3-d829ca45278a, 1, 0 [(0 [0xC004F014, 0, 0], [(?)(?)(?)(?)(?)(?)(?)(?)])(1 )(2 )(3 )] 47: c86d5194-4840-4dae-9c1c-0301003a5ab0, 1, 0 [(0 [0xC004F014, 0, 0], [(?)(?)(?)(?)(?)(?)(?)(?)])(1 )(2 )(3 )] 48: ca7df2e3-5ea0-47b8-9ac1-b1be4d8edd69, 1, 0 [(0 [0xC004F014, 0, 0], [(?)(?)(?)(?)(?)(?)(?)(?)])(1 )(2 )(3 )] 49: d552befb-48cc-4327-8f39-47d2d94f987c, 1, 0 [(0 [0xC004F014, 0, 0], [(?)(?)(?)(?)(?)(?)(?)(?)])(1 )(2 )(3 )] 50: d6eadb3b-5ca8-4a6b-986e-35b550756111, 1, 0 [(0 [0xC004F014, 0, 0], [(?)(?)(?)(?)(?)(?)(?)(?)])(1 )(2 )(3 )] 51: df96023b-dcd9-4be2-afa0-c6c871159ebe, 1, 0 [(0 [0xC004F014, 0, 0], [(?)(?)(?)(?)(?)(?)(?)(?)])(1 )(2 )(3 )] 52: e0c42288-980c-4788-a014-c080d2e1926e, 1, 0 [(0 [0xC004F014, 0, 0], [(?)(?)(?)(?)(?)(?)(?)(?)])(1 )(2 )(3 )] 53: e4db50ea-bda1-4566-b047-0ca50abc6f07, 1, 0 [(0 [0xC004F014, 0, 0], [(?)(?)(?)(?)(?)(?)(?)(?)])(1 )(2 )(3 )] 54: e558417a-5123-4f6f-91e7-385c1c7ca9d4, 1, 0 [(0 [0xC004F014, 0, 0], [(?)(?)(?)(?)(?)(?)(?)(?)])(1 )(2 )(3 )] 55: e7a950a2-e548-4f10-bf16-02ec848e0643, 1, 0 [(0 [0xC004F014, 0, 0], [(?)(?)(?)(?)(?)(?)(?)(?)])(1 )(2 )(3 )] 56: eb6d346f-1c60-4643-b960-40ec31596c45, 1, 0 [(0 [0xC004F014, 0, 0], [(?)(?)(?)(?)(?)(?)(?)(?)])(1 )(2 )(3 )] 57: ec868e65-fadf-4759-b23e-93fe37f2cc29, 1, 0 [(0 [0xC004F014, 0, 0], [(?)(?)(?)(?)(?)(?)(?)(?)])(1 )(2 )(3 )] 58: ef51e000-2659-4f25-8345-3de70a9cf4c4, 1, 0 [(0 [0xC004F014, 0, 0], [(?)(?)(?)(?)(?)(?)(?)(?)])(1 )(2 )(3 )] 59: f7af7d09-40e4-419c-a49b-eae366689ebd, 1, 0 [(0 [0xC004F014, 0, 0], [(?)(?)(?)(?)(?)(?)(?)(?)])(1 )(2 )(3 )] 60: fa755fe6-6739-40b9-8d84-6d0ea3b6d1ab, 1, 0 [(0 [0xC004F014, 0, 0], [(?)(?)(?)(?)(?)(?)(?)(?)])(1 )(2 )(3 )] 61: fe74f55b-0338-41d6-b267-4a201abe7285, 1, 0 [(0 [0xC004F014, 0, 0], [(?)(?)(?)(?)(?)(?)(?)(?)])(1 )(2 )(3 )]"
"9/9/2026 2:36:42 PM","1003","Information","Microsoft-Windows-Security-SPP","CRASHLAB-01","The Software Protection service has completed licensing status check. Application Id=55c92734-d682-4d71-983e-d6ec3f16059f Licensing Status= 1: 01eb852c-424d-4060-94b8-c10d799d7364, 1, 0 [(0 [0xC004F014, 0, 0], [(?)(?)(?)(?)(?)(?)(?)(?)])(1 )(2 )(3 )] 2: 040fa323-92b1-4baf-97a2-5b67feaefddb, 1, 0 [(0 [0xC004F014, 0, 0], [(?)(?)(?)(?)(?)(?)(?)(?)])(1 )(2 )(3 )] 3: 0724cb7d-3437-4cb7-93cb-830375d0079d, 1, 0 [(0 [0xC004F014, 0, 0], [(?)(?)(?)(?)(?)(?)(?)(?)])(1 )(2 )(3 )] 4: 0ad2ac98-7bb9-4201-8d92-312299201369, 1, 0 [(0 [0xC004F014, 0, 0], [(?)(?)(?)(?)(?)(?)(?)(?)])(1 )(2 )(3 )] 5: 19de9b2f-0166-4abb-9534-56ea69a80edb, 1, 0 [(0 [0xC004F014, 0, 0], [(?)(?)(?)(?)(?)(?)(?)(?)])(1 )(2 )(3 )] 6: 1a9a717a-cf13-4ba5-83c3-0fe25fa868d5, 1, 0 [(0 [0xC004F014, 0, 0], [(?)(?)(?)(?)(?)(?)(?)(?)])(1 )(2 )(3 )] 7: 221a02da-e2a1-4b75-864c-0a4410a33fdf, 1, 0 [(0 [0xC004F014, 0, 0], [(?)(?)(?)(?)(?)(?)(?)(?)])(1 )(2 )(3 )] 8: 265f3fad-6a1c-4bdd-ae30-c75efa556ccb, 1, 0 [(0 [0xC004F014, 0, 0], [(?)(?)(?)(?)(?)(?)(?)(?)])(1 )(2 )(3 )] 9: 291ece0e-9c38-40ca-a9e1-32cc7ec19507, 1, 0 [(0 [0xC004F014, 0, 0], [(?)(?)(?)(?)(?)(?)(?)(?)])(1 )(2 )(3 )] 10: 2936d1d2-913a-4542-b54e-ce5a602a2a38, 1, 0 [(0 [0xC004F014, 0, 0], [(?)(?)(?)(?)(?)(?)(?)(?)])(1 )(2 )(3 )] 11: 2c293c26-a45a-4a2a-a350-c69a67097529, 1, 0 [(0 [0xC004F014, 0, 0], [(?)(?)(?)(?)(?)(?)(?)(?)])(1 )(2 )(3 )] 12: 2de67392-b7a7-462a-b1ca-108dd189f588, 1, 0 [(0 [0xC004F014, 0, 0], [(?)(?)(?)(?)(?)(?)(?)(?)])(1 )(2 )(3 )] 13: 2ffd8952-423e-4903-b993-72a1aa44cf82, 1, 0 [(0 [0xC004F014, 0, 0], [(?)(?)(?)(?)(?)(?)(?)(?)])(1 )(2 )(3 )] 14: 30a42c86-b7a0-4a34-8c90-ff177cb2acb7, 1, 0 [(0 [0xC004F014, 0, 0], [(?)(?)(?)(?)(?)(?)(?)(?)])(1 )(2 )(3 )] 15: 345a5db0-d94f-4e3b-a0c0-7c42f7bc3ebf, 1, 0 [(0 [0xC004F014, 0, 0], [(?)(?)(?)(?)(?)(?)(?)(?)])(1 )(2 )(3 )] 16: 3502365a-f88a-4ba4-822a-5769d3073b65, 1, 0 [(0 [0xC004F014, 0, 0], [(?)(?)(?)(?)(?)(?)(?)(?)])(1 )(2 )(3 )] 17: 377333b1-8b5d-48d6-9679-1225c872d37c, 1, 0 [(0 [0xC004F014, 0, 0], [(?)(?)(?)(?)(?)(?)(?)(?)])(1 )(2 )(3 )] 18: 3df374ef-d444-4494-a5a1-4b0d9fd0e203, 1, 0 [(0 [0xC004F014, 0, 0], [(?)(?)(?)(?)(?)(?)(?)(?)])(1 )(2 )(3 )] 19: 3ebce241-ea87-4946-8a4f-80d00e921dff, 1, 0 [(0 [0xC004F014, 0, 0], [(?)(?)(?)(?)(?)(?)(?)(?)])(1 )(2 )(3 )] 20: 3f1afc82-f8ac-4f6c-8005-1d233e606eee, 1, 0 [(0 [0xC004F014, 0, 0], [(?)(?)(?)(?)(?)(?)(?)(?)])(1 )(2 )(3 )] 21: 4322a811-697c-44dc-865e-3e2fdcb86009, 1, 0 [(0 [0xC004F014, 0, 0], [(?)(?)(?)(?)(?)(?)(?)(?)])(1 )(2 )(3 )] 22: 49cd895b-53b2-4dc4-a5f7-b18aa019ad37, 1, 0 [(0 [0xC004F014, 0, 0], [(?)(?)(?)(?)(?)(?)(?)(?)])(1 )(2 )(3 )] 23: 4de7cb65-cdf1-4de9-8ae8-e3cce27b9f2c, 1, 1 [(0 )(1 )(2 [0xC004E003, 0, 0], [( 1 0xC004F034)( 1 0xC004F034)(?)(?)(?)(?)(?)(?)])(3 [0x00000000, 0, 0], [( 6 0xC004F009 0 0)( 1 0x00000000)( 6 0xC004F009 0 0)(?)(?)(?)( 10 0x00000000 msft:rm/algorithm/flags/1.0)( 11 0x00000000 0xC004F034)])] 24: 4f3da0d2-271d-4508-ae81-626b60809a38, 1, 0 [(0 [0xC004F014, 0, 0], [(?)(?)(?)(?)(?)(?)(?)(?)])(1 )(2 )(3 )] 25: 5d78c4e9-aeb3-4b40-8ac2-6a6005e0ad6d, 1, 0 [(0 [0xC004F014, 0, 0], [(?)(?)(?)(?)(?)(?)(?)(?)])(1 )(2 )(3 )] 26: 60b3ec1b-9545-4921-821f-311b129dd6f6, 1, 0 [(0 [0xC004F014, 0, 0], [(?)(?)(?)(?)(?)(?)(?)(?)])(1 )(2 )(3 )] 27: 613d217f-7f13-4268-9907-1662339531cd, 1, 0 [(0 [0xC004F014, 0, 0], [(?)(?)(?)(?)(?)(?)(?)(?)])(1 )(2 )(3 )] 28: 62f0c100-9c53-4e02-b886-a3528ddfe7f6, 1, 0 [(0 [0xC004F014, 0, 0], [(?)(?)(?)(?)(?)(?)(?)(?)])(1 )(2 )(3 )] 29: 6365275e-368d-46ca-a0ef-fc0404119333, 1, 0 [(0 [0xC004F014, 0, 0], [(?)(?)(?)(?)(?)(?)(?)(?)])(1 )(2 )(3 )] 30: 721f9237-9341-4453-a661-09e8baa6cca5, 1, 0 [(0 [0xC004F014, 0, 0], [(?)(?)(?)(?)(?)(?)(?)(?)])(1 )(2 )(3 )] 31: 73111121-5638-40f6-bc11-f1d7b0d64300, 1, 0 [(0 [0xC004F014, 0, 0], [(?)(?)(?)(?)(?)(?)(?)(?)])(1 )(2 )(3 )] 32: 7a802526-4c94-4bd1-ba14-835a1aca2120, 1, 0 [(0 [0xC004F014, 0, 0], [(?)(?)(?)(?)(?)(?)(?)(?)])(1 )(2 )(3 )] 33: 7cb546c0-c7d5-44d8-9a5c-69ecdd782b69, 1, 0 [(0 [0xC004F014, 0, 0], [(?)(?)(?)(?)(?)(?)(?)(?)])(1 )(2 )(3 )] 34: 80083eae-7031-4394-9e88-4901973d56fe, 1, 0 [(0 [0xC004F014, 0, 0], [(?)(?)(?)(?)(?)(?)(?)(?)])(1 )(2 )(3 )] 35: 82bbc092-bc50-4e16-8e18-b74fc486aec3, 1, 0 [(0 [0xC004F014, 0, 0], [(?)(?)(?)(?)(?)(?)(?)(?)])(1 )(2 )(3 )] 36: 8ab9bdd1-1f67-4997-82d9-8878520837d9, 1, 0 [(0 [0xC004F014, 0, 0], [(?)(?)(?)(?)(?)(?)(?)(?)])(1 )(2 )(3 )] 37: 8b351c9c-f398-4515-9900-09df49427262, 1, 0 [(0 [0xC004F014, 0, 0], [(?)(?)(?)(?)(?)(?)(?)(?)])(1 )(2 )(3 )] 38: 90da7373-1c51-430b-bf26-c97e9c5cdc31, 1, 0 [(0 [0xC004F014, 0, 0], [(?)(?)(?)(?)(?)(?)(?)(?)])(1 )(2 )(3 )] 39: 92fb8726-92a8-4ffc-94ce-f82e07444653, 1, 0 [(0 [0xC004F014, 0, 0], [(?)(?)(?)(?)(?)(?)(?)(?)])(1 )(2 )(3 )] 40: 95dca82f-385d-4d39-b85b-5c73fa285d6f, 1, 0 [(0 [0xC004F014, 0, 0], [(?)(?)(?)(?)(?)(?)(?)(?)])(1 )(2 )(3 )] 41: 97cde3ae-e908-4b59-ac96-a17645c5b57e, 1, 0 [(0 [0xC004F014, 0, 0], [(?)(?)(?)(?)(?)(?)(?)(?)])(1 )(2 )(3 )] 42: a48938aa-62fa-4966-9d44-9f04da3f72f2, 1, 0 [(0 [0xC004F014, 0, 0], [(?)(?)(?)(?)(?)(?)(?)(?)])(1 )(2 )(3 )] 43: b0773a15-df3a-4312-9ad2-83d69648e356, 1, 0 [(0 [0xC004F014, 0, 0], [(?)(?)(?)(?)(?)(?)(?)(?)])(1 )(2 )(3 )] 44: b4bfe195-541e-4e64-ad23-6177f19e395e, 1, 0 [(0 [0xC004F014, 0, 0], [(?)(?)(?)(?)(?)(?)(?)(?)])(1 )(2 )(3 )] 45: b68e61d2-68ca-4757-be45-0cc2f3e68eee, 1, 0 [(0 [0xC004F014, 0, 0], [(?)(?)(?)(?)(?)(?)(?)(?)])(1 )(2 )(3 )] 46: bd3762d7-270d-4760-8fb3-d829ca45278a, 1, 0 [(0 [0xC004F014, 0, 0], [(?)(?)(?)(?)(?)(?)(?)(?)])(1 )(2 )(3 )] 47: c86d5194-4840-4dae-9c1c-0301003a5ab0, 1, 0 [(0 [0xC004F014, 0, 0], [(?)(?)(?)(?)(?)(?)(?)(?)])(1 )(2 )(3 )] 48: ca7df2e3-5ea0-47b8-9ac1-b1be4d8edd69, 1, 0 [(0 [0xC004F014, 0, 0], [(?)(?)(?)(?)(?)(?)(?)(?)])(1 )(2 )(3 )] 49: d552befb-48cc-4327-8f39-47d2d94f987c, 1, 0 [(0 [0xC004F014, 0, 0], [(?)(?)(?)(?)(?)(?)(?)(?)])(1 )(2 )(3 )] 50: d6eadb3b-5ca8-4a6b-986e-35b550756111, 1, 0 [(0 [0xC004F014, 0, 0], [(?)(?)(?)(?)(?)(?)(?)(?)])(1 )(2 )(3 )] 51: df96023b-dcd9-4be2-afa0-c6c871159ebe, 1, 0 [(0 [0xC004F014, 0, 0], [(?)(?)(?)(?)(?)(?)(?)(?)])(1 )(2 )(3 )] 52: e0c42288-980c-4788-a014-c080d2e1926e, 1, 0 [(0 [0xC004F014, 0, 0], [(?)(?)(?)(?)(?)(?)(?)(?)])(1 )(2 )(3 )] 53: e4db50ea-bda1-4566-b047-0ca50abc6f07, 1, 0 [(0 [0xC004F014, 0, 0], [(?)(?)(?)(?)(?)(?)(?)(?)])(1 )(2 )(3 )] 54: e558417a-5123-4f6f-91e7-385c1c7ca9d4, 1, 0 [(0 [0xC004F014, 0, 0], [(?)(?)(?)(?)(?)(?)(?)(?)])(1 )(2 )(3 )] 55: e7a950a2-e548-4f10-bf16-02ec848e0643, 1, 0 [(0 [0xC004F014, 0, 0], [(?)(?)(?)(?)(?)(?)(?)(?)])(1 )(2 )(3 )] 56: eb6d346f-1c60-4643-b960-40ec31596c45, 1, 0 [(0 [0xC004F014, 0, 0], [(?)(?)(?)(?)(?)(?)(?)(?)])(1 )(2 )(3 )] 57: ec868e65-fadf-4759-b23e-93fe37f2cc29, 1, 0 [(0 [0xC004F014, 0, 0], [(?)(?)(?)(?)(?)(?)(?)(?)])(1 )(2 )(3 )] 58: ef51e000-2659-4f25-8345-3de70a9cf4c4, 1, 0 [(0 [0xC004F014, 0, 0], [(?)(?)(?)(?)(?)(?)(?)(?)])(1 )(2 )(3 )] 59: f7af7d09-40e4-419c-a49b-eae366689ebd, 1, 0 [(0 [0xC004F014, 0, 0], [(?)(?)(?)(?)(?)(?)(?)(?)])(1 )(2 )(3 )] 60: fa755fe6-6739-40b9-8d84-6d0ea3b6d1ab, 1, 0 [(0 [0xC004F014, 0, 0], [(?)(?)(?)(?)(?)(?)(?)(?)])(1 )(2 )(3 )] 61: fe74f55b-0338-41d6-b267-4a201abe7285, 1, 0 [(0 [0xC004F014, 0, 0], [(?)(?)(?)(?)(?)(?)(?)(?)])(1 )(2 )(3 )]"
"9/9/2026 2:36:33 PM","6000","Information","Microsoft-Windows-Winlogon","CRASHLAB-01","The winlogon notification subscriber <SessionEnv> was unavailable to handle a notification event."
"9/9/2026 2:36:32 PM","6003","Information","Microsoft-Windows-Winlogon","CRASHLAB-01","The winlogon notification subscriber <SessionEnv> was unavailable to handle a critical notification event."
"9/9/2026 2:36:29 PM","5617","Information","Microsoft-Windows-WMI","CRASHLAB-01","Windows Management Instrumentation Service subsystems initialized successfully"
"9/9/2026 2:36:26 PM","8198","Error","Microsoft-Windows-Security-SPP","CRASHLAB-01","License Activation (slui.exe) failed with the following error code: hr=0x8007139F Command-line arguments: RuleId=31e71c49-8da7-4a2f-ad92-45d98a1c79ba;Action=AutoActivate;AppId=55c92734-d682-4d71-983e-d6ec3f16059f;SkuId=4de7cb65-cdf1-4de9-8ae8-e3cce27b9f2c;NotificationInterval=1440;Trigger=NetworkAvailable"
"9/9/2026 2:36:26 PM","1003","Information","Microsoft-Windows-Security-SPP","CRASHLAB-01","The Software Protection service has completed licensing status check. Application Id=55c92734-d682-4d71-983e-d6ec3f16059f Licensing Status= 1: 01eb852c-424d-4060-94b8-c10d799d7364, 1, 0 [(0 [0xC004F014, 0, 0], [(?)(?)(?)(?)(?)(?)(?)(?)])(1 )(2 )(3 )] 2: 040fa323-92b1-4baf-97a2-5b67feaefddb, 1, 0 [(0 [0xC004F014, 0, 0], [(?)(?)(?)(?)(?)(?)(?)(?)])(1 )(2 )(3 )] 3: 0724cb7d-3437-4cb7-93cb-830375d0079d, 1, 0 [(0 [0xC004F014, 0, 0], [(?)(?)(?)(?)(?)(?)(?)(?)])(1 )(2 )(3 )] 4: 0ad2ac98-7bb9-4201-8d92-312299201369, 1, 0 [(0 [0xC004F014, 0, 0], [(?)(?)(?)(?)(?)(?)(?)(?)])(1 )(2 )(3 )] 5: 19de9b2f-0166-4abb-9534-56ea69a80edb, 1, 0 [(0 [0xC004F014, 0, 0], [(?)(?)(?)(?)(?)(?)(?)(?)])(1 )(2 )(3 )] 6: 1a9a717a-cf13-4ba5-83c3-0fe25fa868d5, 1, 0 [(0 [0xC004F014, 0, 0], [(?)(?)(?)(?)(?)(?)(?)(?)])(1 )(2 )(3 )] 7: 221a02da-e2a1-4b75-864c-0a4410a33fdf, 1, 0 [(0 [0xC004F014, 0, 0], [(?)(?)(?)(?)(?)(?)(?)(?)])(1 )(2 )(3 )] 8: 265f3fad-6a1c-4bdd-ae30-c75efa556ccb, 1, 0 [(0 [0xC004F014, 0, 0], [(?)(?)(?)(?)(?)(?)(?)(?)])(1 )(2 )(3 )] 9: 291ece0e-9c38-40ca-a9e1-32cc7ec19507, 1, 0 [(0 [0xC004F014, 0, 0], [(?)(?)(?)(?)(?)(?)(?)(?)])(1 )(2 )(3 )] 10: 2936d1d2-913a-4542-b54e-ce5a602a2a38, 1, 0 [(0 [0xC004F014, 0, 0], [(?)(?)(?)(?)(?)(?)(?)(?)])(1 )(2 )(3 )] 11: 2c293c26-a45a-4a2a-a350-c69a67097529, 1, 0 [(0 [0xC004F014, 0, 0], [(?)(?)(?)(?)(?)(?)(?)(?)])(1 )(2 )(3 )] 12: 2de67392-b7a7-462a-b1ca-108dd189f588, 1, 0 [(0 [0xC004F014, 0, 0], [(?)(?)(?)(?)(?)(?)(?)(?)])(1 )(2 )(3 )] 13: 2ffd8952-423e-4903-b993-72a1aa44cf82, 1, 0 [(0 [0xC004F014, 0, 0], [(?)(?)(?)(?)(?)(?)(?)(?)])(1 )(2 )(3 )] 14: 30a42c86-b7a0-4a34-8c90-ff177cb2acb7, 1, 0 [(0 [0xC004F014, 0, 0], [(?)(?)(?)(?)(?)(?)(?)(?)])(1 )(2 )(3 )] 15: 345a5db0-d94f-4e3b-a0c0-7c42f7bc3ebf, 1, 0 [(0 [0xC004F014, 0, 0], [(?)(?)(?)(?)(?)(?)(?)(?)])(1 )(2 )(3 )] 16: 3502365a-f88a-4ba4-822a-5769d3073b65, 1, 0 [(0 [0xC004F014, 0, 0], [(?)(?)(?)(?)(?)(?)(?)(?)])(1 )(2 )(3 )] 17: 377333b1-8b5d-48d6-9679-1225c872d37c, 1, 0 [(0 [0xC004F014, 0, 0], [(?)(?)(?)(?)(?)(?)(?)(?)])(1 )(2 )(3 )] 18: 3df374ef-d444-4494-a5a1-4b0d9fd0e203, 1, 0 [(0 [0xC004F014, 0, 0], [(?)(?)(?)(?)(?)(?)(?)(?)])(1 )(2 )(3 )] 19: 3ebce241-ea87-4946-8a4f-80d00e921dff, 1, 0 [(0 [0xC004F014, 0, 0], [(?)(?)(?)(?)(?)(?)(?)(?)])(1 )(2 )(3 )] 20: 3f1afc82-f8ac-4f6c-8005-1d233e606eee, 1, 0 [(0 [0xC004F014, 0, 0], [(?)(?)(?)(?)(?)(?)(?)(?)])(1 )(2 )(3 )] 21: 4322a811-697c-44dc-865e-3e2fdcb86009, 1, 0 [(0 [0xC004F014, 0, 0], [(?)(?)(?)(?)(?)(?)(?)(?)])(1 )(2 )(3 )] 22: 49cd895b-53b2-4dc4-a5f7-b18aa019ad37, 1, 0 [(0 [0xC004F014, 0, 0], [(?)(?)(?)(?)(?)(?)(?)(?)])(1 )(2 )(3 )] 23: 4de7cb65-cdf1-4de9-8ae8-e3cce27b9f2c, 1, 1 [(0 )(1 )(2 [0xC004E003, 0, 0], [( 1 0xC004F034)( 1 0xC004F034)(?)(?)(?)(?)(?)(?)])(3 [0x00000000, 0, 0], [( 6 0xC004F009 0 0)( 1 0x00000000)( 6 0xC004F009 0 0)(?)(?)(?)( 10 0x00000000 msft:rm/algorithm/flags/1.0)( 11 0x00000000 0xC004F034)])] 24: 4f3da0d2-271d-4508-ae81-626b60809a38, 1, 0 [(0 [0xC004F014, 0, 0], [(?)(?)(?)(?)(?)(?)(?)(?)])(1 )(2 )(3 )] 25: 5d78c4e9-aeb3-4b40-8ac2-6a6005e0ad6d, 1, 0 [(0 [0xC004F014, 0, 0], [(?)(?)(?)(?)(?)(?)(?)(?)])(1 )(2 )(3 )] 26: 60b3ec1b-9545-4921-821f-311b129dd6f6, 1, 0 [(0 [0xC004F014, 0, 0], [(?)(?)(?)(?)(?)(?)(?)(?)])(1 )(2 )(3 )] 27: 613d217f-7f13-4268-9907-1662339531cd, 1, 0 [(0 [0xC004F014, 0, 0], [(?)(?)(?)(?)(?)(?)(?)(?)])(1 )(2 )(3 )] 28: 62f0c100-9c53-4e02-b886-a3528ddfe7f6, 1, 0 [(0 [0xC004F014, 0, 0], [(?)(?)(?)(?)(?)(?)(?)(?)])(1 )(2 )(3 )] 29: 6365275e-368d-46ca-a0ef-fc0404119333, 1, 0 [(0 [0xC004F014, 0, 0], [(?)(?)(?)(?)(?)(?)(?)(?)])(1 )(2 )(3 )] 30: 721f9237-9341-4453-a661-09e8baa6cca5, 1, 0 [(0 [0xC004F014, 0, 0], [(?)(?)(?)(?)(?)(?)(?)(?)])(1 )(2 )(3 )] 31: 73111121-5638-40f6-bc11-f1d7b0d64300, 1, 0 [(0 [0xC004F014, 0, 0], [(?)(?)(?)(?)(?)(?)(?)(?)])(1 )(2 )(3 )] 32: 7a802526-4c94-4bd1-ba14-835a1aca2120, 1, 0 [(0 [0xC004F014, 0, 0], [(?)(?)(?)(?)(?)(?)(?)(?)])(1 )(2 )(3 )] 33: 7cb546c0-c7d5-44d8-9a5c-69ecdd782b69, 1, 0 [(0 [0xC004F014, 0, 0], [(?)(?)(?)(?)(?)(?)(?)(?)])(1 )(2 )(3 )] 34: 80083eae-7031-4394-9e88-4901973d56fe, 1, 0 [(0 [0xC004F014, 0, 0], [(?)(?)(?)(?)(?)(?)(?)(?)])(1 )(2 )(3 )] 35: 82bbc092-bc50-4e16-8e18-b74fc486aec3, 1, 0 [(0 [0xC004F014, 0, 0], [(?)(?)(?)(?)(?)(?)(?)(?)])(1 )(2 )(3 )] 36: 8ab9bdd1-1f67-4997-82d9-8878520837d9, 1, 0 [(0 [0xC004F014, 0, 0], [(?)(?)(?)(?)(?)(?)(?)(?)])(1 )(2 )(3 )] 37: 8b351c9c-f398-4515-9900-09df49427262, 1, 0 [(0 [0xC004F014, 0, 0], [(?)(?)(?)(?)(?)(?)(?)(?)])(1 )(2 )(3 )] 38: 90da7373-1c51-430b-bf26-c97e9c5cdc31, 1, 0 [(0 [0xC004F014, 0, 0], [(?)(?)(?)(?)(?)(?)(?)(?)])(1 )(2 )(3 )] 39: 92fb8726-92a8-4ffc-94ce-f82e07444653, 1, 0 [(0 [0xC004F014, 0, 0], [(?)(?)(?)(?)(?)(?)(?)(?)])(1 )(2 )(3 )] 40: 95dca82f-385d-4d39-b85b-5c73fa285d6f, 1, 0 [(0 [0xC004F014, 0, 0], [(?)(?)(?)(?)(?)(?)(?)(?)])(1 )(2 )(3 )] 41: 97cde3ae-e908-4b59-ac96-a17645c5b57e, 1, 0 [(0 [0xC004F014, 0, 0], [(?)(?)(?)(?)(?)(?)(?)(?)])(1 )(2 )(3 )] 42: a48938aa-62fa-4966-9d44-9f04da3f72f2, 1, 0 [(0 [0xC004F014, 0, 0], [(?)(?)(?)(?)(?)(?)(?)(?)])(1 )(2 )(3 )] 43: b0773a15-df3a-4312-9ad2-83d69648e356, 1, 0 [(0 [0xC004F014, 0, 0], [(?)(?)(?)(?)(?)(?)(?)(?)])(1 )(2 )(3 )] 44: b4bfe195-541e-4e64-ad23-6177f19e395e, 1, 0 [(0 [0xC004F014, 0, 0], [(?)(?)(?)(?)(?)(?)(?)(?)])(1 )(2 )(3 )] 45: b68e61d2-68ca-4757-be45-0cc2f3e68eee, 1, 0 [(0 [0xC004F014, 0, 0], [(?)(?)(?)(?)(?)(?)(?)(?)])(1 )(2 )(3 )] 46: bd3762d7-270d-4760-8fb3-d829ca45278a, 1, 0 [(0 [0xC004F014, 0, 0], [(?)(?)(?)(?)(?)(?)(?)(?)])(1 )(2 )(3 )] 47: c86d5194-4840-4dae-9c1c-0301003a5ab0, 1, 0 [(0 [0xC004F014, 0, 0], [(?)(?)(?)(?)(?)(?)(?)(?)])(1 )(2 )(3 )] 48: ca7df2e3-5ea0-47b8-9ac1-b1be4d8edd69, 1, 0 [(0 [0xC004F014, 0, 0], [(?)(?)(?)(?)(?)(?)(?)(?)])(1 )(2 )(3 )] 49: d552befb-48cc-4327-8f39-47d2d94f987c, 1, 0 [(0 [0xC004F014, 0, 0], [(?)(?)(?)(?)(?)(?)(?)(?)])(1 )(2 )(3 )] 50: d6eadb3b-5ca8-4a6b-986e-35b550756111, 1, 0 [(0 [0xC004F014, 0, 0], [(?)(?)(?)(?)(?)(?)(?)(?)])(1 )(2 )(3 )] 51: df96023b-dcd9-4be2-afa0-c6c871159ebe, 1, 0 [(0 [0xC004F014, 0, 0], [(?)(?)(?)(?)(?)(?)(?)(?)])(1 )(2 )(3 )] 52: e0c42288-980c-4788-a014-c080d2e1926e, 1, 0 [(0 [0xC004F014, 0, 0], [(?)(?)(?)(?)(?)(?)(?)(?)])(1 )(2 )(3 )] 53: e4db50ea-bda1-4566-b047-0ca50abc6f07, 1, 0 [(0 [0xC004F014, 0, 0], [(?)(?)(?)(?)(?)(?)(?)(?)])(1 )(2 )(3 )] 54: e558417a-5123-4f6f-91e7-385c1c7ca9d4, 1, 0 [(0 [0xC004F014, 0, 0], [(?)(?)(?)(?)(?)(?)(?)(?)])(1 )(2 )(3 )] 55: e7a950a2-e548-4f10-bf16-02ec848e0643, 1, 0 [(0 [0xC004F014, 0, 0], [(?)(?)(?)(?)(?)(?)(?)(?)])(1 )(2 )(3 )] 56: eb6d346f-1c60-4643-b960-40ec31596c45, 1, 0 [(0 [0xC004F014, 0, 0], [(?)(?)(?)(?)(?)(?)(?)(?)])(1 )(2 )(3 )] 57: ec868e65-fadf-4759-b23e-93fe37f2cc29, 1, 0 [(0 [0xC004F014, 0, 0], [(?)(?)(?)(?)(?)(?)(?)(?)])(1 )(2 )(3 )] 58: ef51e000-2659-4f25-8345-3de70a9cf4c4, 1, 0 [(0 [0xC004F014, 0, 0], [(?)(?)(?)(?)(?)(?)(?)(?)])(1 )(2 )(3 )] 59: f7af7d09-40e4-419c-a49b-eae366689ebd, 1, 0 [(0 [0xC004F014, 0, 0], [(?)(?)(?)(?)(?)(?)(?)(?)])(1 )(2 )(3 )] 60: fa755fe6-6739-40b9-8d84-6d0ea3b6d1ab, 1, 0 [(0 [0xC004F014, 0, 0], [(?)(?)(?)(?)(?)(?)(?)(?)])(1 )(2 )(3 )] 61: fe74f55b-0338-41d6-b267-4a201abe7285, 1, 0 [(0 [0xC004F014, 0, 0], [(?)(?)(?)(?)(?)(?)(?)(?)])(1 )(2 )(3 )]"
"9/9/2026 2:36:24 PM","902","Information","Microsoft-Windows-Security-SPP","CRASHLAB-01","The Software Protection service has started. 10.0.26100.8036"
"9/9/2026 2:36:24 PM","1003","Information","Microsoft-Windows-Security-SPP","CRASHLAB-01","The Software Protection service has completed licensing status check. Application Id=55c92734-d682-4d71-983e-d6ec3f16059f Licensing Status= 1: 01eb852c-424d-4060-94b8-c10d799d7364, 1, 0 [(0 [0xC004F014, 0, 0], [(?)(?)(?)(?)(?)(?)(?)(?)])(1 )(2 )(3 )] 2: 040fa323-92b1-4baf-97a2-5b67feaefddb, 1, 0 [(0 [0xC004F014, 0, 0], [(?)(?)(?)(?)(?)(?)(?)(?)])(1 )(2 )(3 )] 3: 0724cb7d-3437-4cb7-93cb-830375d0079d, 1, 0 [(0 [0xC004F014, 0, 0], [(?)(?)(?)(?)(?)(?)(?)(?)])(1 )(2 )(3 )] 4: 0ad2ac98-7bb9-4201-8d92-312299201369, 1, 0 [(0 [0xC004F014, 0, 0], [(?)(?)(?)(?)(?)(?)(?)(?)])(1 )(2 )(3 )] 5: 19de9b2f-0166-4abb-9534-56ea69a80edb, 1, 0 [(0 [0xC004F014, 0, 0], [(?)(?)(?)(?)(?)(?)(?)(?)])(1 )(2 )(3 )] 6: 1a9a717a-cf13-4ba5-83c3-0fe25fa868d5, 1, 0 [(0 [0xC004F014, 0, 0], [(?)(?)(?)(?)(?)(?)(?)(?)])(1 )(2 )(3 )] 7: 221a02da-e2a1-4b75-864c-0a4410a33fdf, 1, 0 [(0 [0xC004F014, 0, 0], [(?)(?)(?)(?)(?)(?)(?)(?)])(1 )(2 )(3 )] 8: 265f3fad-6a1c-4bdd-ae30-c75efa556ccb, 1, 0 [(0 [0xC004F014, 0, 0], [(?)(?)(?)(?)(?)(?)(?)(?)])(1 )(2 )(3 )] 9: 291ece0e-9c38-40ca-a9e1-32cc7ec19507, 1, 0 [(0 [0xC004F014, 0, 0], [(?)(?)(?)(?)(?)(?)(?)(?)])(1 )(2 )(3 )] 10: 2936d1d2-913a-4542-b54e-ce5a602a2a38, 1, 0 [(0 [0xC004F014, 0, 0], [(?)(?)(?)(?)(?)(?)(?)(?)])(1 )(2 )(3 )] 11: 2c293c26-a45a-4a2a-a350-c69a67097529, 1, 0 [(0 [0xC004F014, 0, 0], [(?)(?)(?)(?)(?)(?)(?)(?)])(1 )(2 )(3 )] 12: 2de67392-b7a7-462a-b1ca-108dd189f588, 1, 0 [(0 [0xC004F014, 0, 0], [(?)(?)(?)(?)(?)(?)(?)(?)])(1 )(2 )(3 )] 13: 2ffd8952-423e-4903-b993-72a1aa44cf82, 1, 0 [(0 [0xC004F014, 0, 0], [(?)(?)(?)(?)(?)(?)(?)(?)])(1 )(2 )(3 )] 14: 30a42c86-b7a0-4a34-8c90-ff177cb2acb7, 1, 0 [(0 [0xC004F014, 0, 0], [(?)(?)(?)(?)(?)(?)(?)(?)])(1 )(2 )(3 )] 15: 345a5db0-d94f-4e3b-a0c0-7c42f7bc3ebf, 1, 0 [(0 [0xC004F014, 0, 0], [(?)(?)(?)(?)(?)(?)(?)(?)])(1 )(2 )(3 )] 16: 3502365a-f88a-4ba4-822a-5769d3073b65, 1, 0 [(0 [0xC004F014, 0, 0], [(?)(?)(?)(?)(?)(?)(?)(?)])(1 )(2 )(3 )] 17: 377333b1-8b5d-48d6-9679-1225c872d37c, 1, 0 [(0 [0xC004F014, 0, 0], [(?)(?)(?)(?)(?)(?)(?)(?)])(1 )(2 )(3 )] 18: 3df374ef-d444-4494-a5a1-4b0d9fd0e203, 1, 0 [(0 [0xC004F014, 0, 0], [(?)(?)(?)(?)(?)(?)(?)(?)])(1 )(2 )(3 )] 19: 3ebce241-ea87-4946-8a4f-80d00e921dff, 1, 0 [(0 [0xC004F014, 0, 0], [(?)(?)(?)(?)(?)(?)(?)(?)])(1 )(2 )(3 )] 20: 3f1afc82-f8ac-4f6c-8005-1d233e606eee, 1, 0 [(0 [0xC004F014, 0, 0], [(?)(?)(?)(?)(?)(?)(?)(?)])(1 )(2 )(3 )] 21: 4322a811-697c-44dc-865e-3e2fdcb86009, 1, 0 [(0 [0xC004F014, 0, 0], [(?)(?)(?)(?)(?)(?)(?)(?)])(1 )(2 )(3 )] 22: 49cd895b-53b2-4dc4-a5f7-b18aa019ad37, 1, 0 [(0 [0xC004F014, 0, 0], [(?)(?)(?)(?)(?)(?)(?)(?)])(1 )(2 )(3 )] 23: 4de7cb65-cdf1-4de9-8ae8-e3cce27b9f2c, 1, 1 [(0 )(1 )(2 [0xC004E003, 0, 0], [( 1 0xC004F034)( 1 0xC004F034)(?)(?)(?)(?)(?)(?)])(3 [0x00000000, 0, 0], [( 6 0xC004F009 0 0)( 1 0x00000000)( 6 0xC004F009 0 0)(?)(?)(?)( 10 0x00000000 msft:rm/algorithm/flags/1.0)( 11 0x00000000 0xC004F034)])] 24: 4f3da0d2-271d-4508-ae81-626b60809a38, 1, 0 [(0 [0xC004F014, 0, 0], [(?)(?)(?)(?)(?)(?)(?)(?)])(1 )(2 )(3 )] 25: 5d78c4e9-aeb3-4b40-8ac2-6a6005e0ad6d, 1, 0 [(0 [0xC004F014, 0, 0], [(?)(?)(?)(?)(?)(?)(?)(?)])(1 )(2 )(3 )] 26: 60b3ec1b-9545-4921-821f-311b129dd6f6, 1, 0 [(0 [0xC004F014, 0, 0], [(?)(?)(?)(?)(?)(?)(?)(?)])(1 )(2 )(3 )] 27: 613d217f-7f13-4268-9907-1662339531cd, 1, 0 [(0 [0xC004F014, 0, 0], [(?)(?)(?)(?)(?)(?)(?)(?)])(1 )(2 )(3 )] 28: 62f0c100-9c53-4e02-b886-a3528ddfe7f6, 1, 0 [(0 [0xC004F014, 0, 0], [(?)(?)(?)(?)(?)(?)(?)(?)])(1 )(2 )(3 )] 29: 6365275e-368d-46ca-a0ef-fc0404119333, 1, 0 [(0 [0xC004F014, 0, 0], [(?)(?)(?)(?)(?)(?)(?)(?)])(1 )(2 )(3 )] 30: 721f9237-9341-4453-a661-09e8baa6cca5, 1, 0 [(0 [0xC004F014, 0, 0], [(?)(?)(?)(?)(?)(?)(?)(?)])(1 )(2 )(3 )] 31: 73111121-5638-40f6-bc11-f1d7b0d64300, 1, 0 [(0 [0xC004F014, 0, 0], [(?)(?)(?)(?)(?)(?)(?)(?)])(1 )(2 )(3 )] 32: 7a802526-4c94-4bd1-ba14-835a1aca2120, 1, 0 [(0 [0xC004F014, 0, 0], [(?)(?)(?)(?)(?)(?)(?)(?)])(1 )(2 )(3 )] 33: 7cb546c0-c7d5-44d8-9a5c-69ecdd782b69, 1, 0 [(0 [0xC004F014, 0, 0], [(?)(?)(?)(?)(?)(?)(?)(?)])(1 )(2 )(3 )] 34: 80083eae-7031-4394-9e88-4901973d56fe, 1, 0 [(0 [0xC004F014, 0, 0], [(?)(?)(?)(?)(?)(?)(?)(?)])(1 )(2 )(3 )] 35: 82bbc092-bc50-4e16-8e18-b74fc486aec3, 1, 0 [(0 [0xC004F014, 0, 0], [(?)(?)(?)(?)(?)(?)(?)(?)])(1 )(2 )(3 )] 36: 8ab9bdd1-1f67-4997-82d9-8878520837d9, 1, 0 [(0 [0xC004F014, 0, 0], [(?)(?)(?)(?)(?)(?)(?)(?)])(1 )(2 )(3 )] 37: 8b351c9c-f398-4515-9900-09df49427262, 1, 0 [(0 [0xC004F014, 0, 0], [(?)(?)(?)(?)(?)(?)(?)(?)])(1 )(2 )(3 )] 38: 90da7373-1c51-430b-bf26-c97e9c5cdc31, 1, 0 [(0 [0xC004F014, 0, 0], [(?)(?)(?)(?)(?)(?)(?)(?)])(1 )(2 )(3 )] 39: 92fb8726-92a8-4ffc-94ce-f82e07444653, 1, 0 [(0 [0xC004F014, 0, 0], [(?)(?)(?)(?)(?)(?)(?)(?)])(1 )(2 )(3 )] 40: 95dca82f-385d-4d39-b85b-5c73fa285d6f, 1, 0 [(0 [0xC004F014, 0, 0], [(?)(?)(?)(?)(?)(?)(?)(?)])(1 )(2 )(3 )] 41: 97cde3ae-e908-4b59-ac96-a17645c5b57e, 1, 0 [(0 [0xC004F014, 0, 0], [(?)(?)(?)(?)(?)(?)(?)(?)])(1 )(2 )(3 )] 42: a48938aa-62fa-4966-9d44-9f04da3f72f2, 1, 0 [(0 [0xC004F014, 0, 0], [(?)(?)(?)(?)(?)(?)(?)(?)])(1 )(2 )(3 )] 43: b0773a15-df3a-4312-9ad2-83d69648e356, 1, 0 [(0 [0xC004F014, 0, 0], [(?)(?)(?)(?)(?)(?)(?)(?)])(1 )(2 )(3 )] 44: b4bfe195-541e-4e64-ad23-6177f19e395e, 1, 0 [(0 [0xC004F014, 0, 0], [(?)(?)(?)(?)(?)(?)(?)(?)])(1 )(2 )(3 )] 45: b68e61d2-68ca-4757-be45-0cc2f3e68eee, 1, 0 [(0 [0xC004F014, 0, 0], [(?)(?)(?)(?)(?)(?)(?)(?)])(1 )(2 )(3 )] 46: bd3762d7-270d-4760-8fb3-d829ca45278a, 1, 0 [(0 [0xC004F014, 0, 0], [(?)(?)(?)(?)(?)(?)(?)(?)])(1 )(2 )(3 )] 47: c86d5194-4840-4dae-9c1c-0301003a5ab0, 1, 0 [(0 [0xC004F014, 0, 0], [(?)(?)(?)(?)(?)(?)(?)(?)])(1 )(2 )(3 )] 48: ca7df2e3-5ea0-47b8-9ac1-b1be4d8edd69, 1, 0 [(0 [0xC004F014, 0, 0], [(?)(?)(?)(?)(?)(?)(?)(?)])(1 )(2 )(3 )] 49: d552befb-48cc-4327-8f39-47d2d94f987c, 1, 0 [(0 [0xC004F014, 0, 0], [(?)(?)(?)(?)(?)(?)(?)(?)])(1 )(2 )(3 )] 50: d6eadb3b-5ca8-4a6b-986e-35b550756111, 1, 0 [(0 [0xC004F014, 0, 0], [(?)(?)(?)(?)(?)(?)(?)(?)])(1 )(2 )(3 )] 51: df96023b-dcd9-4be2-afa0-c6c871159ebe, 1, 0 [(0 [0xC004F014, 0, 0], [(?)(?)(?)(?)(?)(?)(?)(?)])(1 )(2 )(3 )] 52: e0c42288-980c-4788-a014-c080d2e1926e, 1, 0 [(0 [0xC004F014, 0, 0], [(?)(?)(?)(?)(?)(?)(?)(?)])(1 )(2 )(3 )] 53: e4db50ea-bda1-4566-b047-0ca50abc6f07, 1, 0 [(0 [0xC004F014, 0, 0], [(?)(?)(?)(?)(?)(?)(?)(?)])(1 )(2 )(3 )] 54: e558417a-5123-4f6f-91e7-385c1c7ca9d4, 1, 0 [(0 [0xC004F014, 0, 0], [(?)(?)(?)(?)(?)(?)(?)(?)])(1 )(2 )(3 )] 55: e7a950a2-e548-4f10-bf16-02ec848e0643, 1, 0 [(0 [0xC004F014, 0, 0], [(?)(?)(?)(?)(?)(?)(?)(?)])(1 )(2 )(3 )] 56: eb6d346f-1c60-4643-b960-40ec31596c45, 1, 0 [(0 [0xC004F014, 0, 0], [(?)(?)(?)(?)(?)(?)(?)(?)])(1 )(2 )(3 )] 57: ec868e65-fadf-4759-b23e-93fe37f2cc29, 1, 0 [(0 [0xC004F014, 0, 0], [(?)(?)(?)(?)(?)(?)(?)(?)])(1 )(2 )(3 )] 58: ef51e000-2659-4f25-8345-3de70a9cf4c4, 1, 0 [(0 [0xC004F014, 0, 0], [(?)(?)(?)(?)(?)(?)(?)(?)])(1 )(2 )(3 )] 59: f7af7d09-40e4-419c-a49b-eae366689ebd, 1, 0 [(0 [0xC004F014, 0, 0], [(?)(?)(?)(?)(?)(?)(?)(?)])(1 )(2 )(3 )] 60: fa755fe6-6739-40b9-8d84-6d0ea3b6d1ab, 1, 0 [(0 [0xC004F014, 0, 0], [(?)(?)(?)(?)(?)(?)(?)(?)])(1 )(2 )(3 )] 61: fe74f55b-0338-41d6-b267-4a201abe7285, 1, 0 [(0 [0xC004F014, 0, 0], [(?)(?)(?)(?)(?)(?)(?)(?)])(1 )(2 )(3 )]"
"9/9/2026 2:36:23 PM","1066","Information","Microsoft-Windows-Security-SPP","CRASHLAB-01","Initialization status for service objects. C:\WINDOWS\system32\sppwinob.dll, msft:spp/windowsfunctionality/agent/7.0, 0x00000000, 0x00000000 C:\WINDOWS\system32\sppobjs.dll, msft:rm/algorithm/inherited/1.0, 0x00000000, 0x00000000 C:\WINDOWS\system32\sppobjs.dll, msft:rm/algorithm/phone/1.0, 0x00000000, 0x00000000 C:\WINDOWS\system32\sppobjs.dll, msft:rm/algorithm/pkey/detect, 0x00000000, 0x00000000 C:\WINDOWS\system32\sppobjs.dll, msft:spp/ActionScheduler/1.0, 0x00000000, 0x00000000 C:\WINDOWS\system32\sppobjs.dll, msft:spp/TaskScheduler/1.0, 0x00000000, 0x00000000 C:\WINDOWS\system32\sppobjs.dll, msft:spp/statecollector/pkey, 0x00000000, 0x00000000 C:\WINDOWS\system32\sppobjs.dll, msft:spp/volume/services/kms/1.0, 0x00000000, 0x00000000 C:\WINDOWS\system32\sppobjs.dll, msft:spp/volume/services/kms/activationinfo/1.0, 0x00000000, 0x00000000"
"9/9/2026 2:36:23 PM","16394","Information","Microsoft-Windows-Security-SPP","CRASHLAB-01","Offline downlevel migration succeeded."
"9/9/2026 2:36:23 PM","900","Information","Microsoft-Windows-Security-SPP","CRASHLAB-01","The Software Protection service is starting. Parameters:TriggerStarted:6"
"9/9/2026 2:36:21 PM","5615","Information","Microsoft-Windows-WMI","CRASHLAB-01","Windows Management Instrumentation Service started sucessfully"
"9/9/2026 2:36:20 PM","1531","Information","Microsoft-Windows-User Profiles Service","CRASHLAB-01","The User Profile Service has started successfully."
"9/9/2026 2:36:20 PM","4625","Information","Microsoft-Windows-EventSystem","CRASHLAB-01","The EventSystem sub system is suppressing duplicate event log entries for a duration of 86400 seconds. The suppression timeout can be controlled by a REG_DWORD value named SuppressDuplicateDuration under the following registry key: HKLM\Software\Microsoft\EventSystem\EventLog."
"9/9/2026 2:36:16 PM","1532","Information","Microsoft-Windows-User Profiles Service","CRASHLAB-GOLD","The User Profile Service has stopped."
"9/9/2026 2:36:16 PM","6000","Information","Microsoft-Windows-Winlogon","CRASHLAB-GOLD","The winlogon notification subscriber <SessionEnv> was unavailable to handle a notification event."
"9/9/2026 2:36:16 PM","6000","Information","Microsoft-Windows-Winlogon","CRASHLAB-GOLD","The winlogon notification subscriber <WSearch> was unavailable to handle a notification event."
"9/9/2026 2:36:03 PM","1003","Information","Microsoft-Windows-Search","CRASHLAB-GOLD","The Windows Search Service started."
"9/9/2026 2:36:01 PM","8198","Error","Microsoft-Windows-Security-SPP","CRASHLAB-GOLD","License Activation (slui.exe) failed with the following error code: hr=0x803F7001 Command-line arguments: RuleId=31e71c49-8da7-4a2f-ad92-45d98a1c79ba;Action=AutoActivate;AppId=55c92734-d682-4d71-983e-d6ec3f16059f;SkuId=4de7cb65-cdf1-4de9-8ae8-e3cce27b9f2c;NotificationInterval=1440;Trigger=UserLogon;SessionId=1"
"9/9/2026 2:36:01 PM","1003","Information","Microsoft-Windows-Security-SPP","CRASHLAB-GOLD","The Software Protection service has completed licensing status check. Application Id=55c92734-d682-4d71-983e-d6ec3f16059f Licensing Status= 1: 01eb852c-424d-4060-94b8-c10d799d7364, 1, 0 [(0 [0xC004F014, 0, 0], [(?)(?)(?)(?)(?)(?)(?)(?)])(1 )(2 )(3 )] 2: 040fa323-92b1-4baf-97a2-5b67feaefddb, 1, 0 [(0 [0xC004F014, 0, 0], [(?)(?)(?)(?)(?)(?)(?)(?)])(1 )(2 )(3 )] 3: 0724cb7d-3437-4cb7-93cb-830375d0079d, 1, 0 [(0 [0xC004F014, 0, 0], [(?)(?)(?)(?)(?)(?)(?)(?)])(1 )(2 )(3 )] 4: 0ad2ac98-7bb9-4201-8d92-312299201369, 1, 0 [(0 [0xC004F014, 0, 0], [(?)(?)(?)(?)(?)(?)(?)(?)])(1 )(2 )(3 )] 5: 19de9b2f-0166-4abb-9534-56ea69a80edb, 1, 0 [(0 [0xC004F014, 0, 0], [(?)(?)(?)(?)(?)(?)(?)(?)])(1 )(2 )(3 )] 6: 1a9a717a-cf13-4ba5-83c3-0fe25fa868d5, 1, 0 [(0 [0xC004F014, 0, 0], [(?)(?)(?)(?)(?)(?)(?)(?)])(1 )(2 )(3 )] 7: 221a02da-e2a1-4b75-864c-0a4410a33fdf, 1, 0 [(0 [0xC004F014, 0, 0], [(?)(?)(?)(?)(?)(?)(?)(?)])(1 )(2 )(3 )] 8: 265f3fad-6a1c-4bdd-ae30-c75efa556ccb, 1, 0 [(0 [0xC004F014, 0, 0], [(?)(?)(?)(?)(?)(?)(?)(?)])(1 )(2 )(3 )] 9: 291ece0e-9c38-40ca-a9e1-32cc7ec19507, 1, 0 [(0 [0xC004F014, 0, 0], [(?)(?)(?)(?)(?)(?)(?)(?)])(1 )(2 )(3 )] 10: 2936d1d2-913a-4542-b54e-ce5a602a2a38, 1, 0 [(0 [0xC004F014, 0, 0], [(?)(?)(?)(?)(?)(?)(?)(?)])(1 )(2 )(3 )] 11: 2c293c26-a45a-4a2a-a350-c69a67097529, 1, 0 [(0 [0xC004F014, 0, 0], [(?)(?)(?)(?)(?)(?)(?)(?)])(1 )(2 )(3 )] 12: 2de67392-b7a7-462a-b1ca-108dd189f588, 1, 0 [(0 [0xC004F014, 0, 0], [(?)(?)(?)(?)(?)(?)(?)(?)])(1 )(2 )(3 )] 13: 2ffd8952-423e-4903-b993-72a1aa44cf82, 1, 0 [(0 [0xC004F014, 0, 0], [(?)(?)(?)(?)(?)(?)(?)(?)])(1 )(2 )(3 )] 14: 30a42c86-b7a0-4a34-8c90-ff177cb2acb7, 1, 0 [(0 [0xC004F014, 0, 0], [(?)(?)(?)(?)(?)(?)(?)(?)])(1 )(2 )(3 )] 15: 345a5db0-d94f-4e3b-a0c0-7c42f7bc3ebf, 1, 0 [(0 [0xC004F014, 0, 0], [(?)(?)(?)(?)(?)(?)(?)(?)])(1 )(2 )(3 )] 16: 3502365a-f88a-4ba4-822a-5769d3073b65, 1, 0 [(0 [0xC004F014, 0, 0], [(?)(?)(?)(?)(?)(?)(?)(?)])(1 )(2 )(3 )] 17: 377333b1-8b5d-48d6-9679-1225c872d37c, 1, 0 [(0 [0xC004F014, 0, 0], [(?)(?)(?)(?)(?)(?)(?)(?)])(1 )(2 )(3 )] 18: 3df374ef-d444-4494-a5a1-4b0d9fd0e203, 1, 0 [(0 [0xC004F014, 0, 0], [(?)(?)(?)(?)(?)(?)(?)(?)])(1 )(2 )(3 )] 19: 3ebce241-ea87-4946-8a4f-80d00e921dff, 1, 0 [(0 [0xC004F014, 0, 0], [(?)(?)(?)(?)(?)(?)(?)(?)])(1 )(2 )(3 )] 20: 3f1afc82-f8ac-4f6c-8005-1d233e606eee, 1, 0 [(0 [0xC004F014, 0, 0], [(?)(?)(?)(?)(?)(?)(?)(?)])(1 )(2 )(3 )] 21: 4322a811-697c-44dc-865e-3e2fdcb86009, 1, 0 [(0 [0xC004F014, 0, 0], [(?)(?)(?)(?)(?)(?)(?)(?)])(1 )(2 )(3 )] 22: 49cd895b-53b2-4dc4-a5f7-b18aa019ad37, 1, 0 [(0 [0xC004F014, 0, 0], [(?)(?)(?)(?)(?)(?)(?)(?)])(1 )(2 )(3 )] 23: 4de7cb65-cdf1-4de9-8ae8-e3cce27b9f2c, 1, 1 [(0 )(1 )(2 [0xC004E003, 0, 0], [( 1 0xC004F034)( 1 0xC004F034)(?)(?)(?)(?)(?)(?)])(3 [0x00000000, 0, 0], [( 6 0xC004F009 0 0)( 1 0x00000000)( 6 0xC004F009 0 0)(?)(?)(?)( 10 0x00000000 msft:rm/algorithm/flags/1.0)( 11 0x00000000 0xC004F034)])] 24: 4f3da0d2-271d-4508-ae81-626b60809a38, 1, 0 [(0 [0xC004F014, 0, 0], [(?)(?)(?)(?)(?)(?)(?)(?)])(1 )(2 )(3 )] 25: 5d78c4e9-aeb3-4b40-8ac2-6a6005e0ad6d, 1, 0 [(0 [0xC004F014, 0, 0], [(?)(?)(?)(?)(?)(?)(?)(?)])(1 )(2 )(3 )] 26: 60b3ec1b-9545-4921-821f-311b129dd6f6, 1, 0 [(0 [0xC004F014, 0, 0], [(?)(?)(?)(?)(?)(?)(?)(?)])(1 )(2 )(3 )] 27: 613d217f-7f13-4268-9907-1662339531cd, 1, 0 [(0 [0xC004F014, 0, 0], [(?)(?)(?)(?)(?)(?)(?)(?)])(1 )(2 )(3 )] 28: 62f0c100-9c53-4e02-b886-a3528ddfe7f6, 1, 0 [(0 [0xC004F014, 0, 0], [(?)(?)(?)(?)(?)(?)(?)(?)])(1 )(2 )(3 )] 29: 6365275e-368d-46ca-a0ef-fc0404119333, 1, 0 [(0 [0xC004F014, 0, 0], [(?)(?)(?)(?)(?)(?)(?)(?)])(1 )(2 )(3 )] 30: 721f9237-9341-4453-a661-09e8baa6cca5, 1, 0 [(0 [0xC004F014, 0, 0], [(?)(?)(?)(?)(?)(?)(?)(?)])(1 )(2 )(3 )] 31: 73111121-5638-40f6-bc11-f1d7b0d64300, 1, 0 [(0 [0xC004F014, 0, 0], [(?)(?)(?)(?)(?)(?)(?)(?)])(1 )(2 )(3 )] 32: 7a802526-4c94-4bd1-ba14-835a1aca2120, 1, 0 [(0 [0xC004F014, 0, 0], [(?)(?)(?)(?)(?)(?)(?)(?)])(1 )(2 )(3 )] 33: 7cb546c0-c7d5-44d8-9a5c-69ecdd782b69, 1, 0 [(0 [0xC004F014, 0, 0], [(?)(?)(?)(?)(?)(?)(?)(?)])(1 )(2 )(3 )] 34: 80083eae-7031-4394-9e88-4901973d56fe, 1, 0 [(0 [0xC004F014, 0, 0], [(?)(?)(?)(?)(?)(?)(?)(?)])(1 )(2 )(3 )] 35: 82bbc092-bc50-4e16-8e18-b74fc486aec3, 1, 0 [(0 [0xC004F014, 0, 0], [(?)(?)(?)(?)(?)(?)(?)(?)])(1 )(2 )(3 )] 36: 8ab9bdd1-1f67-4997-82d9-8878520837d9, 1, 0 [(0 [0xC004F014, 0, 0], [(?)(?)(?)(?)(?)(?)(?)(?)])(1 )(2 )(3 )] 37: 8b351c9c-f398-4515-9900-09df49427262, 1, 0 [(0 [0xC004F014, 0, 0], [(?)(?)(?)(?)(?)(?)(?)(?)])(1 )(2 )(3 )] 38: 90da7373-1c51-430b-bf26-c97e9c5cdc31, 1, 0 [(0 [0xC004F014, 0, 0], [(?)(?)(?)(?)(?)(?)(?)(?)])(1 )(2 )(3 )] 39: 92fb8726-92a8-4ffc-94ce-f82e07444653, 1, 0 [(0 [0xC004F014, 0, 0], [(?)(?)(?)(?)(?)(?)(?)(?)])(1 )(2 )(3 )] 40: 95dca82f-385d-4d39-b85b-5c73fa285d6f, 1, 0 [(0 [0xC004F014, 0, 0], [(?)(?)(?)(?)(?)(?)(?)(?)])(1 )(2 )(3 )] 41: 97cde3ae-e908-4b59-ac96-a17645c5b57e, 1, 0 [(0 [0xC004F014, 0, 0], [(?)(?)(?)(?)(?)(?)(?)(?)])(1 )(2 )(3 )] 42: a48938aa-62fa-4966-9d44-9f04da3f72f2, 1, 0 [(0 [0xC004F014, 0, 0], [(?)(?)(?)(?)(?)(?)(?)(?)])(1 )(2 )(3 )] 43: b0773a15-df3a-4312-9ad2-83d69648e356, 1, 0 [(0 [0xC004F014, 0, 0], [(?)(?)(?)(?)(?)(?)(?)(?)])(1 )(2 )(3 )] 44: b4bfe195-541e-4e64-ad23-6177f19e395e, 1, 0 [(0 [0xC004F014, 0, 0], [(?)(?)(?)(?)(?)(?)(?)(?)])(1 )(2 )(3 )] 45: b68e61d2-68ca-4757-be45-0cc2f3e68eee, 1, 0 [(0 [0xC004F014, 0, 0], [(?)(?)(?)(?)(?)(?)(?)(?)])(1 )(2 )(3 )] 46: bd3762d7-270d-4760-8fb3-d829ca45278a, 1, 0 [(0 [0xC004F014, 0, 0], [(?)(?)(?)(?)(?)(?)(?)(?)])(1 )(2 )(3 )] 47: c86d5194-4840-4dae-9c1c-0301003a5ab0, 1, 0 [(0 [0xC004F014, 0, 0], [(?)(?)(?)(?)(?)(?)(?)(?)])(1 )(2 )(3 )] 48: ca7df2e3-5ea0-47b8-9ac1-b1be4d8edd69, 1, 0 [(0 [0xC004F014, 0, 0], [(?)(?)(?)(?)(?)(?)(?)(?)])(1 )(2 )(3 )] 49: d552befb-48cc-4327-8f39-47d2d94f987c, 1, 0 [(0 [0xC004F014, 0, 0], [(?)(?)(?)(?)(?)(?)(?)(?)])(1 )(2 )(3 )] 50: d6eadb3b-5ca8-4a6b-986e-35b550756111, 1, 0 [(0 [0xC004F014, 0, 0], [(?)(?)(?)(?)(?)(?)(?)(?)])(1 )(2 )(3 )] 51: df96023b-dcd9-4be2-afa0-c6c871159ebe, 1, 0 [(0 [0xC004F014, 0, 0], [(?)(?)(?)(?)(?)(?)(?)(?)])(1 )(2 )(3 )] 52: e0c42288-980c-4788-a014-c080d2e1926e, 1, 0 [(0 [0xC004F014, 0, 0], [(?)(?)(?)(?)(?)(?)(?)(?)])(1 )(2 )(3 )] 53: e4db50ea-bda1-4566-b047-0ca50abc6f07, 1, 0 [(0 [0xC004F014, 0, 0], [(?)(?)(?)(?)(?)(?)(?)(?)])(1 )(2 )(3 )] 54: e558417a-5123-4f6f-91e7-385c1c7ca9d4, 1, 0 [(0 [0xC004F014, 0, 0], [(?)(?)(?)(?)(?)(?)(?)(?)])(1 )(2 )(3 )] 55: e7a950a2-e548-4f10-bf16-02ec848e0643, 1, 0 [(0 [0xC004F014, 0, 0], [(?)(?)(?)(?)(?)(?)(?)(?)])(1 )(2 )(3 )] 56: eb6d346f-1c60-4643-b960-40ec31596c45, 1, 0 [(0 [0xC004F014, 0, 0], [(?)(?)(?)(?)(?)(?)(?)(?)])(1 )(2 )(3 )] 57: ec868e65-fadf-4759-b23e-93fe37f2cc29, 1, 0 [(0 [0xC004F014, 0, 0], [(?)(?)(?)(?)(?)(?)(?)(?)])(1 )(2 )(3 )] 58: ef51e000-2659-4f25-8345-3de70a9cf4c4, 1, 0 [(0 [0xC004F014, 0, 0], [(?)(?)(?)(?)(?)(?)(?)(?)])(1 )(2 )(3 )] 59: f7af7d09-40e4-419c-a49b-eae366689ebd, 1, 0 [(0 [0xC004F014, 0, 0], [(?)(?)(?)(?)(?)(?)(?)(?)])(1 )(2 )(3 )] 60: fa755fe6-6739-40b9-8d84-6d0ea3b6d1ab, 1, 0 [(0 [0xC004F014, 0, 0], [(?)(?)(?)(?)(?)(?)(?)(?)])(1 )(2 )(3 )] 61: fe74f55b-0338-41d6-b267-4a201abe7285, 1, 0 [(0 [0xC004F014, 0, 0], [(?)(?)(?)(?)(?)(?)(?)(?)])(1 )(2 )(3 )]"
"9/9/2026 2:36:01 PM","1003","Information","Microsoft-Windows-Security-SPP","CRASHLAB-GOLD","The Software Protection service has completed licensing status check. Application Id=55c92734-d682-4d71-983e-d6ec3f16059f Licensing Status= 1: 01eb852c-424d-4060-94b8-c10d799d7364, 1, 0 [(0 [0xC004F014, 0, 0], [(?)(?)(?)(?)(?)(?)(?)(?)])(1 )(2 )(3 )] 2: 040fa323-92b1-4baf-97a2-5b67feaefddb, 1, 0 [(0 [0xC004F014, 0, 0], [(?)(?)(?)(?)(?)(?)(?)(?)])(1 )(2 )(3 )] 3: 0724cb7d-3437-4cb7-93cb-830375d0079d, 1, 0 [(0 [0xC004F014, 0, 0], [(?)(?)(?)(?)(?)(?)(?)(?)])(1 )(2 )(3 )] 4: 0ad2ac98-7bb9-4201-8d92-312299201369, 1, 0 [(0 [0xC004F014, 0, 0], [(?)(?)(?)(?)(?)(?)(?)(?)])(1 )(2 )(3 )] 5: 19de9b2f-0166-4abb-9534-56ea69a80edb, 1, 0 [(0 [0xC004F014, 0, 0], [(?)(?)(?)(?)(?)(?)(?)(?)])(1 )(2 )(3 )] 6: 1a9a717a-cf13-4ba5-83c3-0fe25fa868d5, 1, 0 [(0 [0xC004F014, 0, 0], [(?)(?)(?)(?)(?)(?)(?)(?)])(1 )(2 )(3 )] 7: 221a02da-e2a1-4b75-864c-0a4410a33fdf, 1, 0 [(0 [0xC004F014, 0, 0], [(?)(?)(?)(?)(?)(?)(?)(?)])(1 )(2 )(3 )] 8: 265f3fad-6a1c-4bdd-ae30-c75efa556ccb, 1, 0 [(0 [0xC004F014, 0, 0], [(?)(?)(?)(?)(?)(?)(?)(?)])(1 )(2 )(3 )] 9: 291ece0e-9c38-40ca-a9e1-32cc7ec19507, 1, 0 [(0 [0xC004F014, 0, 0], [(?)(?)(?)(?)(?)(?)(?)(?)])(1 )(2 )(3 )] 10: 2936d1d2-913a-4542-b54e-ce5a602a2a38, 1, 0 [(0 [0xC004F014, 0, 0], [(?)(?)(?)(?)(?)(?)(?)(?)])(1 )(2 )(3 )] 11: 2c293c26-a45a-4a2a-a350-c69a67097529, 1, 0 [(0 [0xC004F014, 0, 0], [(?)(?)(?)(?)(?)(?)(?)(?)])(1 )(2 )(3 )] 12: 2de67392-b7a7-462a-b1ca-108dd189f588, 1, 0 [(0 [0xC004F014, 0, 0], [(?)(?)(?)(?)(?)(?)(?)(?)])(1 )(2 )(3 )] 13: 2ffd8952-423e-4903-b993-72a1aa44cf82, 1, 0 [(0 [0xC004F014, 0, 0], [(?)(?)(?)(?)(?)(?)(?)(?)])(1 )(2 )(3 )] 14: 30a42c86-b7a0-4a34-8c90-ff177cb2acb7, 1, 0 [(0 [0xC004F014, 0, 0], [(?)(?)(?)(?)(?)(?)(?)(?)])(1 )(2 )(3 )] 15: 345a5db0-d94f-4e3b-a0c0-7c42f7bc3ebf, 1, 0 [(0 [0xC004F014, 0, 0], [(?)(?)(?)(?)(?)(?)(?)(?)])(1 )(2 )(3 )] 16: 3502365a-f88a-4ba4-822a-5769d3073b65, 1, 0 [(0 [0xC004F014, 0, 0], [(?)(?)(?)(?)(?)(?)(?)(?)])(1 )(2 )(3 )] 17: 377333b1-8b5d-48d6-9679-1225c872d37c, 1, 0 [(0 [0xC004F014, 0, 0], [(?)(?)(?)(?)(?)(?)(?)(?)])(1 )(2 )(3 )] 18: 3df374ef-d444-4494-a5a1-4b0d9fd0e203, 1, 0 [(0 [0xC004F014, 0, 0], [(?)(?)(?)(?)(?)(?)(?)(?)])(1 )(2 )(3 )] 19: 3ebce241-ea87-4946-8a4f-80d00e921dff, 1, 0 [(0 [0xC004F014, 0, 0], [(?)(?)(?)(?)(?)(?)(?)(?)])(1 )(2 )(3 )] 20: 3f1afc82-f8ac-4f6c-8005-1d233e606eee, 1, 0 [(0 [0xC004F014, 0, 0], [(?)(?)(?)(?)(?)(?)(?)(?)])(1 )(2 )(3 )] 21: 4322a811-697c-44dc-865e-3e2fdcb86009, 1, 0 [(0 [0xC004F014, 0, 0], [(?)(?)(?)(?)(?)(?)(?)(?)])(1 )(2 )(3 )] 22: 49cd895b-53b2-4dc4-a5f7-b18aa019ad37, 1, 0 [(0 [0xC004F014, 0, 0], [(?)(?)(?)(?)(?)(?)(?)(?)])(1 )(2 )(3 )] 23: 4de7cb65-cdf1-4de9-8ae8-e3cce27b9f2c, 1, 1 [(0 )(1 )(2 [0xC004E003, 0, 0], [( 1 0xC004F034)( 1 0xC004F034)(?)(?)(?)(?)(?)(?)])(3 [0x00000000, 0, 0], [( 6 0xC004F009 0 0)( 1 0x00000000)( 6 0xC004F009 0 0)(?)(?)(?)( 10 0x00000000 msft:rm/algorithm/flags/1.0)( 11 0x00000000 0xC004F034)])] 24: 4f3da0d2-271d-4508-ae81-626b60809a38, 1, 0 [(0 [0xC004F014, 0, 0], [(?)(?)(?)(?)(?)(?)(?)(?)])(1 )(2 )(3 )] 25: 5d78c4e9-aeb3-4b40-8ac2-6a6005e0ad6d, 1, 0 [(0 [0xC004F014, 0, 0], [(?)(?)(?)(?)(?)(?)(?)(?)])(1 )(2 )(3 )] 26: 60b3ec1b-9545-4921-821f-311b129dd6f6, 1, 0 [(0 [0xC004F014, 0, 0], [(?)(?)(?)(?)(?)(?)(?)(?)])(1 )(2 )(3 )] 27: 613d217f-7f13-4268-9907-1662339531cd, 1, 0 [(0 [0xC004F014, 0, 0], [(?)(?)(?)(?)(?)(?)(?)(?)])(1 )(2 )(3 )] 28: 62f0c100-9c53-4e02-b886-a3528ddfe7f6, 1, 0 [(0 [0xC004F014, 0, 0], [(?)(?)(?)(?)(?)(?)(?)(?)])(1 )(2 )(3 )] 29: 6365275e-368d-46ca-a0ef-fc0404119333, 1, 0 [(0 [0xC004F014, 0, 0], [(?)(?)(?)(?)(?)(?)(?)(?)])(1 )(2 )(3 )] 30: 721f9237-9341-4453-a661-09e8baa6cca5, 1, 0 [(0 [0xC004F014, 0, 0], [(?)(?)(?)(?)(?)(?)(?)(?)])(1 )(2 )(3 )] 31: 73111121-5638-40f6-bc11-f1d7b0d64300, 1, 0 [(0 [0xC004F014, 0, 0], [(?)(?)(?)(?)(?)(?)(?)(?)])(1 )(2 )(3 )] 32: 7a802526-4c94-4bd1-ba14-835a1aca2120, 1, 0 [(0 [0xC004F014, 0, 0], [(?)(?)(?)(?)(?)(?)(?)(?)])(1 )(2 )(3 )] 33: 7cb546c0-c7d5-44d8-9a5c-69ecdd782b69, 1, 0 [(0 [0xC004F014, 0, 0], [(?)(?)(?)(?)(?)(?)(?)(?)])(1 )(2 )(3 )] 34: 80083eae-7031-4394-9e88-4901973d56fe, 1, 0 [(0 [0xC004F014, 0, 0], [(?)(?)(?)(?)(?)(?)(?)(?)])(1 )(2 )(3 )] 35: 82bbc092-bc50-4e16-8e18-b74fc486aec3, 1, 0 [(0 [0xC004F014, 0, 0], [(?)(?)(?)(?)(?)(?)(?)(?)])(1 )(2 )(3 )] 36: 8ab9bdd1-1f67-4997-82d9-8878520837d9, 1, 0 [(0 [0xC004F014, 0, 0], [(?)(?)(?)(?)(?)(?)(?)(?)])(1 )(2 )(3 )] 37: 8b351c9c-f398-4515-9900-09df49427262, 1, 0 [(0 [0xC004F014, 0, 0], [(?)(?)(?)(?)(?)(?)(?)(?)])(1 )(2 )(3 )] 38: 90da7373-1c51-430b-bf26-c97e9c5cdc31, 1, 0 [(0 [0xC004F014, 0, 0], [(?)(?)(?)(?)(?)(?)(?)(?)])(1 )(2 )(3 )] 39: 92fb8726-92a8-4ffc-94ce-f82e07444653, 1, 0 [(0 [0xC004F014, 0, 0], [(?)(?)(?)(?)(?)(?)(?)(?)])(1 )(2 )(3 )] 40: 95dca82f-385d-4d39-b85b-5c73fa285d6f, 1, 0 [(0 [0xC004F014, 0, 0], [(?)(?)(?)(?)(?)(?)(?)(?)])(1 )(2 )(3 )] 41: 97cde3ae-e908-4b59-ac96-a17645c5b57e, 1, 0 [(0 [0xC004F014, 0, 0], [(?)(?)(?)(?)(?)(?)(?)(?)])(1 )(2 )(3 )] 42: a48938aa-62fa-4966-9d44-9f04da3f72f2, 1, 0 [(0 [0xC004F014, 0, 0], [(?)(?)(?)(?)(?)(?)(?)(?)])(1 )(2 )(3 )] 43: b0773a15-df3a-4312-9ad2-83d69648e356, 1, 0 [(0 [0xC004F014, 0, 0], [(?)(?)(?)(?)(?)(?)(?)(?)])(1 )(2 )(3 )] 44: b4bfe195-541e-4e64-ad23-6177f19e395e, 1, 0 [(0 [0xC004F014, 0, 0], [(?)(?)(?)(?)(?)(?)(?)(?)])(1 )(2 )(3 )] 45: b68e61d2-68ca-4757-be45-0cc2f3e68eee, 1, 0 [(0 [0xC004F014, 0, 0], [(?)(?)(?)(?)(?)(?)(?)(?)])(1 )(2 )(3 )] 46: bd3762d7-270d-4760-8fb3-d829ca45278a, 1, 0 [(0 [0xC004F014, 0, 0], [(?)(?)(?)(?)(?)(?)(?)(?)])(1 )(2 )(3 )] 47: c86d5194-4840-4dae-9c1c-0301003a5ab0, 1, 0 [(0 [0xC004F014, 0, 0], [(?)(?)(?)(?)(?)(?)(?)(?)])(1 )(2 )(3 )] 48: ca7df2e3-5ea0-47b8-9ac1-b1be4d8edd69, 1, 0 [(0 [0xC004F014, 0, 0], [(?)(?)(?)(?)(?)(?)(?)(?)])(1 )(2 )(3 )] 49: d552befb-48cc-4327-8f39-47d2d94f987c, 1, 0 [(0 [0xC004F014, 0, 0], [(?)(?)(?)(?)(?)(?)(?)(?)])(1 )(2 )(3 )] 50: d6eadb3b-5ca8-4a6b-986e-35b550756111, 1, 0 [(0 [0xC004F014, 0, 0], [(?)(?)(?)(?)(?)(?)(?)(?)])(1 )(2 )(3 )] 51: df96023b-dcd9-4be2-afa0-c6c871159ebe, 1, 0 [(0 [0xC004F014, 0, 0], [(?)(?)(?)(?)(?)(?)(?)(?)])(1 )(2 )(3 )] 52: e0c42288-980c-4788-a014-c080d2e1926e, 1, 0 [(0 [0xC004F014, 0, 0], [(?)(?)(?)(?)(?)(?)(?)(?)])(1 )(2 )(3 )] 53: e4db50ea-bda1-4566-b047-0ca50abc6f07, 1, 0 [(0 [0xC004F014, 0, 0], [(?)(?)(?)(?)(?)(?)(?)(?)])(1 )(2 )(3 )] 54: e558417a-5123-4f6f-91e7-385c1c7ca9d4, 1, 0 [(0 [0xC004F014, 0, 0], [(?)(?)(?)(?)(?)(?)(?)(?)])(1 )(2 )(3 )] 55: e7a950a2-e548-4f10-bf16-02ec848e0643, 1, 0 [(0 [0xC004F014, 0, 0], [(?)(?)(?)(?)(?)(?)(?)(?)])(1 )(2 )(3 )] 56: eb6d346f-1c60-4643-b960-40ec31596c45, 1, 0 [(0 [0xC004F014, 0, 0], [(?)(?)(?)(?)(?)(?)(?)(?)])(1 )(2 )(3 )] 57: ec868e65-fadf-4759-b23e-93fe37f2cc29, 1, 0 [(0 [0xC004F014, 0, 0], [(?)(?)(?)(?)(?)(?)(?)(?)])(1 )(2 )(3 )] 58: ef51e000-2659-4f25-8345-3de70a9cf4c4, 1, 0 [(0 [0xC004F014, 0, 0], [(?)(?)(?)(?)(?)(?)(?)(?)])(1 )(2 )(3 )] 59: f7af7d09-40e4-419c-a49b-eae366689ebd, 1, 0 [(0 [0xC004F014, 0, 0], [(?)(?)(?)(?)(?)(?)(?)(?)])(1 )(2 )(3 )] 60: fa755fe6-6739-40b9-8d84-6d0ea3b6d1ab, 1, 0 [(0 [0xC004F014, 0, 0], [(?)(?)(?)(?)(?)(?)(?)(?)])(1 )(2 )(3 )] 61: fe74f55b-0338-41d6-b267-4a201abe7285, 1, 0 [(0 [0xC004F014, 0, 0], [(?)(?)(?)(?)(?)(?)(?)(?)])(1 )(2 )(3 )]"
"9/9/2026 2:35:53 PM","6000","Information","Microsoft-Windows-Winlogon","CRASHLAB-GOLD","The winlogon notification subscriber <SessionEnv> was unavailable to handle a notification event."
"9/9/2026 2:35:52 PM","6003","Information","Microsoft-Windows-Winlogon","CRASHLAB-GOLD","The winlogon notification subscriber <SessionEnv> was unavailable to handle a critical notification event."
"9/9/2026 2:35:51 PM","5617","Information","Microsoft-Windows-WMI","CRASHLAB-GOLD","Windows Management Instrumentation Service subsystems initialized successfully"
"9/9/2026 2:35:47 PM","8198","Error","Microsoft-Windows-Security-SPP","CRASHLAB-GOLD","License Activation (slui.exe) failed with the following error code: hr=0x8007139F Command-line arguments: RuleId=31e71c49-8da7-4a2f-ad92-45d98a1c79ba;Action=AutoActivate;AppId=55c92734-d682-4d71-983e-d6ec3f16059f;SkuId=4de7cb65-cdf1-4de9-8ae8-e3cce27b9f2c;NotificationInterval=1440;Trigger=NetworkAvailable"
"9/9/2026 2:35:47 PM","1003","Information","Microsoft-Windows-Security-SPP","CRASHLAB-GOLD","The Software Protection service has completed licensing status check. Application Id=55c92734-d682-4d71-983e-d6ec3f16059f Licensing Status= 1: 01eb852c-424d-4060-94b8-c10d799d7364, 1, 0 [(0 [0xC004F014, 0, 0], [(?)(?)(?)(?)(?)(?)(?)(?)])(1 )(2 )(3 )] 2: 040fa323-92b1-4baf-97a2-5b67feaefddb, 1, 0 [(0 [0xC004F014, 0, 0], [(?)(?)(?)(?)(?)(?)(?)(?)])(1 )(2 )(3 )] 3: 0724cb7d-3437-4cb7-93cb-830375d0079d, 1, 0 [(0 [0xC004F014, 0, 0], [(?)(?)(?)(?)(?)(?)(?)(?)])(1 )(2 )(3 )] 4: 0ad2ac98-7bb9-4201-8d92-312299201369, 1, 0 [(0 [0xC004F014, 0, 0], [(?)(?)(?)(?)(?)(?)(?)(?)])(1 )(2 )(3 )] 5: 19de9b2f-0166-4abb-9534-56ea69a80edb, 1, 0 [(0 [0xC004F014, 0, 0], [(?)(?)(?)(?)(?)(?)(?)(?)])(1 )(2 )(3 )] 6: 1a9a717a-cf13-4ba5-83c3-0fe25fa868d5, 1, 0 [(0 [0xC004F014, 0, 0], [(?)(?)(?)(?)(?)(?)(?)(?)])(1 )(2 )(3 )] 7: 221a02da-e2a1-4b75-864c-0a4410a33fdf, 1, 0 [(0 [0xC004F014, 0, 0], [(?)(?)(?)(?)(?)(?)(?)(?)])(1 )(2 )(3 )] 8: 265f3fad-6a1c-4bdd-ae30-c75efa556ccb, 1, 0 [(0 [0xC004F014, 0, 0], [(?)(?)(?)(?)(?)(?)(?)(?)])(1 )(2 )(3 )] 9: 291ece0e-9c38-40ca-a9e1-32cc7ec19507, 1, 0 [(0 [0xC004F014, 0, 0], [(?)(?)(?)(?)(?)(?)(?)(?)])(1 )(2 )(3 )] 10: 2936d1d2-913a-4542-b54e-ce5a602a2a38, 1, 0 [(0 [0xC004F014, 0, 0], [(?)(?)(?)(?)(?)(?)(?)(?)])(1 )(2 )(3 )] 11: 2c293c26-a45a-4a2a-a350-c69a67097529, 1, 0 [(0 [0xC004F014, 0, 0], [(?)(?)(?)(?)(?)(?)(?)(?)])(1 )(2 )(3 )] 12: 2de67392-b7a7-462a-b1ca-108dd189f588, 1, 0 [(0 [0xC004F014, 0, 0], [(?)(?)(?)(?)(?)(?)(?)(?)])(1 )(2 )(3 )] 13: 2ffd8952-423e-4903-b993-72a1aa44cf82, 1, 0 [(0 [0xC004F014, 0, 0], [(?)(?)(?)(?)(?)(?)(?)(?)])(1 )(2 )(3 )] 14: 30a42c86-b7a0-4a34-8c90-ff177cb2acb7, 1, 0 [(0 [0xC004F014, 0, 0], [(?)(?)(?)(?)(?)(?)(?)(?)])(1 )(2 )(3 )] 15: 345a5db0-d94f-4e3b-a0c0-7c42f7bc3ebf, 1, 0 [(0 [0xC004F014, 0, 0], [(?)(?)(?)(?)(?)(?)(?)(?)])(1 )(2 )(3 )] 16: 3502365a-f88a-4ba4-822a-5769d3073b65, 1, 0 [(0 [0xC004F014, 0, 0], [(?)(?)(?)(?)(?)(?)(?)(?)])(1 )(2 )(3 )] 17: 377333b1-8b5d-48d6-9679-1225c872d37c, 1, 0 [(0 [0xC004F014, 0, 0], [(?)(?)(?)(?)(?)(?)(?)(?)])(1 )(2 )(3 )] 18: 3df374ef-d444-4494-a5a1-4b0d9fd0e203, 1, 0 [(0 [0xC004F014, 0, 0], [(?)(?)(?)(?)(?)(?)(?)(?)])(1 )(2 )(3 )] 19: 3ebce241-ea87-4946-8a4f-80d00e921dff, 1, 0 [(0 [0xC004F014, 0, 0], [(?)(?)(?)(?)(?)(?)(?)(?)])(1 )(2 )(3 )] 20: 3f1afc82-f8ac-4f6c-8005-1d233e606eee, 1, 0 [(0 [0xC004F014, 0, 0], [(?)(?)(?)(?)(?)(?)(?)(?)])(1 )(2 )(3 )] 21: 4322a811-697c-44dc-865e-3e2fdcb86009, 1, 0 [(0 [0xC004F014, 0, 0], [(?)(?)(?)(?)(?)(?)(?)(?)])(1 )(2 )(3 )] 22: 49cd895b-53b2-4dc4-a5f7-b18aa019ad37, 1, 0 [(0 [0xC004F014, 0, 0], [(?)(?)(?)(?)(?)(?)(?)(?)])(1 )(2 )(3 )] 23: 4de7cb65-cdf1-4de9-8ae8-e3cce27b9f2c, 1, 1 [(0 )(1 )(2 [0xC004E003, 0, 0], [( 1 0xC004F034)( 1 0xC004F034)(?)(?)(?)(?)(?)(?)])(3 [0x00000000, 0, 0], [( 6 0xC004F009 0 0)( 1 0x00000000)( 6 0xC004F009 0 0)(?)(?)(?)( 10 0x00000000 msft:rm/algorithm/flags/1.0)( 11 0x00000000 0xC004F034)])] 24: 4f3da0d2-271d-4508-ae81-626b60809a38, 1, 0 [(0 [0xC004F014, 0, 0], [(?)(?)(?)(?)(?)(?)(?)(?)])(1 )(2 )(3 )] 25: 5d78c4e9-aeb3-4b40-8ac2-6a6005e0ad6d, 1, 0 [(0 [0xC004F014, 0, 0], [(?)(?)(?)(?)(?)(?)(?)(?)])(1 )(2 )(3 )] 26: 60b3ec1b-9545-4921-821f-311b129dd6f6, 1, 0 [(0 [0xC004F014, 0, 0], [(?)(?)(?)(?)(?)(?)(?)(?)])(1 )(2 )(3 )] 27: 613d217f-7f13-4268-9907-1662339531cd, 1, 0 [(0 [0xC004F014, 0, 0], [(?)(?)(?)(?)(?)(?)(?)(?)])(1 )(2 )(3 )] 28: 62f0c100-9c53-4e02-b886-a3528ddfe7f6, 1, 0 [(0 [0xC004F014, 0, 0], [(?)(?)(?)(?)(?)(?)(?)(?)])(1 )(2 )(3 )] 29: 6365275e-368d-46ca-a0ef-fc0404119333, 1, 0 [(0 [0xC004F014, 0, 0], [(?)(?)(?)(?)(?)(?)(?)(?)])(1 )(2 )(3 )] 30: 721f9237-9341-4453-a661-09e8baa6cca5, 1, 0 [(0 [0xC004F014, 0, 0], [(?)(?)(?)(?)(?)(?)(?)(?)])(1 )(2 )(3 )] 31: 73111121-5638-40f6-bc11-f1d7b0d64300, 1, 0 [(0 [0xC004F014, 0, 0], [(?)(?)(?)(?)(?)(?)(?)(?)])(1 )(2 )(3 )] 32: 7a802526-4c94-4bd1-ba14-835a1aca2120, 1, 0 [(0 [0xC004F014, 0, 0], [(?)(?)(?)(?)(?)(?)(?)(?)])(1 )(2 )(3 )] 33: 7cb546c0-c7d5-44d8-9a5c-69ecdd782b69, 1, 0 [(0 [0xC004F014, 0, 0], [(?)(?)(?)(?)(?)(?)(?)(?)])(1 )(2 )(3 )] 34: 80083eae-7031-4394-9e88-4901973d56fe, 1, 0 [(0 [0xC004F014, 0, 0], [(?)(?)(?)(?)(?)(?)(?)(?)])(1 )(2 )(3 )] 35: 82bbc092-bc50-4e16-8e18-b74fc486aec3, 1, 0 [(0 [0xC004F014, 0, 0], [(?)(?)(?)(?)(?)(?)(?)(?)])(1 )(2 )(3 )] 36: 8ab9bdd1-1f67-4997-82d9-8878520837d9, 1, 0 [(0 [0xC004F014, 0, 0], [(?)(?)(?)(?)(?)(?)(?)(?)])(1 )(2 )(3 )] 37: 8b351c9c-f398-4515-9900-09df49427262, 1, 0 [(0 [0xC004F014, 0, 0], [(?)(?)(?)(?)(?)(?)(?)(?)])(1 )(2 )(3 )] 38: 90da7373-1c51-430b-bf26-c97e9c5cdc31, 1, 0 [(0 [0xC004F014, 0, 0], [(?)(?)(?)(?)(?)(?)(?)(?)])(1 )(2 )(3 )] 39: 92fb8726-92a8-4ffc-94ce-f82e07444653, 1, 0 [(0 [0xC004F014, 0, 0], [(?)(?)(?)(?)(?)(?)(?)(?)])(1 )(2 )(3 )] 40: 95dca82f-385d-4d39-b85b-5c73fa285d6f, 1, 0 [(0 [0xC004F014, 0, 0], [(?)(?)(?)(?)(?)(?)(?)(?)])(1 )(2 )(3 )] 41: 97cde3ae-e908-4b59-ac96-a17645c5b57e, 1, 0 [(0 [0xC004F014, 0, 0], [(?)(?)(?)(?)(?)(?)(?)(?)])(1 )(2 )(3 )] 42: a48938aa-62fa-4966-9d44-9f04da3f72f2, 1, 0 [(0 [0xC004F014, 0, 0], [(?)(?)(?)(?)(?)(?)(?)(?)])(1 )(2 )(3 )] 43: b0773a15-df3a-4312-9ad2-83d69648e356, 1, 0 [(0 [0xC004F014, 0, 0], [(?)(?)(?)(?)(?)(?)(?)(?)])(1 )(2 )(3 )] 44: b4bfe195-541e-4e64-ad23-6177f19e395e, 1, 0 [(0 [0xC004F014, 0, 0], [(?)(?)(?)(?)(?)(?)(?)(?)])(1 )(2 )(3 )] 45: b68e61d2-68ca-4757-be45-0cc2f3e68eee, 1, 0 [(0 [0xC004F014, 0, 0], [(?)(?)(?)(?)(?)(?)(?)(?)])(1 )(2 )(3 )] 46: bd3762d7-270d-4760-8fb3-d829ca45278a, 1, 0 [(0 [0xC004F014, 0, 0], [(?)(?)(?)(?)(?)(?)(?)(?)])(1 )(2 )(3 )] 47: c86d5194-4840-4dae-9c1c-0301003a5ab0, 1, 0 [(0 [0xC004F014, 0, 0], [(?)(?)(?)(?)(?)(?)(?)(?)])(1 )(2 )(3 )] 48: ca7df2e3-5ea0-47b8-9ac1-b1be4d8edd69, 1, 0 [(0 [0xC004F014, 0, 0], [(?)(?)(?)(?)(?)(?)(?)(?)])(1 )(2 )(3 )] 49: d552befb-48cc-4327-8f39-47d2d94f987c, 1, 0 [(0 [0xC004F014, 0, 0], [(?)(?)(?)(?)(?)(?)(?)(?)])(1 )(2 )(3 )] 50: d6eadb3b-5ca8-4a6b-986e-35b550756111, 1, 0 [(0 [0xC004F014, 0, 0], [(?)(?)(?)(?)(?)(?)(?)(?)])(1 )(2 )(3 )] 51: df96023b-dcd9-4be2-afa0-c6c871159ebe, 1, 0 [(0 [0xC004F014, 0, 0], [(?)(?)(?)(?)(?)(?)(?)(?)])(1 )(2 )(3 )] 52: e0c42288-980c-4788-a014-c080d2e1926e, 1, 0 [(0 [0xC004F014, 0, 0], [(?)(?)(?)(?)(?)(?)(?)(?)])(1 )(2 )(3 )] 53: e4db50ea-bda1-4566-b047-0ca50abc6f07, 1, 0 [(0 [0xC004F014, 0, 0], [(?)(?)(?)(?)(?)(?)(?)(?)])(1 )(2 )(3 )] 54: e558417a-5123-4f6f-91e7-385c1c7ca9d4, 1, 0 [(0 [0xC004F014, 0, 0], [(?)(?)(?)(?)(?)(?)(?)(?)])(1 )(2 )(3 )] 55: e7a950a2-e548-4f10-bf16-02ec848e0643, 1, 0 [(0 [0xC004F014, 0, 0], [(?)(?)(?)(?)(?)(?)(?)(?)])(1 )(2 )(3 )] 56: eb6d346f-1c60-4643-b960-40ec31596c45, 1, 0 [(0 [0xC004F014, 0, 0], [(?)(?)(?)(?)(?)(?)(?)(?)])(1 )(2 )(3 )] 57: ec868e65-fadf-4759-b23e-93fe37f2cc29, 1, 0 [(0 [0xC004F014, 0, 0], [(?)(?)(?)(?)(?)(?)(?)(?)])(1 )(2 )(3 )] 58: ef51e000-2659-4f25-8345-3de70a9cf4c4, 1, 0 [(0 [0xC004F014, 0, 0], [(?)(?)(?)(?)(?)(?)(?)(?)])(1 )(2 )(3 )] 59: f7af7d09-40e4-419c-a49b-eae366689ebd, 1, 0 [(0 [0xC004F014, 0, 0], [(?)(?)(?)(?)(?)(?)(?)(?)])(1 )(2 )(3 )] 60: fa755fe6-6739-40b9-8d84-6d0ea3b6d1ab, 1, 0 [(0 [0xC004F014, 0, 0], [(?)(?)(?)(?)(?)(?)(?)(?)])(1 )(2 )(3 )] 61: fe74f55b-0338-41d6-b267-4a201abe7285, 1, 0 [(0 [0xC004F014, 0, 0], [(?)(?)(?)(?)(?)(?)(?)(?)])(1 )(2 )(3 )]"
"9/9/2026 2:35:45 PM","902","Information","Microsoft-Windows-Security-SPP","CRASHLAB-GOLD","The Software Protection service has started. 10.0.26100.8036"
"9/9/2026 2:35:45 PM","1003","Information","Microsoft-Windows-Security-SPP","CRASHLAB-GOLD","The Software Protection service has completed licensing status check. Application Id=55c92734-d682-4d71-983e-d6ec3f16059f Licensing Status= 1: 01eb852c-424d-4060-94b8-c10d799d7364, 1, 0 [(0 [0xC004F014, 0, 0], [(?)(?)(?)(?)(?)(?)(?)(?)])(1 )(2 )(3 )] 2: 040fa323-92b1-4baf-97a2-5b67feaefddb, 1, 0 [(0 [0xC004F014, 0, 0], [(?)(?)(?)(?)(?)(?)(?)(?)])(1 )(2 )(3 )] 3: 0724cb7d-3437-4cb7-93cb-830375d0079d, 1, 0 [(0 [0xC004F014, 0, 0], [(?)(?)(?)(?)(?)(?)(?)(?)])(1 )(2 )(3 )] 4: 0ad2ac98-7bb9-4201-8d92-312299201369, 1, 0 [(0 [0xC004F014, 0, 0], [(?)(?)(?)(?)(?)(?)(?)(?)])(1 )(2 )(3 )] 5: 19de9b2f-0166-4abb-9534-56ea69a80edb, 1, 0 [(0 [0xC004F014, 0, 0], [(?)(?)(?)(?)(?)(?)(?)(?)])(1 )(2 )(3 )] 6: 1a9a717a-cf13-4ba5-83c3-0fe25fa868d5, 1, 0 [(0 [0xC004F014, 0, 0], [(?)(?)(?)(?)(?)(?)(?)(?)])(1 )(2 )(3 )] 7: 221a02da-e2a1-4b75-864c-0a4410a33fdf, 1, 0 [(0 [0xC004F014, 0, 0], [(?)(?)(?)(?)(?)(?)(?)(?)])(1 )(2 )(3 )] 8: 265f3fad-6a1c-4bdd-ae30-c75efa556ccb, 1, 0 [(0 [0xC004F014, 0, 0], [(?)(?)(?)(?)(?)(?)(?)(?)])(1 )(2 )(3 )] 9: 291ece0e-9c38-40ca-a9e1-32cc7ec19507, 1, 0 [(0 [0xC004F014, 0, 0], [(?)(?)(?)(?)(?)(?)(?)(?)])(1 )(2 )(3 )] 10: 2936d1d2-913a-4542-b54e-ce5a602a2a38, 1, 0 [(0 [0xC004F014, 0, 0], [(?)(?)(?)(?)(?)(?)(?)(?)])(1 )(2 )(3 )] 11: 2c293c26-a45a-4a2a-a350-c69a67097529, 1, 0 [(0 [0xC004F014, 0, 0], [(?)(?)(?)(?)(?)(?)(?)(?)])(1 )(2 )(3 )] 12: 2de67392-b7a7-462a-b1ca-108dd189f588, 1, 0 [(0 [0xC004F014, 0, 0], [(?)(?)(?)(?)(?)(?)(?)(?)])(1 )(2 )(3 )] 13: 2ffd8952-423e-4903-b993-72a1aa44cf82, 1, 0 [(0 [0xC004F014, 0, 0], [(?)(?)(?)(?)(?)(?)(?)(?)])(1 )(2 )(3 )] 14: 30a42c86-b7a0-4a34-8c90-ff177cb2acb7, 1, 0 [(0 [0xC004F014, 0, 0], [(?)(?)(?)(?)(?)(?)(?)(?)])(1 )(2 )(3 )] 15: 345a5db0-d94f-4e3b-a0c0-7c42f7bc3ebf, 1, 0 [(0 [0xC004F014, 0, 0], [(?)(?)(?)(?)(?)(?)(?)(?)])(1 )(2 )(3 )] 16: 3502365a-f88a-4ba4-822a-5769d3073b65, 1, 0 [(0 [0xC004F014, 0, 0], [(?)(?)(?)(?)(?)(?)(?)(?)])(1 )(2 )(3 )] 17: 377333b1-8b5d-48d6-9679-1225c872d37c, 1, 0 [(0 [0xC004F014, 0, 0], [(?)(?)(?)(?)(?)(?)(?)(?)])(1 )(2 )(3 )] 18: 3df374ef-d444-4494-a5a1-4b0d9fd0e203, 1, 0 [(0 [0xC004F014, 0, 0], [(?)(?)(?)(?)(?)(?)(?)(?)])(1 )(2 )(3 )] 19: 3ebce241-ea87-4946-8a4f-80d00e921dff, 1, 0 [(0 [0xC004F014, 0, 0], [(?)(?)(?)(?)(?)(?)(?)(?)])(1 )(2 )(3 )] 20: 3f1afc82-f8ac-4f6c-8005-1d233e606eee, 1, 0 [(0 [0xC004F014, 0, 0], [(?)(?)(?)(?)(?)(?)(?)(?)])(1 )(2 )(3 )] 21: 4322a811-697c-44dc-865e-3e2fdcb86009, 1, 0 [(0 [0xC004F014, 0, 0], [(?)(?)(?)(?)(?)(?)(?)(?)])(1 )(2 )(3 )] 22: 49cd895b-53b2-4dc4-a5f7-b18aa019ad37, 1, 0 [(0 [0xC004F014, 0, 0], [(?)(?)(?)(?)(?)(?)(?)(?)])(1 )(2 )(3 )] 23: 4de7cb65-cdf1-4de9-8ae8-e3cce27b9f2c, 1, 1 [(0 )(1 )(2 [0xC004E003, 0, 0], [( 1 0xC004F034)( 1 0xC004F034)(?)(?)(?)(?)(?)(?)])(3 [0x00000000, 0, 0], [( 6 0xC004F009 0 0)( 1 0x00000000)( 6 0xC004F009 0 0)(?)(?)(?)( 10 0x00000000 msft:rm/algorithm/flags/1.0)( 11 0x00000000 0xC004F034)])] 24: 4f3da0d2-271d-4508-ae81-626b60809a38, 1, 0 [(0 [0xC004F014, 0, 0], [(?)(?)(?)(?)(?)(?)(?)(?)])(1 )(2 )(3 )] 25: 5d78c4e9-aeb3-4b40-8ac2-6a6005e0ad6d, 1, 0 [(0 [0xC004F014, 0, 0], [(?)(?)(?)(?)(?)(?)(?)(?)])(1 )(2 )(3 )] 26: 60b3ec1b-9545-4921-821f-311b129dd6f6, 1, 0 [(0 [0xC004F014, 0, 0], [(?)(?)(?)(?)(?)(?)(?)(?)])(1 )(2 )(3 )] 27: 613d217f-7f13-4268-9907-1662339531cd, 1, 0 [(0 [0xC004F014, 0, 0], [(?)(?)(?)(?)(?)(?)(?)(?)])(1 )(2 )(3 )] 28: 62f0c100-9c53-4e02-b886-a3528ddfe7f6, 1, 0 [(0 [0xC004F014, 0, 0], [(?)(?)(?)(?)(?)(?)(?)(?)])(1 )(2 )(3 )] 29: 6365275e-368d-46ca-a0ef-fc0404119333, 1, 0 [(0 [0xC004F014, 0, 0], [(?)(?)(?)(?)(?)(?)(?)(?)])(1 )(2 )(3 )] 30: 721f9237-9341-4453-a661-09e8baa6cca5, 1, 0 [(0 [0xC004F014, 0, 0], [(?)(?)(?)(?)(?)(?)(?)(?)])(1 )(2 )(3 )] 31: 73111121-5638-40f6-bc11-f1d7b0d64300, 1, 0 [(0 [0xC004F014, 0, 0], [(?)(?)(?)(?)(?)(?)(?)(?)])(1 )(2 )(3 )] 32: 7a802526-4c94-4bd1-ba14-835a1aca2120, 1, 0 [(0 [0xC004F014, 0, 0], [(?)(?)(?)(?)(?)(?)(?)(?)])(1 )(2 )(3 )] 33: 7cb546c0-c7d5-44d8-9a5c-69ecdd782b69, 1, 0 [(0 [0xC004F014, 0, 0], [(?)(?)(?)(?)(?)(?)(?)(?)])(1 )(2 )(3 )] 34: 80083eae-7031-4394-9e88-4901973d56fe, 1, 0 [(0 [0xC004F014, 0, 0], [(?)(?)(?)(?)(?)(?)(?)(?)])(1 )(2 )(3 )] 35: 82bbc092-bc50-4e16-8e18-b74fc486aec3, 1, 0 [(0 [0xC004F014, 0, 0], [(?)(?)(?)(?)(?)(?)(?)(?)])(1 )(2 )(3 )] 36: 8ab9bdd1-1f67-4997-82d9-8878520837d9, 1, 0 [(0 [0xC004F014, 0, 0], [(?)(?)(?)(?)(?)(?)(?)(?)])(1 )(2 )(3 )] 37: 8b351c9c-f398-4515-9900-09df49427262, 1, 0 [(0 [0xC004F014, 0, 0], [(?)(?)(?)(?)(?)(?)(?)(?)])(1 )(2 )(3 )] 38: 90da7373-1c51-430b-bf26-c97e9c5cdc31, 1, 0 [(0 [0xC004F014, 0, 0], [(?)(?)(?)(?)(?)(?)(?)(?)])(1 )(2 )(3 )] 39: 92fb8726-92a8-4ffc-94ce-f82e07444653, 1, 0 [(0 [0xC004F014, 0, 0], [(?)(?)(?)(?)(?)(?)(?)(?)])(1 )(2 )(3 )] 40: 95dca82f-385d-4d39-b85b-5c73fa285d6f, 1, 0 [(0 [0xC004F014, 0, 0], [(?)(?)(?)(?)(?)(?)(?)(?)])(1 )(2 )(3 )] 41: 97cde3ae-e908-4b59-ac96-a17645c5b57e, 1, 0 [(0 [0xC004F014, 0, 0], [(?)(?)(?)(?)(?)(?)(?)(?)])(1 )(2 )(3 )] 42: a48938aa-62fa-4966-9d44-9f04da3f72f2, 1, 0 [(0 [0xC004F014, 0, 0], [(?)(?)(?)(?)(?)(?)(?)(?)])(1 )(2 )(3 )] 43: b0773a15-df3a-4312-9ad2-83d69648e356, 1, 0 [(0 [0xC004F014, 0, 0], [(?)(?)(?)(?)(?)(?)(?)(?)])(1 )(2 )(3 )] 44: b4bfe195-541e-4e64-ad23-6177f19e395e, 1, 0 [(0 [0xC004F014, 0, 0], [(?)(?)(?)(?)(?)(?)(?)(?)])(1 )(2 )(3 )] 45: b68e61d2-68ca-4757-be45-0cc2f3e68eee, 1, 0 [(0 [0xC004F014, 0, 0], [(?)(?)(?)(?)(?)(?)(?)(?)])(1 )(2 )(3 )] 46: bd3762d7-270d-4760-8fb3-d829ca45278a, 1, 0 [(0 [0xC004F014, 0, 0], [(?)(?)(?)(?)(?)(?)(?)(?)])(1 )(2 )(3 )] 47: c86d5194-4840-4dae-9c1c-0301003a5ab0, 1, 0 [(0 [0xC004F014, 0, 0], [(?)(?)(?)(?)(?)(?)(?)(?)])(1 )(2 )(3 )] 48: ca7df2e3-5ea0-47b8-9ac1-b1be4d8edd69, 1, 0 [(0 [0xC004F014, 0, 0], [(?)(?)(?)(?)(?)(?)(?)(?)])(1 )(2 )(3 )] 49: d552befb-48cc-4327-8f39-47d2d94f987c, 1, 0 [(0 [0xC004F014, 0, 0], [(?)(?)(?)(?)(?)(?)(?)(?)])(1 )(2 )(3 )] 50: d6eadb3b-5ca8-4a6b-986e-35b550756111, 1, 0 [(0 [0xC004F014, 0, 0], [(?)(?)(?)(?)(?)(?)(?)(?)])(1 )(2 )(3 )] 51: df96023b-dcd9-4be2-afa0-c6c871159ebe, 1, 0 [(0 [0xC004F014, 0, 0], [(?)(?)(?)(?)(?)(?)(?)(?)])(1 )(2 )(3 )] 52: e0c42288-980c-4788-a014-c080d2e1926e, 1, 0 [(0 [0xC004F014, 0, 0], [(?)(?)(?)(?)(?)(?)(?)(?)])(1 )(2 )(3 )] 53: e4db50ea-bda1-4566-b047-0ca50abc6f07, 1, 0 [(0 [0xC004F014, 0, 0], [(?)(?)(?)(?)(?)(?)(?)(?)])(1 )(2 )(3 )] 54: e558417a-5123-4f6f-91e7-385c1c7ca9d4, 1, 0 [(0 [0xC004F014, 0, 0], [(?)(?)(?)(?)(?)(?)(?)(?)])(1 )(2 )(3 )] 55: e7a950a2-e548-4f10-bf16-02ec848e0643, 1, 0 [(0 [0xC004F014, 0, 0], [(?)(?)(?)(?)(?)(?)(?)(?)])(1 )(2 )(3 )] 56: eb6d346f-1c60-4643-b960-40ec31596c45, 1, 0 [(0 [0xC004F014, 0, 0], [(?)(?)(?)(?)(?)(?)(?)(?)])(1 )(2 )(3 )] 57: ec868e65-fadf-4759-b23e-93fe37f2cc29, 1, 0 [(0 [0xC004F014, 0, 0], [(?)(?)(?)(?)(?)(?)(?)(?)])(1 )(2 )(3 )] 58: ef51e000-2659-4f25-8345-3de70a9cf4c4, 1, 0 [(0 [0xC004F014, 0, 0], [(?)(?)(?)(?)(?)(?)(?)(?)])(1 )(2 )(3 )] 59: f7af7d09-40e4-419c-a49b-eae366689ebd, 1, 0 [(0 [0xC004F014, 0, 0], [(?)(?)(?)(?)(?)(?)(?)(?)])(1 )(2 )(3 )] 60: fa755fe6-6739-40b9-8d84-6d0ea3b6d1ab, 1, 0 [(0 [0xC004F014, 0, 0], [(?)(?)(?)(?)(?)(?)(?)(?)])(1 )(2 )(3 )] 61: fe74f55b-0338-41d6-b267-4a201abe7285, 1, 0 [(0 [0xC004F014, 0, 0], [(?)(?)(?)(?)(?)(?)(?)(?)])(1 )(2 )(3 )]"
"9/9/2026 2:35:45 PM","1066","Information","Microsoft-Windows-Security-SPP","CRASHLAB-GOLD","Initialization status for service objects. C:\WINDOWS\system32\sppwinob.dll, msft:spp/windowsfunctionality/agent/7.0, 0x00000000, 0x00000000 C:\WINDOWS\system32\sppobjs.dll, msft:rm/algorithm/inherited/1.0, 0x00000000, 0x00000000 C:\WINDOWS\system32\sppobjs.dll, msft:rm/algorithm/phone/1.0, 0x00000000, 0x00000000 C:\WINDOWS\system32\sppobjs.dll, msft:rm/algorithm/pkey/detect, 0x00000000, 0x00000000 C:\WINDOWS\system32\sppobjs.dll, msft:spp/ActionScheduler/1.0, 0x00000000, 0x00000000 C:\WINDOWS\system32\sppobjs.dll, msft:spp/TaskScheduler/1.0, 0x00000000, 0x00000000 C:\WINDOWS\system32\sppobjs.dll, msft:spp/statecollector/pkey, 0x00000000, 0x00000000 C:\WINDOWS\system32\sppobjs.dll, msft:spp/volume/services/kms/1.0, 0x00000000, 0x00000000 C:\WINDOWS\system32\sppobjs.dll, msft:spp/volume/services/kms/activationinfo/1.0, 0x00000000, 0x00000000"
"9/9/2026 2:35:45 PM","16394","Information","Microsoft-Windows-Security-SPP","CRASHLAB-GOLD","Offline downlevel migration succeeded."
"9/9/2026 2:35:45 PM","900","Information","Microsoft-Windows-Security-SPP","CRASHLAB-GOLD","The Software Protection service is starting. Parameters:TriggerStarted:6"
"9/9/2026 2:35:44 PM","5615","Information","Microsoft-Windows-WMI","CRASHLAB-GOLD","Windows Management Instrumentation Service started sucessfully"
"9/9/2026 2:35:42 PM","1531","Information","Microsoft-Windows-User Profiles Service","CRASHLAB-GOLD","The User Profile Service has started successfully."
"9/9/2026 2:31:53 PM","1532","Information","Microsoft-Windows-User Profiles Service","CRASHLAB-GOLD","The User Profile Service has stopped."
"9/9/2026 2:31:53 PM","6000","Information","Microsoft-Windows-Winlogon","CRASHLAB-GOLD","The winlogon notification subscriber <SessionEnv> was unavailable to handle a notification event."
"9/9/2026 2:31:53 PM","6000","Information","Microsoft-Windows-Winlogon","CRASHLAB-GOLD","The winlogon notification subscriber <WSearch> was unavailable to handle a notification event."
"9/9/2026 2:31:36 PM","256","Information","Edge","CRASHLAB-GOLD","[8888:9012:0909/143136.361:INFO:chrome\browser\extensions\extension_garbage_collector.cc:188] Garbage collection for extensions on file thread is complete."
"9/9/2026 2:31:23 PM","903","Information","Microsoft-Windows-Security-SPP","CRASHLAB-GOLD","The Software Protection service has stopped."
"9/9/2026 2:31:23 PM","16384","Information","Microsoft-Windows-Security-SPP","CRASHLAB-GOLD","Successfully scheduled Software Protection service for re-start at 2026-09-10T21:30:23Z. Reason: RulesEngine."
