"TimeCreated","Id","LevelDisplayName","ProviderName","MachineName","Message"
"9/9/2026 5:37:50 AM","5617","Information","Microsoft-Windows-WMI","CRASHLAB-01","Windows Management Instrumentation Service subsystems initialized successfully"
"9/9/2026 5:37:49 AM","5611","Information","Microsoft-Windows-WMI","CRASHLAB-01","The Windows Management Instrumentation service has detected an inconsistent system shutdown."
"9/9/2026 5:37:45 AM","8198","Error","Microsoft-Windows-Security-SPP","CRASHLAB-01","License Activation (slui.exe) failed with the following error code: hr=0x8007139F Command-line arguments: RuleId=31e71c49-8da7-4a2f-ad92-45d98a1c79ba;Action=AutoActivate;AppId=55c92734-d682-4d71-983e-d6ec3f16059f;SkuId=4de7cb65-cdf1-4de9-8ae8-e3cce27b9f2c;NotificationInterval=1440;Trigger=NetworkAvailable"
"9/9/2026 5:37:45 AM","1003","Information","Microsoft-Windows-Security-SPP","CRASHLAB-01","The Software Protection service has completed licensing status check. Application Id=55c92734-d682-4d71-983e-d6ec3f16059f Licensing Status= 1: 01eb852c-424d-4060-94b8-c10d799d7364, 1, 0 [(0 [0xC004F014, 0, 0], [(?)(?)(?)(?)(?)(?)(?)(?)])(1 )(2 )(3 )] 2: 040fa323-92b1-4baf-97a2-5b67feaefddb, 1, 0 [(0 [0xC004F014, 0, 0], [(?)(?)(?)(?)(?)(?)(?)(?)])(1 )(2 )(3 )] 3: 0724cb7d-3437-4cb7-93cb-830375d0079d, 1, 0 [(0 [0xC004F014, 0, 0], [(?)(?)(?)(?)(?)(?)(?)(?)])(1 )(2 )(3 )] 4: 0ad2ac98-7bb9-4201-8d92-312299201369, 1, 0 [(0 [0xC004F014, 0, 0], [(?)(?)(?)(?)(?)(?)(?)(?)])(1 )(2 )(3 )] 5: 19de9b2f-0166-4abb-9534-56ea69a80edb, 1, 0 [(0 [0xC004F014, 0, 0], [(?)(?)(?)(?)(?)(?)(?)(?)])(1 )(2 )(3 )] 6: 1a9a717a-cf13-4ba5-83c3-0fe25fa868d5, 1, 0 [(0 [0xC004F014, 0, 0], [(?)(?)(?)(?)(?)(?)(?)(?)])(1 )(2 )(3 )] 7: 221a02da-e2a1-4b75-864c-0a4410a33fdf, 1, 0 [(0 [0xC004F014, 0, 0], [(?)(?)(?)(?)(?)(?)(?)(?)])(1 )(2 )(3 )] 8: 265f3fad-6a1c-4bdd-ae30-c75efa556ccb, 1, 0 [(0 [0xC004F014, 0, 0], [(?)(?)(?)(?)(?)(?)(?)(?)])(1 )(2 )(3 )] 9: 291ece0e-9c38-40ca-a9e1-32cc7ec19507, 1, 0 [(0 [0xC004F014, 0, 0], [(?)(?)(?)(?)(?)(?)(?)(?)])(1 )(2 )(3 )] 10: 2936d1d2-913a-4542-b54e-ce5a602a2a38, 1, 0 [(0 [0xC004F014, 0, 0], [(?)(?)(?)(?)(?)(?)(?)(?)])(1 )(2 )(3 )] 11: 2c293c26-a45a-4a2a-a350-c69a67097529, 1, 0 [(0 [0xC004F014, 0, 0], [(?)(?)(?)(?)(?)(?)(?)(?)])(1 )(2 )(3 )] 12: 2de67392-b7a7-462a-b1ca-108dd189f588, 1, 0 [(0 [0xC004F014, 0, 0], [(?)(?)(?)(?)(?)(?)(?)(?)])(1 )(2 )(3 )] 13: 2ffd8952-423e-4903-b993-72a1aa44cf82, 1, 0 [(0 [0xC004F014, 0, 0], [(?)(?)(?)(?)(?)(?)(?)(?)])(1 )(2 )(3 )] 14: 30a42c86-b7a0-4a34-8c90-ff177cb2acb7, 1, 0 [(0 [0xC004F014, 0, 0], [(?)(?)(?)(?)(?)(?)(?)(?)])(1 )(2 )(3 )] 15: 345a5db0-d94f-4e3b-a0c0-7c42f7bc3ebf, 1, 0 [(0 [0xC004F014, 0, 0], [(?)(?)(?)(?)(?)(?)(?)(?)])(1 )(2 )(3 )] 16: 3502365a-f88a-4ba4-822a-5769d3073b65, 1, 0 [(0 [0xC004F014, 0, 0], [(?)(?)(?)(?)(?)(?)(?)(?)])(1 )(2 )(3 )] 17: 377333b1-8b5d-48d6-9679-1225c872d37c, 1, 0 [(0 [0xC004F014, 0, 0], [(?)(?)(?)(?)(?)(?)(?)(?)])(1 )(2 )(3 )] 18: 3df374ef-d444-4494-a5a1-4b0d9fd0e203, 1, 0 [(0 [0xC004F014, 0, 0], [(?)(?)(?)(?)(?)(?)(?)(?)])(1 )(2 )(3 )] 19: 3ebce241-ea87-4946-8a4f-80d00e921dff, 1, 0 [(0 [0xC004F014, 0, 0], [(?)(?)(?)(?)(?)(?)(?)(?)])(1 )(2 )(3 )] 20: 3f1afc82-f8ac-4f6c-8005-1d233e606eee, 1, 0 [(0 [0xC004F014, 0, 0], [(?)(?)(?)(?)(?)(?)(?)(?)])(1 )(2 )(3 )] 21: 4322a811-697c-44dc-865e-3e2fdcb86009, 1, 0 [(0 [0xC004F014, 0, 0], [(?)(?)(?)(?)(?)(?)(?)(?)])(1 )(2 )(3 )] 22: 49cd895b-53b2-4dc4-a5f7-b18aa019ad37, 1, 0 [(0 [0xC004F014, 0, 0], [(?)(?)(?)(?)(?)(?)(?)(?)])(1 )(2 )(3 )] 23: 4de7cb65-cdf1-4de9-8ae8-e3cce27b9f2c, 1, 1 [(0 )(1 )(2 [0xC004E003, 0, 0], [( 1 0xC004F034)( 1 0xC004F034)(?)(?)(?)(?)(?)(?)])(3 [0x00000000, 0, 0], [( 6 0xC004F009 0 0)( 1 0x00000000)( 6 0xC004F009 0 0)(?)(?)(?)( 10 0x00000000 msft:rm/algorithm/flags/1.0)( 11 0x00000000 0xC004F034)])] 24: 4f3da0d2-271d-4508-ae81-626b60809a38, 1, 0 [(0 [0xC004F014, 0, 0], [(?)(?)(?)(?)(?)(?)(?)(?)])(1 )(2 )(3 )] 25: 5d78c4e9-aeb3-4b40-8ac2-6a6005e0ad6d, 1, 0 [(0 [0xC004F014, 0, 0], [(?)(?)(?)(?)(?)(?)(?)(?)])(1 )(2 )(3 )] 26: 60b3ec1b-9545-4921-821f-311b129dd6f6, 1, 0 [(0 [0xC004F014, 0, 0], [(?)(?)(?)(?)(?)(?)(?)(?)])(1 )(2 )(3 )] 27: 613d217f-7f13-4268-9907-1662339531cd, 1, 0 [(0 [0xC004F014, 0, 0], [(?)(?)(?)(?)(?)(?)(?)(?)])(1 )(2 )(3 )] 28: 62f0c100-9c53-4e02-b886-a3528ddfe7f6, 1, 0 [(0 [0xC004F014, 0, 0], [(?)(?)(?)(?)(?)(?)(?)(?)])(1 )(2 )(3 )] 29: 6365275e-368d-46ca-a0ef-fc0404119333, 1, 0 [(0 [0xC004F014, 0, 0], [(?)(?)(?)(?)(?)(?)(?)(?)])(1 )(2 )(3 )] 30: 721f9237-9341-4453-a661-09e8baa6cca5, 1, 0 [(0 [0xC004F014, 0, 0], [(?)(?)(?)(?)(?)(?)(?)(?)])(1 )(2 )(3 )] 31: 73111121-5638-40f6-bc11-f1d7b0d64300, 1, 0 [(0 [0xC004F014, 0, 0], [(?)(?)(?)(?)(?)(?)(?)(?)])(1 )(2 )(3 )] 32: 7a802526-4c94-4bd1-ba14-835a1aca2120, 1, 0 [(0 [0xC004F014, 0, 0], [(?)(?)(?)(?)(?)(?)(?)(?)])(1 )(2 )(3 )] 33: 7cb546c0-c7d5-44d8-9a5c-69ecdd782b69, 1, 0 [(0 [0xC004F014, 0, 0], [(?)(?)(?)(?)(?)(?)(?)(?)])(1 )(2 )(3 )] 34: 80083eae-7031-4394-9e88-4901973d56fe, 1, 0 [(0 [0xC004F014, 0, 0], [(?)(?)(?)(?)(?)(?)(?)(?)])(1 )(2 )(3 )] 35: 82bbc092-bc50-4e16-8e18-b74fc486aec3, 1, 0 [(0 [0xC004F014, 0, 0], [(?)(?)(?)(?)(?)(?)(?)(?)])(1 )(2 )(3 )] 36: 8ab9bdd1-1f67-4997-82d9-8878520837d9, 1, 0 [(0 [0xC004F014, 0, 0], [(?)(?)(?)(?)(?)(?)(?)(?)])(1 )(2 )(3 )] 37: 8b351c9c-f398-4515-9900-09df49427262, 1, 0 [(0 [0xC004F014, 0, 0], [(?)(?)(?)(?)(?)(?)(?)(?)])(1 )(2 )(3 )] 38: 90da7373-1c51-430b-bf26-c97e9c5cdc31, 1, 0 [(0 [0xC004F014, 0, 0], [(?)(?)(?)(?)(?)(?)(?)(?)])(1 )(2 )(3 )] 39: 92fb8726-92a8-4ffc-94ce-f82e07444653, 1, 0 [(0 [0xC004F014, 0, 0], [(?)(?)(?)(?)(?)(?)(?)(?)])(1 )(2 )(3 )] 40: 95dca82f-385d-4d39-b85b-5c73fa285d6f, 1, 0 [(0 [0xC004F014, 0, 0], [(?)(?)(?)(?)(?)(?)(?)(?)])(1 )(2 )(3 )] 41: 97cde3ae-e908-4b59-ac96-a17645c5b57e, 1, 0 [(0 [0xC004F014, 0, 0], [(?)(?)(?)(?)(?)(?)(?)(?)])(1 )(2 )(3 )] 42: a48938aa-62fa-4966-9d44-9f04da3f72f2, 1, 0 [(0 [0xC004F014, 0, 0], [(?)(?)(?)(?)(?)(?)(?)(?)])(1 )(2 )(3 )] 43: b0773a15-df3a-4312-9ad2-83d69648e356, 1, 0 [(0 [0xC004F014, 0, 0], [(?)(?)(?)(?)(?)(?)(?)(?)])(1 )(2 )(3 )] 44: b4bfe195-541e-4e64-ad23-6177f19e395e, 1, 0 [(0 [0xC004F014, 0, 0], [(?)(?)(?)(?)(?)(?)(?)(?)])(1 )(2 )(3 )] 45: b68e61d2-68ca-4757-be45-0cc2f3e68eee, 1, 0 [(0 [0xC004F014, 0, 0], [(?)(?)(?)(?)(?)(?)(?)(?)])(1 )(2 )(3 )] 46: bd3762d7-270d-4760-8fb3-d829ca45278a, 1, 0 [(0 [0xC004F014, 0, 0], [(?)(?)(?)(?)(?)(?)(?)(?)])(1 )(2 )(3 )] 47: c86d5194-4840-4dae-9c1c-0301003a5ab0, 1, 0 [(0 [0xC004F014, 0, 0], [(?)(?)(?)(?)(?)(?)(?)(?)])(1 )(2 )(3 )] 48: ca7df2e3-5ea0-47b8-9ac1-b1be4d8edd69, 1, 0 [(0 [0xC004F014, 0, 0], [(?)(?)(?)(?)(?)(?)(?)(?)])(1 )(2 )(3 )] 49: d552befb-48cc-4327-8f39-47d2d94f987c, 1, 0 [(0 [0xC004F014, 0, 0], [(?)(?)(?)(?)(?)(?)(?)(?)])(1 )(2 )(3 )] 50: d6eadb3b-5ca8-4a6b-986e-35b550756111, 1, 0 [(0 [0xC004F014, 0, 0], [(?)(?)(?)(?)(?)(?)(?)(?)])(1 )(2 )(3 )] 51: df96023b-dcd9-4be2-afa0-c6c871159ebe, 1, 0 [(0 [0xC004F014, 0, 0], [(?)(?)(?)(?)(?)(?)(?)(?)])(1 )(2 )(3 )] 52: e0c42288-980c-4788-a014-c080d2e1926e, 1, 0 [(0 [0xC004F014, 0, 0], [(?)(?)(?)(?)(?)(?)(?)(?)])(1 )(2 )(3 )] 53: e4db50ea-bda1-4566-b047-0ca50abc6f07, 1, 0 [(0 [0xC004F014, 0, 0], [(?)(?)(?)(?)(?)(?)(?)(?)])(1 )(2 )(3 )] 54: e558417a-5123-4f6f-91e7-385c1c7ca9d4, 1, 0 [(0 [0xC004F014, 0, 0], [(?)(?)(?)(?)(?)(?)(?)(?)])(1 )(2 )(3 )] 55: e7a950a2-e548-4f10-bf16-02ec848e0643, 1, 0 [(0 [0xC004F014, 0, 0], [(?)(?)(?)(?)(?)(?)(?)(?)])(1 )(2 )(3 )] 56: eb6d346f-1c60-4643-b960-40ec31596c45, 1, 0 [(0 [0xC004F014, 0, 0], [(?)(?)(?)(?)(?)(?)(?)(?)])(1 )(2 )(3 )] 57: ec868e65-fadf-4759-b23e-93fe37f2cc29, 1, 0 [(0 [0xC004F014, 0, 0], [(?)(?)(?)(?)(?)(?)(?)(?)])(1 )(2 )(3 )] 58: ef51e000-2659-4f25-8345-3de70a9cf4c4, 1, 0 [(0 [0xC004F014, 0, 0], [(?)(?)(?)(?)(?)(?)(?)(?)])(1 )(2 )(3 )] 59: f7af7d09-40e4-419c-a49b-eae366689ebd, 1, 0 [(0 [0xC004F014, 0, 0], [(?)(?)(?)(?)(?)(?)(?)(?)])(1 )(2 )(3 )] 60: fa755fe6-6739-40b9-8d84-6d0ea3b6d1ab, 1, 0 [(0 [0xC004F014, 0, 0], [(?)(?)(?)(?)(?)(?)(?)(?)])(1 )(2 )(3 )] 61: fe74f55b-0338-41d6-b267-4a201abe7285, 1, 0 [(0 [0xC004F014, 0, 0], [(?)(?)(?)(?)(?)(?)(?)(?)])(1 )(2 )(3 )]"
"9/9/2026 5:37:44 AM","902","Information","Microsoft-Windows-Security-SPP","CRASHLAB-01","The Software Protection service has started. 10.0.26100.8036"
"9/9/2026 5:37:44 AM","1003","Information","Microsoft-Windows-Security-SPP","CRASHLAB-01","The Software Protection service has completed licensing status check. Application Id=55c92734-d682-4d71-983e-d6ec3f16059f Licensing Status= 1: 01eb852c-424d-4060-94b8-c10d799d7364, 1, 0 [(0 [0xC004F014, 0, 0], [(?)(?)(?)(?)(?)(?)(?)(?)])(1 )(2 )(3 )] 2: 040fa323-92b1-4baf-97a2-5b67feaefddb, 1, 0 [(0 [0xC004F014, 0, 0], [(?)(?)(?)(?)(?)(?)(?)(?)])(1 )(2 )(3 )] 3: 0724cb7d-3437-4cb7-93cb-830375d0079d, 1, 0 [(0 [0xC004F014, 0, 0], [(?)(?)(?)(?)(?)(?)(?)(?)])(1 )(2 )(3 )] 4: 0ad2ac98-7bb9-4201-8d92-312299201369, 1, 0 [(0 [0xC004F014, 0, 0], [(?)(?)(?)(?)(?)(?)(?)(?)])(1 )(2 )(3 )] 5: 19de9b2f-0166-4abb-9534-56ea69a80edb, 1, 0 [(0 [0xC004F014, 0, 0], [(?)(?)(?)(?)(?)(?)(?)(?)])(1 )(2 )(3 )] 6: 1a9a717a-cf13-4ba5-83c3-0fe25fa868d5, 1, 0 [(0 [0xC004F014, 0, 0], [(?)(?)(?)(?)(?)(?)(?)(?)])(1 )(2 )(3 )] 7: 221a02da-e2a1-4b75-864c-0a4410a33fdf, 1, 0 [(0 [0xC004F014, 0, 0], [(?)(?)(?)(?)(?)(?)(?)(?)])(1 )(2 )(3 )] 8: 265f3fad-6a1c-4bdd-ae30-c75efa556ccb, 1, 0 [(0 [0xC004F014, 0, 0], [(?)(?)(?)(?)(?)(?)(?)(?)])(1 )(2 )(3 )] 9: 291ece0e-9c38-40ca-a9e1-32cc7ec19507, 1, 0 [(0 [0xC004F014, 0, 0], [(?)(?)(?)(?)(?)(?)(?)(?)])(1 )(2 )(3 )] 10: 2936d1d2-913a-4542-b54e-ce5a602a2a38, 1, 0 [(0 [0xC004F014, 0, 0], [(?)(?)(?)(?)(?)(?)(?)(?)])(1 )(2 )(3 )] 11: 2c293c26-a45a-4a2a-a350-c69a67097529, 1, 0 [(0 [0xC004F014, 0, 0], [(?)(?)(?)(?)(?)(?)(?)(?)])(1 )(2 )(3 )] 12: 2de67392-b7a7-462a-b1ca-108dd189f588, 1, 0 [(0 [0xC004F014, 0, 0], [(?)(?)(?)(?)(?)(?)(?)(?)])(1 )(2 )(3 )] 13: 2ffd8952-423e-4903-b993-72a1aa44cf82, 1, 0 [(0 [0xC004F014, 0, 0], [(?)(?)(?)(?)(?)(?)(?)(?)])(1 )(2 )(3 )] 14: 30a42c86-b7a0-4a34-8c90-ff177cb2acb7, 1, 0 [(0 [0xC004F014, 0, 0], [(?)(?)(?)(?)(?)(?)(?)(?)])(1 )(2 )(3 )] 15: 345a5db0-d94f-4e3b-a0c0-7c42f7bc3ebf, 1, 0 [(0 [0xC004F014, 0, 0], [(?)(?)(?)(?)(?)(?)(?)(?)])(1 )(2 )(3 )] 16: 3502365a-f88a-4ba4-822a-5769d3073b65, 1, 0 [(0 [0xC004F014, 0, 0], [(?)(?)(?)(?)(?)(?)(?)(?)])(1 )(2 )(3 )] 17: 377333b1-8b5d-48d6-9679-1225c872d37c, 1, 0 [(0 [0xC004F014, 0, 0], [(?)(?)(?)(?)(?)(?)(?)(?)])(1 )(2 )(3 )] 18: 3df374ef-d444-4494-a5a1-4b0d9fd0e203, 1, 0 [(0 [0xC004F014, 0, 0], [(?)(?)(?)(?)(?)(?)(?)(?)])(1 )(2 )(3 )] 19: 3ebce241-ea87-4946-8a4f-80d00e921dff, 1, 0 [(0 [0xC004F014, 0, 0], [(?)(?)(?)(?)(?)(?)(?)(?)])(1 )(2 )(3 )] 20: 3f1afc82-f8ac-4f6c-8005-1d233e606eee, 1, 0 [(0 [0xC004F014, 0, 0], [(?)(?)(?)(?)(?)(?)(?)(?)])(1 )(2 )(3 )] 21: 4322a811-697c-44dc-865e-3e2fdcb86009, 1, 0 [(0 [0xC004F014, 0, 0], [(?)(?)(?)(?)(?)(?)(?)(?)])(1 )(2 )(3 )] 22: 49cd895b-53b2-4dc4-a5f7-b18aa019ad37, 1, 0 [(0 [0xC004F014, 0, 0], [(?)(?)(?)(?)(?)(?)(?)(?)])(1 )(2 )(3 )] 23: 4de7cb65-cdf1-4de9-8ae8-e3cce27b9f2c, 1, 1 [(0 )(1 )(2 [0xC004E003, 0, 0], [( 1 0xC004F034)( 1 0xC004F034)(?)(?)(?)(?)(?)(?)])(3 [0x00000000, 0, 0], [( 6 0xC004F009 0 0)( 1 0x00000000)( 6 0xC004F009 0 0)(?)(?)(?)( 10 0x00000000 msft:rm/algorithm/flags/1.0)( 11 0x00000000 0xC004F034)])] 24: 4f3da0d2-271d-4508-ae81-626b60809a38, 1, 0 [(0 [0xC004F014, 0, 0], [(?)(?)(?)(?)(?)(?)(?)(?)])(1 )(2 )(3 )] 25: 5d78c4e9-aeb3-4b40-8ac2-6a6005e0ad6d, 1, 0 [(0 [0xC004F014, 0, 0], [(?)(?)(?)(?)(?)(?)(?)(?)])(1 )(2 )(3 )] 26: 60b3ec1b-9545-4921-821f-311b129dd6f6, 1, 0 [(0 [0xC004F014, 0, 0], [(?)(?)(?)(?)(?)(?)(?)(?)])(1 )(2 )(3 )] 27: 613d217f-7f13-4268-9907-1662339531cd, 1, 0 [(0 [0xC004F014, 0, 0], [(?)(?)(?)(?)(?)(?)(?)(?)])(1 )(2 )(3 )] 28: 62f0c100-9c53-4e02-b886-a3528ddfe7f6, 1, 0 [(0 [0xC004F014, 0, 0], [(?)(?)(?)(?)(?)(?)(?)(?)])(1 )(2 )(3 )] 29: 6365275e-368d-46ca-a0ef-fc0404119333, 1, 0 [(0 [0xC004F014, 0, 0], [(?)(?)(?)(?)(?)(?)(?)(?)])(1 )(2 )(3 )] 30: 721f9237-9341-4453-a661-09e8baa6cca5, 1, 0 [(0 [0xC004F014, 0, 0], [(?)(?)(?)(?)(?)(?)(?)(?)])(1 )(2 )(3 )] 31: 73111121-5638-40f6-bc11-f1d7b0d64300, 1, 0 [(0 [0xC004F014, 0, 0], [(?)(?)(?)(?)(?)(?)(?)(?)])(1 )(2 )(3 )] 32: 7a802526-4c94-4bd1-ba14-835a1aca2120, 1, 0 [(0 [0xC004F014, 0, 0], [(?)(?)(?)(?)(?)(?)(?)(?)])(1 )(2 )(3 )] 33: 7cb546c0-c7d5-44d8-9a5c-69ecdd782b69, 1, 0 [(0 [0xC004F014, 0, 0], [(?)(?)(?)(?)(?)(?)(?)(?)])(1 )(2 )(3 )] 34: 80083eae-7031-4394-9e88-4901973d56fe, 1, 0 [(0 [0xC004F014, 0, 0], [(?)(?)(?)(?)(?)(?)(?)(?)])(1 )(2 )(3 )] 35: 82bbc092-bc50-4e16-8e18-b74fc486aec3, 1, 0 [(0 [0xC004F014, 0, 0], [(?)(?)(?)(?)(?)(?)(?)(?)])(1 )(2 )(3 )] 36: 8ab9bdd1-1f67-4997-82d9-8878520837d9, 1, 0 [(0 [0xC004F014, 0, 0], [(?)(?)(?)(?)(?)(?)(?)(?)])(1 )(2 )(3 )] 37: 8b351c9c-f398-4515-9900-09df49427262, 1, 0 [(0 [0xC004F014, 0, 0], [(?)(?)(?)(?)(?)(?)(?)(?)])(1 )(2 )(3 )] 38: 90da7373-1c51-430b-bf26-c97e9c5cdc31, 1, 0 [(0 [0xC004F014, 0, 0], [(?)(?)(?)(?)(?)(?)(?)(?)])(1 )(2 )(3 )] 39: 92fb8726-92a8-4ffc-94ce-f82e07444653, 1, 0 [(0 [0xC004F014, 0, 0], [(?)(?)(?)(?)(?)(?)(?)(?)])(1 )(2 )(3 )] 40: 95dca82f-385d-4d39-b85b-5c73fa285d6f, 1, 0 [(0 [0xC004F014, 0, 0], [(?)(?)(?)(?)(?)(?)(?)(?)])(1 )(2 )(3 )] 41: 97cde3ae-e908-4b59-ac96-a17645c5b57e, 1, 0 [(0 [0xC004F014, 0, 0], [(?)(?)(?)(?)(?)(?)(?)(?)])(1 )(2 )(3 )] 42: a48938aa-62fa-4966-9d44-9f04da3f72f2, 1, 0 [(0 [0xC004F014, 0, 0], [(?)(?)(?)(?)(?)(?)(?)(?)])(1 )(2 )(3 )] 43: b0773a15-df3a-4312-9ad2-83d69648e356, 1, 0 [(0 [0xC004F014, 0, 0], [(?)(?)(?)(?)(?)(?)(?)(?)])(1 )(2 )(3 )] 44: b4bfe195-541e-4e64-ad23-6177f19e395e, 1, 0 [(0 [0xC004F014, 0, 0], [(?)(?)(?)(?)(?)(?)(?)(?)])(1 )(2 )(3 )] 45: b68e61d2-68ca-4757-be45-0cc2f3e68eee, 1, 0 [(0 [0xC004F014, 0, 0], [(?)(?)(?)(?)(?)(?)(?)(?)])(1 )(2 )(3 )] 46: bd3762d7-270d-4760-8fb3-d829ca45278a, 1, 0 [(0 [0xC004F014, 0, 0], [(?)(?)(?)(?)(?)(?)(?)(?)])(1 )(2 )(3 )] 47: c86d5194-4840-4dae-9c1c-0301003a5ab0, 1, 0 [(0 [0xC004F014, 0, 0], [(?)(?)(?)(?)(?)(?)(?)(?)])(1 )(2 )(3 )] 48: ca7df2e3-5ea0-47b8-9ac1-b1be4d8edd69, 1, 0 [(0 [0xC004F014, 0, 0], [(?)(?)(?)(?)(?)(?)(?)(?)])(1 )(2 )(3 )] 49: d552befb-48cc-4327-8f39-47d2d94f987c, 1, 0 [(0 [0xC004F014, 0, 0], [(?)(?)(?)(?)(?)(?)(?)(?)])(1 )(2 )(3 )] 50: d6eadb3b-5ca8-4a6b-986e-35b550756111, 1, 0 [(0 [0xC004F014, 0, 0], [(?)(?)(?)(?)(?)(?)(?)(?)])(1 )(2 )(3 )] 51: df96023b-dcd9-4be2-afa0-c6c871159ebe, 1, 0 [(0 [0xC004F014, 0, 0], [(?)(?)(?)(?)(?)(?)(?)(?)])(1 )(2 )(3 )] 52: e0c42288-980c-4788-a014-c080d2e1926e, 1, 0 [(0 [0xC004F014, 0, 0], [(?)(?)(?)(?)(?)(?)(?)(?)])(1 )(2 )(3 )] 53: e4db50ea-bda1-4566-b047-0ca50abc6f07, 1, 0 [(0 [0xC004F014, 0, 0], [(?)(?)(?)(?)(?)(?)(?)(?)])(1 )(2 )(3 )] 54: e558417a-5123-4f6f-91e7-385c1c7ca9d4, 1, 0 [(0 [0xC004F014, 0, 0], [(?)(?)(?)(?)(?)(?)(?)(?)])(1 )(2 )(3 )] 55: e7a950a2-e548-4f10-bf16-02ec848e0643, 1, 0 [(0 [0xC004F014, 0, 0], [(?)(?)(?)(?)(?)(?)(?)(?)])(1 )(2 )(3 )] 56: eb6d346f-1c60-4643-b960-40ec31596c45, 1, 0 [(0 [0xC004F014, 0, 0], [(?)(?)(?)(?)(?)(?)(?)(?)])(1 )(2 )(3 )] 57: ec868e65-fadf-4759-b23e-93fe37f2cc29, 1, 0 [(0 [0xC004F014, 0, 0], [(?)(?)(?)(?)(?)(?)(?)(?)])(1 )(2 )(3 )] 58: ef51e000-2659-4f25-8345-3de70a9cf4c4, 1, 0 [(0 [0xC004F014, 0, 0], [(?)(?)(?)(?)(?)(?)(?)(?)])(1 )(2 )(3 )] 59: f7af7d09-40e4-419c-a49b-eae366689ebd, 1, 0 [(0 [0xC004F014, 0, 0], [(?)(?)(?)(?)(?)(?)(?)(?)])(1 )(2 )(3 )] 60: fa755fe6-6739-40b9-8d84-6d0ea3b6d1ab, 1, 0 [(0 [0xC004F014, 0, 0], [(?)(?)(?)(?)(?)(?)(?)(?)])(1 )(2 )(3 )] 61: fe74f55b-0338-41d6-b267-4a201abe7285, 1, 0 [(0 [0xC004F014, 0, 0], [(?)(?)(?)(?)(?)(?)(?)(?)])(1 )(2 )(3 )]"
"9/9/2026 5:37:44 AM","1066","Information","Microsoft-Windows-Security-SPP","CRASHLAB-01","Initialization status for service objects. C:\WINDOWS\system32\sppwinob.dll, msft:spp/windowsfunctionality/agent/7.0, 0x00000000, 0x00000000 C:\WINDOWS\system32\sppobjs.dll, msft:rm/algorithm/inherited/1.0, 0x00000000, 0x00000000 C:\WINDOWS\system32\sppobjs.dll, msft:rm/algorithm/phone/1.0, 0x00000000, 0x00000000 C:\WINDOWS\system32\sppobjs.dll, msft:rm/algorithm/pkey/detect, 0x00000000, 0x00000000 C:\WINDOWS\system32\sppobjs.dll, msft:spp/ActionScheduler/1.0, 0x00000000, 0x00000000 C:\WINDOWS\system32\sppobjs.dll, msft:spp/TaskScheduler/1.0, 0x00000000, 0x00000000 C:\WINDOWS\system32\sppobjs.dll, msft:spp/statecollector/pkey, 0x00000000, 0x00000000 C:\WINDOWS\system32\sppobjs.dll, msft:spp/volume/services/kms/1.0, 0x00000000, 0x00000000 C:\WINDOWS\system32\sppobjs.dll, msft:spp/volume/services/kms/activationinfo/1.0, 0x00000000, 0x00000000"
"9/9/2026 5:37:44 AM","16394","Information","Microsoft-Windows-Security-SPP","CRASHLAB-01","Offline downlevel migration succeeded."
"9/9/2026 5:37:44 AM","900","Information","Microsoft-Windows-Security-SPP","CRASHLAB-01","The Software Protection service is starting. Parameters:TriggerStarted:6"
"9/9/2026 5:37:42 AM","5615","Information","Microsoft-Windows-WMI","CRASHLAB-01","Windows Management Instrumentation Service started sucessfully"
"9/9/2026 5:37:41 AM","1531","Information","Microsoft-Windows-User Profiles Service","CRASHLAB-01","The User Profile Service has started successfully."
"9/9/2026 5:04:25 AM","16384","Information","Microsoft-Windows-Security-SPP","CRASHLAB-01","Successfully scheduled Software Protection service for re-start at 2026-09-10T11:46:25Z. Reason: RulesEngine."
"9/9/2026 5:03:55 AM","16394","Information","Microsoft-Windows-Security-SPP","CRASHLAB-01","Offline downlevel migration succeeded."
"9/9/2026 4:51:53 AM","16384","Information","Microsoft-Windows-Security-SPP","CRASHLAB-01","Successfully scheduled Software Protection service for re-start at 2026-09-10T11:46:53Z. Reason: RulesEngine."
"9/9/2026 4:51:23 AM","16394","Information","Microsoft-Windows-Security-SPP","CRASHLAB-01","Offline downlevel migration succeeded."
"9/9/2026 4:50:56 AM","16384","Information","Microsoft-Windows-Security-SPP","CRASHLAB-01","Successfully scheduled Software Protection service for re-start at 2026-09-10T11:45:56Z. Reason: RulesEngine."
"9/9/2026 4:50:19 AM","16394","Information","Microsoft-Windows-Security-SPP","CRASHLAB-01","Offline downlevel migration succeeded."
"9/9/2026 4:49:31 AM","16384","Information","Microsoft-Windows-Security-SPP","CRASHLAB-01","Successfully scheduled Software Protection service for re-start at 2026-09-10T11:46:31Z. Reason: RulesEngine."
"9/9/2026 4:49:10 AM","0","Information","edgeupdate","CRASHLAB-01","Service stopped."
"9/9/2026 4:49:07 AM","15","Information","SecurityCenter","CRASHLAB-01","Updated Windows Defender status successfully to SECURITY_PRODUCT_STATE_ON."
"9/9/2026 4:49:06 AM","1003","Information","Microsoft-Windows-Search","CRASHLAB-01","The Windows Search Service started."
"9/9/2026 4:49:05 AM","1","Information","SecurityCenter","CRASHLAB-01","The Windows Security Center Service has started."
"9/9/2026 4:49:05 AM","16394","Information","Microsoft-Windows-Security-SPP","CRASHLAB-01","Offline downlevel migration succeeded."
"9/9/2026 4:49:05 AM","900","Information","Microsoft-Windows-Security-SPP","CRASHLAB-01","The Software Protection service is starting. Parameters:<explicit>"
"9/9/2026 4:49:04 AM","0","Information","edgeupdate","CRASHLAB-01","Service stopped."
"9/9/2026 4:47:28 AM","903","Information","Microsoft-Windows-Security-SPP","CRASHLAB-01","The Software Protection service has stopped."
"9/9/2026 4:47:28 AM","16384","Information","Microsoft-Windows-Security-SPP","CRASHLAB-01","Successfully scheduled Software Protection service for re-start at 2026-09-10T11:46:28Z. Reason: RulesEngine."
"9/9/2026 4:47:25 AM","5617","Information","Microsoft-Windows-WMI","CRASHLAB-01","Windows Management Instrumentation Service subsystems initialized successfully"
"9/9/2026 4:46:54 AM","8198","Error","Microsoft-Windows-Security-SPP","CRASHLAB-01","License Activation (slui.exe) failed with the following error code: hr=0x8007139F Command-line arguments: RuleId=31e71c49-8da7-4a2f-ad92-45d98a1c79ba;Action=AutoActivate;AppId=55c92734-d682-4d71-983e-d6ec3f16059f;SkuId=4de7cb65-cdf1-4de9-8ae8-e3cce27b9f2c;NotificationInterval=1440;Trigger=NetworkAvailable"
"9/9/2026 4:46:54 AM","1003","Information","Microsoft-Windows-Security-SPP","CRASHLAB-01","The Software Protection service has completed licensing status check. Application Id=55c92734-d682-4d71-983e-d6ec3f16059f Licensing Status= 1: 01eb852c-424d-4060-94b8-c10d799d7364, 1, 0 [(0 [0xC004F014, 0, 0], [(?)(?)(?)(?)(?)(?)(?)(?)])(1 )(2 )(3 )] 2: 040fa323-92b1-4baf-97a2-5b67feaefddb, 1, 0 [(0 [0xC004F014, 0, 0], [(?)(?)(?)(?)(?)(?)(?)(?)])(1 )(2 )(3 )] 3: 0724cb7d-3437-4cb7-93cb-830375d0079d, 1, 0 [(0 [0xC004F014, 0, 0], [(?)(?)(?)(?)(?)(?)(?)(?)])(1 )(2 )(3 )] 4: 0ad2ac98-7bb9-4201-8d92-312299201369, 1, 0 [(0 [0xC004F014, 0, 0], [(?)(?)(?)(?)(?)(?)(?)(?)])(1 )(2 )(3 )] 5: 19de9b2f-0166-4abb-9534-56ea69a80edb, 1, 0 [(0 [0xC004F014, 0, 0], [(?)(?)(?)(?)(?)(?)(?)(?)])(1 )(2 )(3 )] 6: 1a9a717a-cf13-4ba5-83c3-0fe25fa868d5, 1, 0 [(0 [0xC004F014, 0, 0], [(?)(?)(?)(?)(?)(?)(?)(?)])(1 )(2 )(3 )] 7: 221a02da-e2a1-4b75-864c-0a4410a33fdf, 1, 0 [(0 [0xC004F014, 0, 0], [(?)(?)(?)(?)(?)(?)(?)(?)])(1 )(2 )(3 )] 8: 265f3fad-6a1c-4bdd-ae30-c75efa556ccb, 1, 0 [(0 [0xC004F014, 0, 0], [(?)(?)(?)(?)(?)(?)(?)(?)])(1 )(2 )(3 )] 9: 291ece0e-9c38-40ca-a9e1-32cc7ec19507, 1, 0 [(0 [0xC004F014, 0, 0], [(?)(?)(?)(?)(?)(?)(?)(?)])(1 )(2 )(3 )] 10: 2936d1d2-913a-4542-b54e-ce5a602a2a38, 1, 0 [(0 [0xC004F014, 0, 0], [(?)(?)(?)(?)(?)(?)(?)(?)])(1 )(2 )(3 )] 11: 2c293c26-a45a-4a2a-a350-c69a67097529, 1, 0 [(0 [0xC004F014, 0, 0], [(?)(?)(?)(?)(?)(?)(?)(?)])(1 )(2 )(3 )] 12: 2de67392-b7a7-462a-b1ca-108dd189f588, 1, 0 [(0 [0xC004F014, 0, 0], [(?)(?)(?)(?)(?)(?)(?)(?)])(1 )(2 )(3 )] 13: 2ffd8952-423e-4903-b993-72a1aa44cf82, 1, 0 [(0 [0xC004F014, 0, 0], [(?)(?)(?)(?)(?)(?)(?)(?)])(1 )(2 )(3 )] 14: 30a42c86-b7a0-4a34-8c90-ff177cb2acb7, 1, 0 [(0 [0xC004F014, 0, 0], [(?)(?)(?)(?)(?)(?)(?)(?)])(1 )(2 )(3 )] 15: 345a5db0-d94f-4e3b-a0c0-7c42f7bc3ebf, 1, 0 [(0 [0xC004F014, 0, 0], [(?)(?)(?)(?)(?)(?)(?)(?)])(1 )(2 )(3 )] 16: 3502365a-f88a-4ba4-822a-5769d3073b65, 1, 0 [(0 [0xC004F014, 0, 0], [(?)(?)(?)(?)(?)(?)(?)(?)])(1 )(2 )(3 )] 17: 377333b1-8b5d-48d6-9679-1225c872d37c, 1, 0 [(0 [0xC004F014, 0, 0], [(?)(?)(?)(?)(?)(?)(?)(?)])(1 )(2 )(3 )] 18: 3df374ef-d444-4494-a5a1-4b0d9fd0e203, 1, 0 [(0 [0xC004F014, 0, 0], [(?)(?)(?)(?)(?)(?)(?)(?)])(1 )(2 )(3 )] 19: 3ebce241-ea87-4946-8a4f-80d00e921dff, 1, 0 [(0 [0xC004F014, 0, 0], [(?)(?)(?)(?)(?)(?)(?)(?)])(1 )(2 )(3 )] 20: 3f1afc82-f8ac-4f6c-8005-1d233e606eee, 1, 0 [(0 [0xC004F014, 0, 0], [(?)(?)(?)(?)(?)(?)(?)(?)])(1 )(2 )(3 )] 21: 4322a811-697c-44dc-865e-3e2fdcb86009, 1, 0 [(0 [0xC004F014, 0, 0], [(?)(?)(?)(?)(?)(?)(?)(?)])(1 )(2 )(3 )] 22: 49cd895b-53b2-4dc4-a5f7-b18aa019ad37, 1, 0 [(0 [0xC004F014, 0, 0], [(?)(?)(?)(?)(?)(?)(?)(?)])(1 )(2 )(3 )] 23: 4de7cb65-cdf1-4de9-8ae8-e3cce27b9f2c, 1, 1 [(0 )(1 )(2 [0xC004E003, 0, 0], [( 1 0xC004F034)( 1 0xC004F034)(?)(?)(?)(?)(?)(?)])(3 [0x00000000, 0, 0], [( 6 0xC004F009 0 0)( 1 0x00000000)( 6 0xC004F009 0 0)(?)(?)(?)( 10 0x00000000 msft:rm/algorithm/flags/1.0)( 11 0x00000000 0xC004F034)])] 24: 4f3da0d2-271d-4508-ae81-626b60809a38, 1, 0 [(0 [0xC004F014, 0, 0], [(?)(?)(?)(?)(?)(?)(?)(?)])(1 )(2 )(3 )] 25: 5d78c4e9-aeb3-4b40-8ac2-6a6005e0ad6d, 1, 0 [(0 [0xC004F014, 0, 0], [(?)(?)(?)(?)(?)(?)(?)(?)])(1 )(2 )(3 )] 26: 60b3ec1b-9545-4921-821f-311b129dd6f6, 1, 0 [(0 [0xC004F014, 0, 0], [(?)(?)(?)(?)(?)(?)(?)(?)])(1 )(2 )(3 )] 27: 613d217f-7f13-4268-9907-1662339531cd, 1, 0 [(0 [0xC004F014, 0, 0], [(?)(?)(?)(?)(?)(?)(?)(?)])(1 )(2 )(3 )] 28: 62f0c100-9c53-4e02-b886-a3528ddfe7f6, 1, 0 [(0 [0xC004F014, 0, 0], [(?)(?)(?)(?)(?)(?)(?)(?)])(1 )(2 )(3 )] 29: 6365275e-368d-46ca-a0ef-fc0404119333, 1, 0 [(0 [0xC004F014, 0, 0], [(?)(?)(?)(?)(?)(?)(?)(?)])(1 )(2 )(3 )] 30: 721f9237-9341-4453-a661-09e8baa6cca5, 1, 0 [(0 [0xC004F014, 0, 0], [(?)(?)(?)(?)(?)(?)(?)(?)])(1 )(2 )(3 )] 31: 73111121-5638-40f6-bc11-f1d7b0d64300, 1, 0 [(0 [0xC004F014, 0, 0], [(?)(?)(?)(?)(?)(?)(?)(?)])(1 )(2 )(3 )] 32: 7a802526-4c94-4bd1-ba14-835a1aca2120, 1, 0 [(0 [0xC004F014, 0, 0], [(?)(?)(?)(?)(?)(?)(?)(?)])(1 )(2 )(3 )] 33: 7cb546c0-c7d5-44d8-9a5c-69ecdd782b69, 1, 0 [(0 [0xC004F014, 0, 0], [(?)(?)(?)(?)(?)(?)(?)(?)])(1 )(2 )(3 )] 34: 80083eae-7031-4394-9e88-4901973d56fe, 1, 0 [(0 [0xC004F014, 0, 0], [(?)(?)(?)(?)(?)(?)(?)(?)])(1 )(2 )(3 )] 35: 82bbc092-bc50-4e16-8e18-b74fc486aec3, 1, 0 [(0 [0xC004F014, 0, 0], [(?)(?)(?)(?)(?)(?)(?)(?)])(1 )(2 )(3 )] 36: 8ab9bdd1-1f67-4997-82d9-8878520837d9, 1, 0 [(0 [0xC004F014, 0, 0], [(?)(?)(?)(?)(?)(?)(?)(?)])(1 )(2 )(3 )] 37: 8b351c9c-f398-4515-9900-09df49427262, 1, 0 [(0 [0xC004F014, 0, 0], [(?)(?)(?)(?)(?)(?)(?)(?)])(1 )(2 )(3 )] 38: 90da7373-1c51-430b-bf26-c97e9c5cdc31, 1, 0 [(0 [0xC004F014, 0, 0], [(?)(?)(?)(?)(?)(?)(?)(?)])(1 )(2 )(3 )] 39: 92fb8726-92a8-4ffc-94ce-f82e07444653, 1, 0 [(0 [0xC004F014, 0, 0], [(?)(?)(?)(?)(?)(?)(?)(?)])(1 )(2 )(3 )] 40: 95dca82f-385d-4d39-b85b-5c73fa285d6f, 1, 0 [(0 [0xC004F014, 0, 0], [(?)(?)(?)(?)(?)(?)(?)(?)])(1 )(2 )(3 )] 41: 97cde3ae-e908-4b59-ac96-a17645c5b57e, 1, 0 [(0 [0xC004F014, 0, 0], [(?)(?)(?)(?)(?)(?)(?)(?)])(1 )(2 )(3 )] 42: a48938aa-62fa-4966-9d44-9f04da3f72f2, 1, 0 [(0 [0xC004F014, 0, 0], [(?)(?)(?)(?)(?)(?)(?)(?)])(1 )(2 )(3 )] 43: b0773a15-df3a-4312-9ad2-83d69648e356, 1, 0 [(0 [0xC004F014, 0, 0], [(?)(?)(?)(?)(?)(?)(?)(?)])(1 )(2 )(3 )] 44: b4bfe195-541e-4e64-ad23-6177f19e395e, 1, 0 [(0 [0xC004F014, 0, 0], [(?)(?)(?)(?)(?)(?)(?)(?)])(1 )(2 )(3 )] 45: b68e61d2-68ca-4757-be45-0cc2f3e68eee, 1, 0 [(0 [0xC004F014, 0, 0], [(?)(?)(?)(?)(?)(?)(?)(?)])(1 )(2 )(3 )] 46: bd3762d7-270d-4760-8fb3-d829ca45278a, 1, 0 [(0 [0xC004F014, 0, 0], [(?)(?)(?)(?)(?)(?)(?)(?)])(1 )(2 )(3 )] 47: c86d5194-4840-4dae-9c1c-0301003a5ab0, 1, 0 [(0 [0xC004F014, 0, 0], [(?)(?)(?)(?)(?)(?)(?)(?)])(1 )(2 )(3 )] 48: ca7df2e3-5ea0-47b8-9ac1-b1be4d8edd69, 1, 0 [(0 [0xC004F014, 0, 0], [(?)(?)(?)(?)(?)(?)(?)(?)])(1 )(2 )(3 )] 49: d552befb-48cc-4327-8f39-47d2d94f987c, 1, 0 [(0 [0xC004F014, 0, 0], [(?)(?)(?)(?)(?)(?)(?)(?)])(1 )(2 )(3 )] 50: d6eadb3b-5ca8-4a6b-986e-35b550756111, 1, 0 [(0 [0xC004F014, 0, 0], [(?)(?)(?)(?)(?)(?)(?)(?)])(1 )(2 )(3 )] 51: df96023b-dcd9-4be2-afa0-c6c871159ebe, 1, 0 [(0 [0xC004F014, 0, 0], [(?)(?)(?)(?)(?)(?)(?)(?)])(1 )(2 )(3 )] 52: e0c42288-980c-4788-a014-c080d2e1926e, 1, 0 [(0 [0xC004F014, 0, 0], [(?)(?)(?)(?)(?)(?)(?)(?)])(1 )(2 )(3 )] 53: e4db50ea-bda1-4566-b047-0ca50abc6f07, 1, 0 [(0 [0xC004F014, 0, 0], [(?)(?)(?)(?)(?)(?)(?)(?)])(1 )(2 )(3 )] 54: e558417a-5123-4f6f-91e7-385c1c7ca9d4, 1, 0 [(0 [0xC004F014, 0, 0], [(?)(?)(?)(?)(?)(?)(?)(?)])(1 )(2 )(3 )] 55: e7a950a2-e548-4f10-bf16-02ec848e0643, 1, 0 [(0 [0xC004F014, 0, 0], [(?)(?)(?)(?)(?)(?)(?)(?)])(1 )(2 )(3 )] 56: eb6d346f-1c60-4643-b960-40ec31596c45, 1, 0 [(0 [0xC004F014, 0, 0], [(?)(?)(?)(?)(?)(?)(?)(?)])(1 )(2 )(3 )] 57: ec868e65-fadf-4759-b23e-93fe37f2cc29, 1, 0 [(0 [0xC004F014, 0, 0], [(?)(?)(?)(?)(?)(?)(?)(?)])(1 )(2 )(3 )] 58: ef51e000-2659-4f25-8345-3de70a9cf4c4, 1, 0 [(0 [0xC004F014, 0, 0], [(?)(?)(?)(?)(?)(?)(?)(?)])(1 )(2 )(3 )] 59: f7af7d09-40e4-419c-a49b-eae366689ebd, 1, 0 [(0 [0xC004F014, 0, 0], [(?)(?)(?)(?)(?)(?)(?)(?)])(1 )(2 )(3 )] 60: fa755fe6-6739-40b9-8d84-6d0ea3b6d1ab, 1, 0 [(0 [0xC004F014, 0, 0], [(?)(?)(?)(?)(?)(?)(?)(?)])(1 )(2 )(3 )] 61: fe74f55b-0338-41d6-b267-4a201abe7285, 1, 0 [(0 [0xC004F014, 0, 0], [(?)(?)(?)(?)(?)(?)(?)(?)])(1 )(2 )(3 )]"
"9/9/2026 4:46:53 AM","902","Information","Microsoft-Windows-Security-SPP","CRASHLAB-01","The Software Protection service has started. 10.0.26100.8036"
"9/9/2026 4:46:53 AM","1003","Information","Microsoft-Windows-Security-SPP","CRASHLAB-01","The Software Protection service has completed licensing status check. Application Id=55c92734-d682-4d71-983e-d6ec3f16059f Licensing Status= 1: 01eb852c-424d-4060-94b8-c10d799d7364, 1, 0 [(0 [0xC004F014, 0, 0], [(?)(?)(?)(?)(?)(?)(?)(?)])(1 )(2 )(3 )] 2: 040fa323-92b1-4baf-97a2-5b67feaefddb, 1, 0 [(0 [0xC004F014, 0, 0], [(?)(?)(?)(?)(?)(?)(?)(?)])(1 )(2 )(3 )] 3: 0724cb7d-3437-4cb7-93cb-830375d0079d, 1, 0 [(0 [0xC004F014, 0, 0], [(?)(?)(?)(?)(?)(?)(?)(?)])(1 )(2 )(3 )] 4: 0ad2ac98-7bb9-4201-8d92-312299201369, 1, 0 [(0 [0xC004F014, 0, 0], [(?)(?)(?)(?)(?)(?)(?)(?)])(1 )(2 )(3 )] 5: 19de9b2f-0166-4abb-9534-56ea69a80edb, 1, 0 [(0 [0xC004F014, 0, 0], [(?)(?)(?)(?)(?)(?)(?)(?)])(1 )(2 )(3 )] 6: 1a9a717a-cf13-4ba5-83c3-0fe25fa868d5, 1, 0 [(0 [0xC004F014, 0, 0], [(?)(?)(?)(?)(?)(?)(?)(?)])(1 )(2 )(3 )] 7: 221a02da-e2a1-4b75-864c-0a4410a33fdf, 1, 0 [(0 [0xC004F014, 0, 0], [(?)(?)(?)(?)(?)(?)(?)(?)])(1 )(2 )(3 )] 8: 265f3fad-6a1c-4bdd-ae30-c75efa556ccb, 1, 0 [(0 [0xC004F014, 0, 0], [(?)(?)(?)(?)(?)(?)(?)(?)])(1 )(2 )(3 )] 9: 291ece0e-9c38-40ca-a9e1-32cc7ec19507, 1, 0 [(0 [0xC004F014, 0, 0], [(?)(?)(?)(?)(?)(?)(?)(?)])(1 )(2 )(3 )] 10: 2936d1d2-913a-4542-b54e-ce5a602a2a38, 1, 0 [(0 [0xC004F014, 0, 0], [(?)(?)(?)(?)(?)(?)(?)(?)])(1 )(2 )(3 )] 11: 2c293c26-a45a-4a2a-a350-c69a67097529, 1, 0 [(0 [0xC004F014, 0, 0], [(?)(?)(?)(?)(?)(?)(?)(?)])(1 )(2 )(3 )] 12: 2de67392-b7a7-462a-b1ca-108dd189f588, 1, 0 [(0 [0xC004F014, 0, 0], [(?)(?)(?)(?)(?)(?)(?)(?)])(1 )(2 )(3 )] 13: 2ffd8952-423e-4903-b993-72a1aa44cf82, 1, 0 [(0 [0xC004F014, 0, 0], [(?)(?)(?)(?)(?)(?)(?)(?)])(1 )(2 )(3 )] 14: 30a42c86-b7a0-4a34-8c90-ff177cb2acb7, 1, 0 [(0 [0xC004F014, 0, 0], [(?)(?)(?)(?)(?)(?)(?)(?)])(1 )(2 )(3 )] 15: 345a5db0-d94f-4e3b-a0c0-7c42f7bc3ebf, 1, 0 [(0 [0xC004F014, 0, 0], [(?)(?)(?)(?)(?)(?)(?)(?)])(1 )(2 )(3 )] 16: 3502365a-f88a-4ba4-822a-5769d3073b65, 1, 0 [(0 [0xC004F014, 0, 0], [(?)(?)(?)(?)(?)(?)(?)(?)])(1 )(2 )(3 )] 17: 377333b1-8b5d-48d6-9679-1225c872d37c, 1, 0 [(0 [0xC004F014, 0, 0], [(?)(?)(?)(?)(?)(?)(?)(?)])(1 )(2 )(3 )] 18: 3df374ef-d444-4494-a5a1-4b0d9fd0e203, 1, 0 [(0 [0xC004F014, 0, 0], [(?)(?)(?)(?)(?)(?)(?)(?)])(1 )(2 )(3 )] 19: 3ebce241-ea87-4946-8a4f-80d00e921dff, 1, 0 [(0 [0xC004F014, 0, 0], [(?)(?)(?)(?)(?)(?)(?)(?)])(1 )(2 )(3 )] 20: 3f1afc82-f8ac-4f6c-8005-1d233e606eee, 1, 0 [(0 [0xC004F014, 0, 0], [(?)(?)(?)(?)(?)(?)(?)(?)])(1 )(2 )(3 )] 21: 4322a811-697c-44dc-865e-3e2fdcb86009, 1, 0 [(0 [0xC004F014, 0, 0], [(?)(?)(?)(?)(?)(?)(?)(?)])(1 )(2 )(3 )] 22: 49cd895b-53b2-4dc4-a5f7-b18aa019ad37, 1, 0 [(0 [0xC004F014, 0, 0], [(?)(?)(?)(?)(?)(?)(?)(?)])(1 )(2 )(3 )] 23: 4de7cb65-cdf1-4de9-8ae8-e3cce27b9f2c, 1, 1 [(0 )(1 )(2 [0xC004E003, 0, 0], [( 1 0xC004F034)( 1 0xC004F034)(?)(?)(?)(?)(?)(?)])(3 [0x00000000, 0, 0], [( 6 0xC004F009 0 0)( 1 0x00000000)( 6 0xC004F009 0 0)(?)(?)(?)( 10 0x00000000 msft:rm/algorithm/flags/1.0)( 11 0x00000000 0xC004F034)])] 24: 4f3da0d2-271d-4508-ae81-626b60809a38, 1, 0 [(0 [0xC004F014, 0, 0], [(?)(?)(?)(?)(?)(?)(?)(?)])(1 )(2 )(3 )] 25: 5d78c4e9-aeb3-4b40-8ac2-6a6005e0ad6d, 1, 0 [(0 [0xC004F014, 0, 0], [(?)(?)(?)(?)(?)(?)(?)(?)])(1 )(2 )(3 )] 26: 60b3ec1b-9545-4921-821f-311b129dd6f6, 1, 0 [(0 [0xC004F014, 0, 0], [(?)(?)(?)(?)(?)(?)(?)(?)])(1 )(2 )(3 )] 27: 613d217f-7f13-4268-9907-1662339531cd, 1, 0 [(0 [0xC004F014, 0, 0], [(?)(?)(?)(?)(?)(?)(?)(?)])(1 )(2 )(3 )] 28: 62f0c100-9c53-4e02-b886-a3528ddfe7f6, 1, 0 [(0 [0xC004F014, 0, 0], [(?)(?)(?)(?)(?)(?)(?)(?)])(1 )(2 )(3 )] 29: 6365275e-368d-46ca-a0ef-fc0404119333, 1, 0 [(0 [0xC004F014, 0, 0], [(?)(?)(?)(?)(?)(?)(?)(?)])(1 )(2 )(3 )] 30: 721f9237-9341-4453-a661-09e8baa6cca5, 1, 0 [(0 [0xC004F014, 0, 0], [(?)(?)(?)(?)(?)(?)(?)(?)])(1 )(2 )(3 )] 31: 73111121-5638-40f6-bc11-f1d7b0d64300, 1, 0 [(0 [0xC004F014, 0, 0], [(?)(?)(?)(?)(?)(?)(?)(?)])(1 )(2 )(3 )] 32: 7a802526-4c94-4bd1-ba14-835a1aca2120, 1, 0 [(0 [0xC004F014, 0, 0], [(?)(?)(?)(?)(?)(?)(?)(?)])(1 )(2 )(3 )] 33: 7cb546c0-c7d5-44d8-9a5c-69ecdd782b69, 1, 0 [(0 [0xC004F014, 0, 0], [(?)(?)(?)(?)(?)(?)(?)(?)])(1 )(2 )(3 )] 34: 80083eae-7031-4394-9e88-4901973d56fe, 1, 0 [(0 [0xC004F014, 0, 0], [(?)(?)(?)(?)(?)(?)(?)(?)])(1 )(2 )(3 )] 35: 82bbc092-bc50-4e16-8e18-b74fc486aec3, 1, 0 [(0 [0xC004F014, 0, 0], [(?)(?)(?)(?)(?)(?)(?)(?)])(1 )(2 )(3 )] 36: 8ab9bdd1-1f67-4997-82d9-8878520837d9, 1, 0 [(0 [0xC004F014, 0, 0], [(?)(?)(?)(?)(?)(?)(?)(?)])(1 )(2 )(3 )] 37: 8b351c9c-f398-4515-9900-09df49427262, 1, 0 [(0 [0xC004F014, 0, 0], [(?)(?)(?)(?)(?)(?)(?)(?)])(1 )(2 )(3 )] 38: 90da7373-1c51-430b-bf26-c97e9c5cdc31, 1, 0 [(0 [0xC004F014, 0, 0], [(?)(?)(?)(?)(?)(?)(?)(?)])(1 )(2 )(3 )] 39: 92fb8726-92a8-4ffc-94ce-f82e07444653, 1, 0 [(0 [0xC004F014, 0, 0], [(?)(?)(?)(?)(?)(?)(?)(?)])(1 )(2 )(3 )] 40: 95dca82f-385d-4d39-b85b-5c73fa285d6f, 1, 0 [(0 [0xC004F014, 0, 0], [(?)(?)(?)(?)(?)(?)(?)(?)])(1 )(2 )(3 )] 41: 97cde3ae-e908-4b59-ac96-a17645c5b57e, 1, 0 [(0 [0xC004F014, 0, 0], [(?)(?)(?)(?)(?)(?)(?)(?)])(1 )(2 )(3 )] 42: a48938aa-62fa-4966-9d44-9f04da3f72f2, 1, 0 [(0 [0xC004F014, 0, 0], [(?)(?)(?)(?)(?)(?)(?)(?)])(1 )(2 )(3 )] 43: b0773a15-df3a-4312-9ad2-83d69648e356, 1, 0 [(0 [0xC004F014, 0, 0], [(?)(?)(?)(?)(?)(?)(?)(?)])(1 )(2 )(3 )] 44: b4bfe195-541e-4e64-ad23-6177f19e395e, 1, 0 [(0 [0xC004F014, 0, 0], [(?)(?)(?)(?)(?)(?)(?)(?)])(1 )(2 )(3 )] 45: b68e61d2-68ca-4757-be45-0cc2f3e68eee, 1, 0 [(0 [0xC004F014, 0, 0], [(?)(?)(?)(?)(?)(?)(?)(?)])(1 )(2 )(3 )] 46: bd3762d7-270d-4760-8fb3-d829ca45278a, 1, 0 [(0 [0xC004F014, 0, 0], [(?)(?)(?)(?)(?)(?)(?)(?)])(1 )(2 )(3 )] 47: c86d5194-4840-4dae-9c1c-0301003a5ab0, 1, 0 [(0 [0xC004F014, 0, 0], [(?)(?)(?)(?)(?)(?)(?)(?)])(1 )(2 )(3 )] 48: ca7df2e3-5ea0-47b8-9ac1-b1be4d8edd69, 1, 0 [(0 [0xC004F014, 0, 0], [(?)(?)(?)(?)(?)(?)(?)(?)])(1 )(2 )(3 )] 49: d552befb-48cc-4327-8f39-47d2d94f987c, 1, 0 [(0 [0xC004F014, 0, 0], [(?)(?)(?)(?)(?)(?)(?)(?)])(1 )(2 )(3 )] 50: d6eadb3b-5ca8-4a6b-986e-35b550756111, 1, 0 [(0 [0xC004F014, 0, 0], [(?)(?)(?)(?)(?)(?)(?)(?)])(1 )(2 )(3 )] 51: df96023b-dcd9-4be2-afa0-c6c871159ebe, 1, 0 [(0 [0xC004F014, 0, 0], [(?)(?)(?)(?)(?)(?)(?)(?)])(1 )(2 )(3 )] 52: e0c42288-980c-4788-a014-c080d2e1926e, 1, 0 [(0 [0xC004F014, 0, 0], [(?)(?)(?)(?)(?)(?)(?)(?)])(1 )(2 )(3 )] 53: e4db50ea-bda1-4566-b047-0ca50abc6f07, 1, 0 [(0 [0xC004F014, 0, 0], [(?)(?)(?)(?)(?)(?)(?)(?)])(1 )(2 )(3 )] 54: e558417a-5123-4f6f-91e7-385c1c7ca9d4, 1, 0 [(0 [0xC004F014, 0, 0], [(?)(?)(?)(?)(?)(?)(?)(?)])(1 )(2 )(3 )] 55: e7a950a2-e548-4f10-bf16-02ec848e0643, 1, 0 [(0 [0xC004F014, 0, 0], [(?)(?)(?)(?)(?)(?)(?)(?)])(1 )(2 )(3 )] 56: eb6d346f-1c60-4643-b960-40ec31596c45, 1, 0 [(0 [0xC004F014, 0, 0], [(?)(?)(?)(?)(?)(?)(?)(?)])(1 )(2 )(3 )] 57: ec868e65-fadf-4759-b23e-93fe37f2cc29, 1, 0 [(0 [0xC004F014, 0, 0], [(?)(?)(?)(?)(?)(?)(?)(?)])(1 )(2 )(3 )] 58: ef51e000-2659-4f25-8345-3de70a9cf4c4, 1, 0 [(0 [0xC004F014, 0, 0], [(?)(?)(?)(?)(?)(?)(?)(?)])(1 )(2 )(3 )] 59: f7af7d09-40e4-419c-a49b-eae366689ebd, 1, 0 [(0 [0xC004F014, 0, 0], [(?)(?)(?)(?)(?)(?)(?)(?)])(1 )(2 )(3 )] 60: fa755fe6-6739-40b9-8d84-6d0ea3b6d1ab, 1, 0 [(0 [0xC004F014, 0, 0], [(?)(?)(?)(?)(?)(?)(?)(?)])(1 )(2 )(3 )] 61: fe74f55b-0338-41d6-b267-4a201abe7285, 1, 0 [(0 [0xC004F014, 0, 0], [(?)(?)(?)(?)(?)(?)(?)(?)])(1 )(2 )(3 )]"
"9/9/2026 4:46:53 AM","1066","Information","Microsoft-Windows-Security-SPP","CRASHLAB-01","Initialization status for service objects. C:\WINDOWS\system32\sppwinob.dll, msft:spp/windowsfunctionality/agent/7.0, 0x00000000, 0x00000000 C:\WINDOWS\system32\sppobjs.dll, msft:rm/algorithm/inherited/1.0, 0x00000000, 0x00000000 C:\WINDOWS\system32\sppobjs.dll, msft:rm/algorithm/phone/1.0, 0x00000000, 0x00000000 C:\WINDOWS\system32\sppobjs.dll, msft:rm/algorithm/pkey/detect, 0x00000000, 0x00000000 C:\WINDOWS\system32\sppobjs.dll, msft:spp/ActionScheduler/1.0, 0x00000000, 0x00000000 C:\WINDOWS\system32\sppobjs.dll, msft:spp/TaskScheduler/1.0, 0x00000000, 0x00000000 C:\WINDOWS\system32\sppobjs.dll, msft:spp/statecollector/pkey, 0x00000000, 0x00000000 C:\WINDOWS\system32\sppobjs.dll, msft:spp/volume/services/kms/1.0, 0x00000000, 0x00000000 C:\WINDOWS\system32\sppobjs.dll, msft:spp/volume/services/kms/activationinfo/1.0, 0x00000000, 0x00000000"
"9/9/2026 4:46:53 AM","16394","Information","Microsoft-Windows-Security-SPP","CRASHLAB-01","Offline downlevel migration succeeded."
"9/9/2026 4:46:53 AM","900","Information","Microsoft-Windows-Security-SPP","CRASHLAB-01","The Software Protection service is starting. Parameters:TriggerStarted:6"
"9/9/2026 4:46:52 AM","5615","Information","Microsoft-Windows-WMI","CRASHLAB-01","Windows Management Instrumentation Service started sucessfully"
"9/9/2026 4:46:51 AM","1531","Information","Microsoft-Windows-User Profiles Service","CRASHLAB-01","The User Profile Service has started successfully."
"9/9/2026 4:46:51 AM","4625","Information","Microsoft-Windows-EventSystem","CRASHLAB-01","The EventSystem sub system is suppressing duplicate event log entries for a duration of 86400 seconds. The suppression timeout can be controlled by a REG_DWORD value named SuppressDuplicateDuration under the following registry key: HKLM\Software\Microsoft\EventSystem\EventLog."
"9/8/2026 6:18:04 PM","1532","Information","Microsoft-Windows-User Profiles Service","CRASHLAB-01","The User Profile Service has stopped."
"9/8/2026 6:18:03 PM","6000","Information","Microsoft-Windows-Winlogon","CRASHLAB-01","The winlogon notification subscriber <SessionEnv> was unavailable to handle a notification event."
"9/8/2026 6:18:03 PM","6000","Information","Microsoft-Windows-Winlogon","CRASHLAB-01","The winlogon notification subscriber <WSearch> was unavailable to handle a notification event."
"9/8/2026 6:17:41 PM","1003","Information","Microsoft-Windows-Search","CRASHLAB-01","The Windows Search Service started."
"9/8/2026 6:17:35 PM","5617","Information","Microsoft-Windows-WMI","CRASHLAB-01","Windows Management Instrumentation Service subsystems initialized successfully"
"9/8/2026 6:17:26 PM","8198","Error","Microsoft-Windows-Security-SPP","CRASHLAB-01","License Activation (slui.exe) failed with the following error code: hr=0x803F7001 Command-line arguments: RuleId=31e71c49-8da7-4a2f-ad92-45d98a1c79ba;Action=AutoActivate;AppId=55c92734-d682-4d71-983e-d6ec3f16059f;SkuId=4de7cb65-cdf1-4de9-8ae8-e3cce27b9f2c;NotificationInterval=1440;Trigger=UserLogon;SessionId=1"
"9/8/2026 6:17:26 PM","1003","Information","Microsoft-Windows-Security-SPP","CRASHLAB-01","The Software Protection service has completed licensing status check. Application Id=55c92734-d682-4d71-983e-d6ec3f16059f Licensing Status= 1: 01eb852c-424d-4060-94b8-c10d799d7364, 1, 0 [(0 [0xC004F014, 0, 0], [(?)(?)(?)(?)(?)(?)(?)(?)])(1 )(2 )(3 )] 2: 040fa323-92b1-4baf-97a2-5b67feaefddb, 1, 0 [(0 [0xC004F014, 0, 0], [(?)(?)(?)(?)(?)(?)(?)(?)])(1 )(2 )(3 )] 3: 0724cb7d-3437-4cb7-93cb-830375d0079d, 1, 0 [(0 [0xC004F014, 0, 0], [(?)(?)(?)(?)(?)(?)(?)(?)])(1 )(2 )(3 )] 4: 0ad2ac98-7bb9-4201-8d92-312299201369, 1, 0 [(0 [0xC004F014, 0, 0], [(?)(?)(?)(?)(?)(?)(?)(?)])(1 )(2 )(3 )] 5: 19de9b2f-0166-4abb-9534-56ea69a80edb, 1, 0 [(0 [0xC004F014, 0, 0], [(?)(?)(?)(?)(?)(?)(?)(?)])(1 )(2 )(3 )] 6: 1a9a717a-cf13-4ba5-83c3-0fe25fa868d5, 1, 0 [(0 [0xC004F014, 0, 0], [(?)(?)(?)(?)(?)(?)(?)(?)])(1 )(2 )(3 )] 7: 221a02da-e2a1-4b75-864c-0a4410a33fdf, 1, 0 [(0 [0xC004F014, 0, 0], [(?)(?)(?)(?)(?)(?)(?)(?)])(1 )(2 )(3 )] 8: 265f3fad-6a1c-4bdd-ae30-c75efa556ccb, 1, 0 [(0 [0xC004F014, 0, 0], [(?)(?)(?)(?)(?)(?)(?)(?)])(1 )(2 )(3 )] 9: 291ece0e-9c38-40ca-a9e1-32cc7ec19507, 1, 0 [(0 [0xC004F014, 0, 0], [(?)(?)(?)(?)(?)(?)(?)(?)])(1 )(2 )(3 )] 10: 2936d1d2-913a-4542-b54e-ce5a602a2a38, 1, 0 [(0 [0xC004F014, 0, 0], [(?)(?)(?)(?)(?)(?)(?)(?)])(1 )(2 )(3 )] 11: 2c293c26-a45a-4a2a-a350-c69a67097529, 1, 0 [(0 [0xC004F014, 0, 0], [(?)(?)(?)(?)(?)(?)(?)(?)])(1 )(2 )(3 )] 12: 2de67392-b7a7-462a-b1ca-108dd189f588, 1, 0 [(0 [0xC004F014, 0, 0], [(?)(?)(?)(?)(?)(?)(?)(?)])(1 )(2 )(3 )] 13: 2ffd8952-423e-4903-b993-72a1aa44cf82, 1, 0 [(0 [0xC004F014, 0, 0], [(?)(?)(?)(?)(?)(?)(?)(?)])(1 )(2 )(3 )] 14: 30a42c86-b7a0-4a34-8c90-ff177cb2acb7, 1, 0 [(0 [0xC004F014, 0, 0], [(?)(?)(?)(?)(?)(?)(?)(?)])(1 )(2 )(3 )] 15: 345a5db0-d94f-4e3b-a0c0-7c42f7bc3ebf, 1, 0 [(0 [0xC004F014, 0, 0], [(?)(?)(?)(?)(?)(?)(?)(?)])(1 )(2 )(3 )] 16: 3502365a-f88a-4ba4-822a-5769d3073b65, 1, 0 [(0 [0xC004F014, 0, 0], [(?)(?)(?)(?)(?)(?)(?)(?)])(1 )(2 )(3 )] 17: 377333b1-8b5d-48d6-9679-1225c872d37c, 1, 0 [(0 [0xC004F014, 0, 0], [(?)(?)(?)(?)(?)(?)(?)(?)])(1 )(2 )(3 )] 18: 3df374ef-d444-4494-a5a1-4b0d9fd0e203, 1, 0 [(0 [0xC004F014, 0, 0], [(?)(?)(?)(?)(?)(?)(?)(?)])(1 )(2 )(3 )] 19: 3ebce241-ea87-4946-8a4f-80d00e921dff, 1, 0 [(0 [0xC004F014, 0, 0], [(?)(?)(?)(?)(?)(?)(?)(?)])(1 )(2 )(3 )] 20: 3f1afc82-f8ac-4f6c-8005-1d233e606eee, 1, 0 [(0 [0xC004F014, 0, 0], [(?)(?)(?)(?)(?)(?)(?)(?)])(1 )(2 )(3 )] 21: 4322a811-697c-44dc-865e-3e2fdcb86009, 1, 0 [(0 [0xC004F014, 0, 0], [(?)(?)(?)(?)(?)(?)(?)(?)])(1 )(2 )(3 )] 22: 49cd895b-53b2-4dc4-a5f7-b18aa019ad37, 1, 0 [(0 [0xC004F014, 0, 0], [(?)(?)(?)(?)(?)(?)(?)(?)])(1 )(2 )(3 )] 23: 4de7cb65-cdf1-4de9-8ae8-e3cce27b9f2c, 1, 1 [(0 )(1 )(2 [0xC004E003, 0, 0], [( 1 0xC004F034)( 1 0xC004F034)(?)(?)(?)(?)(?)(?)])(3 [0x00000000, 0, 0], [( 6 0xC004F009 0 0)( 1 0x00000000)( 6 0xC004F009 0 0)(?)(?)(?)( 10 0x00000000 msft:rm/algorithm/flags/1.0)( 11 0x00000000 0xC004F034)])] 24: 4f3da0d2-271d-4508-ae81-626b60809a38, 1, 0 [(0 [0xC004F014, 0, 0], [(?)(?)(?)(?)(?)(?)(?)(?)])(1 )(2 )(3 )] 25: 5d78c4e9-aeb3-4b40-8ac2-6a6005e0ad6d, 1, 0 [(0 [0xC004F014, 0, 0], [(?)(?)(?)(?)(?)(?)(?)(?)])(1 )(2 )(3 )] 26: 60b3ec1b-9545-4921-821f-311b129dd6f6, 1, 0 [(0 [0xC004F014, 0, 0], [(?)(?)(?)(?)(?)(?)(?)(?)])(1 )(2 )(3 )] 27: 613d217f-7f13-4268-9907-1662339531cd, 1, 0 [(0 [0xC004F014, 0, 0], [(?)(?)(?)(?)(?)(?)(?)(?)])(1 )(2 )(3 )] 28: 62f0c100-9c53-4e02-b886-a3528ddfe7f6, 1, 0 [(0 [0xC004F014, 0, 0], [(?)(?)(?)(?)(?)(?)(?)(?)])(1 )(2 )(3 )] 29: 6365275e-368d-46ca-a0ef-fc0404119333, 1, 0 [(0 [0xC004F014, 0, 0], [(?)(?)(?)(?)(?)(?)(?)(?)])(1 )(2 )(3 )] 30: 721f9237-9341-4453-a661-09e8baa6cca5, 1, 0 [(0 [0xC004F014, 0, 0], [(?)(?)(?)(?)(?)(?)(?)(?)])(1 )(2 )(3 )] 31: 73111121-5638-40f6-bc11-f1d7b0d64300, 1, 0 [(0 [0xC004F014, 0, 0], [(?)(?)(?)(?)(?)(?)(?)(?)])(1 )(2 )(3 )] 32: 7a802526-4c94-4bd1-ba14-835a1aca2120, 1, 0 [(0 [0xC004F014, 0, 0], [(?)(?)(?)(?)(?)(?)(?)(?)])(1 )(2 )(3 )] 33: 7cb546c0-c7d5-44d8-9a5c-69ecdd782b69, 1, 0 [(0 [0xC004F014, 0, 0], [(?)(?)(?)(?)(?)(?)(?)(?)])(1 )(2 )(3 )] 34: 80083eae-7031-4394-9e88-4901973d56fe, 1, 0 [(0 [0xC004F014, 0, 0], [(?)(?)(?)(?)(?)(?)(?)(?)])(1 )(2 )(3 )] 35: 82bbc092-bc50-4e16-8e18-b74fc486aec3, 1, 0 [(0 [0xC004F014, 0, 0], [(?)(?)(?)(?)(?)(?)(?)(?)])(1 )(2 )(3 )] 36: 8ab9bdd1-1f67-4997-82d9-8878520837d9, 1, 0 [(0 [0xC004F014, 0, 0], [(?)(?)(?)(?)(?)(?)(?)(?)])(1 )(2 )(3 )] 37: 8b351c9c-f398-4515-9900-09df49427262, 1, 0 [(0 [0xC004F014, 0, 0], [(?)(?)(?)(?)(?)(?)(?)(?)])(1 )(2 )(3 )] 38: 90da7373-1c51-430b-bf26-c97e9c5cdc31, 1, 0 [(0 [0xC004F014, 0, 0], [(?)(?)(?)(?)(?)(?)(?)(?)])(1 )(2 )(3 )] 39: 92fb8726-92a8-4ffc-94ce-f82e07444653, 1, 0 [(0 [0xC004F014, 0, 0], [(?)(?)(?)(?)(?)(?)(?)(?)])(1 )(2 )(3 )] 40: 95dca82f-385d-4d39-b85b-5c73fa285d6f, 1, 0 [(0 [0xC004F014, 0, 0], [(?)(?)(?)(?)(?)(?)(?)(?)])(1 )(2 )(3 )] 41: 97cde3ae-e908-4b59-ac96-a17645c5b57e, 1, 0 [(0 [0xC004F014, 0, 0], [(?)(?)(?)(?)(?)(?)(?)(?)])(1 )(2 )(3 )] 42: a48938aa-62fa-4966-9d44-9f04da3f72f2, 1, 0 [(0 [0xC004F014, 0, 0], [(?)(?)(?)(?)(?)(?)(?)(?)])(1 )(2 )(3 )] 43: b0773a15-df3a-4312-9ad2-83d69648e356, 1, 0 [(0 [0xC004F014, 0, 0], [(?)(?)(?)(?)(?)(?)(?)(?)])(1 )(2 )(3 )] 44: b4bfe195-541e-4e64-ad23-6177f19e395e, 1, 0 [(0 [0xC004F014, 0, 0], [(?)(?)(?)(?)(?)(?)(?)(?)])(1 )(2 )(3 )] 45: b68e61d2-68ca-4757-be45-0cc2f3e68eee, 1, 0 [(0 [0xC004F014, 0, 0], [(?)(?)(?)(?)(?)(?)(?)(?)])(1 )(2 )(3 )] 46: bd3762d7-270d-4760-8fb3-d829ca45278a, 1, 0 [(0 [0xC004F014, 0, 0], [(?)(?)(?)(?)(?)(?)(?)(?)])(1 )(2 )(3 )] 47: c86d5194-4840-4dae-9c1c-0301003a5ab0, 1, 0 [(0 [0xC004F014, 0, 0], [(?)(?)(?)(?)(?)(?)(?)(?)])(1 )(2 )(3 )] 48: ca7df2e3-5ea0-47b8-9ac1-b1be4d8edd69, 1, 0 [(0 [0xC004F014, 0, 0], [(?)(?)(?)(?)(?)(?)(?)(?)])(1 )(2 )(3 )] 49: d552befb-48cc-4327-8f39-47d2d94f987c, 1, 0 [(0 [0xC004F014, 0, 0], [(?)(?)(?)(?)(?)(?)(?)(?)])(1 )(2 )(3 )] 50: d6eadb3b-5ca8-4a6b-986e-35b550756111, 1, 0 [(0 [0xC004F014, 0, 0], [(?)(?)(?)(?)(?)(?)(?)(?)])(1 )(2 )(3 )] 51: df96023b-dcd9-4be2-afa0-c6c871159ebe, 1, 0 [(0 [0xC004F014, 0, 0], [(?)(?)(?)(?)(?)(?)(?)(?)])(1 )(2 )(3 )] 52: e0c42288-980c-4788-a014-c080d2e1926e, 1, 0 [(0 [0xC004F014, 0, 0], [(?)(?)(?)(?)(?)(?)(?)(?)])(1 )(2 )(3 )] 53: e4db50ea-bda1-4566-b047-0ca50abc6f07, 1, 0 [(0 [0xC004F014, 0, 0], [(?)(?)(?)(?)(?)(?)(?)(?)])(1 )(2 )(3 )] 54: e558417a-5123-4f6f-91e7-385c1c7ca9d4, 1, 0 [(0 [0xC004F014, 0, 0], [(?)(?)(?)(?)(?)(?)(?)(?)])(1 )(2 )(3 )] 55: e7a950a2-e548-4f10-bf16-02ec848e0643, 1, 0 [(0 [0xC004F014, 0, 0], [(?)(?)(?)(?)(?)(?)(?)(?)])(1 )(2 )(3 )] 56: eb6d346f-1c60-4643-b960-40ec31596c45, 1, 0 [(0 [0xC004F014, 0, 0], [(?)(?)(?)(?)(?)(?)(?)(?)])(1 )(2 )(3 )] 57: ec868e65-fadf-4759-b23e-93fe37f2cc29, 1, 0 [(0 [0xC004F014, 0, 0], [(?)(?)(?)(?)(?)(?)(?)(?)])(1 )(2 )(3 )] 58: ef51e000-2659-4f25-8345-3de70a9cf4c4, 1, 0 [(0 [0xC004F014, 0, 0], [(?)(?)(?)(?)(?)(?)(?)(?)])(1 )(2 )(3 )] 59: f7af7d09-40e4-419c-a49b-eae366689ebd, 1, 0 [(0 [0xC004F014, 0, 0], [(?)(?)(?)(?)(?)(?)(?)(?)])(1 )(2 )(3 )] 60: fa755fe6-6739-40b9-8d84-6d0ea3b6d1ab, 1, 0 [(0 [0xC004F014, 0, 0], [(?)(?)(?)(?)(?)(?)(?)(?)])(1 )(2 )(3 )] 61: fe74f55b-0338-41d6-b267-4a201abe7285, 1, 0 [(0 [0xC004F014, 0, 0], [(?)(?)(?)(?)(?)(?)(?)(?)])(1 )(2 )(3 )]"
"9/8/2026 6:17:26 PM","1003","Information","Microsoft-Windows-Security-SPP","CRASHLAB-01","The Software Protection service has completed licensing status check. Application Id=55c92734-d682-4d71-983e-d6ec3f16059f Licensing Status= 1: 01eb852c-424d-4060-94b8-c10d799d7364, 1, 0 [(0 [0xC004F014, 0, 0], [(?)(?)(?)(?)(?)(?)(?)(?)])(1 )(2 )(3 )] 2: 040fa323-92b1-4baf-97a2-5b67feaefddb, 1, 0 [(0 [0xC004F014, 0, 0], [(?)(?)(?)(?)(?)(?)(?)(?)])(1 )(2 )(3 )] 3: 0724cb7d-3437-4cb7-93cb-830375d0079d, 1, 0 [(0 [0xC004F014, 0, 0], [(?)(?)(?)(?)(?)(?)(?)(?)])(1 )(2 )(3 )] 4: 0ad2ac98-7bb9-4201-8d92-312299201369, 1, 0 [(0 [0xC004F014, 0, 0], [(?)(?)(?)(?)(?)(?)(?)(?)])(1 )(2 )(3 )] 5: 19de9b2f-0166-4abb-9534-56ea69a80edb, 1, 0 [(0 [0xC004F014, 0, 0], [(?)(?)(?)(?)(?)(?)(?)(?)])(1 )(2 )(3 )] 6: 1a9a717a-cf13-4ba5-83c3-0fe25fa868d5, 1, 0 [(0 [0xC004F014, 0, 0], [(?)(?)(?)(?)(?)(?)(?)(?)])(1 )(2 )(3 )] 7: 221a02da-e2a1-4b75-864c-0a4410a33fdf, 1, 0 [(0 [0xC004F014, 0, 0], [(?)(?)(?)(?)(?)(?)(?)(?)])(1 )(2 )(3 )] 8: 265f3fad-6a1c-4bdd-ae30-c75efa556ccb, 1, 0 [(0 [0xC004F014, 0, 0], [(?)(?)(?)(?)(?)(?)(?)(?)])(1 )(2 )(3 )] 9: 291ece0e-9c38-40ca-a9e1-32cc7ec19507, 1, 0 [(0 [0xC004F014, 0, 0], [(?)(?)(?)(?)(?)(?)(?)(?)])(1 )(2 )(3 )] 10: 2936d1d2-913a-4542-b54e-ce5a602a2a38, 1, 0 [(0 [0xC004F014, 0, 0], [(?)(?)(?)(?)(?)(?)(?)(?)])(1 )(2 )(3 )] 11: 2c293c26-a45a-4a2a-a350-c69a67097529, 1, 0 [(0 [0xC004F014, 0, 0], [(?)(?)(?)(?)(?)(?)(?)(?)])(1 )(2 )(3 )] 12: 2de67392-b7a7-462a-b1ca-108dd189f588, 1, 0 [(0 [0xC004F014, 0, 0], [(?)(?)(?)(?)(?)(?)(?)(?)])(1 )(2 )(3 )] 13: 2ffd8952-423e-4903-b993-72a1aa44cf82, 1, 0 [(0 [0xC004F014, 0, 0], [(?)(?)(?)(?)(?)(?)(?)(?)])(1 )(2 )(3 )] 14: 30a42c86-b7a0-4a34-8c90-ff177cb2acb7, 1, 0 [(0 [0xC004F014, 0, 0], [(?)(?)(?)(?)(?)(?)(?)(?)])(1 )(2 )(3 )] 15: 345a5db0-d94f-4e3b-a0c0-7c42f7bc3ebf, 1, 0 [(0 [0xC004F014, 0, 0], [(?)(?)(?)(?)(?)(?)(?)(?)])(1 )(2 )(3 )] 16: 3502365a-f88a-4ba4-822a-5769d3073b65, 1, 0 [(0 [0xC004F014, 0, 0], [(?)(?)(?)(?)(?)(?)(?)(?)])(1 )(2 )(3 )] 17: 377333b1-8b5d-48d6-9679-1225c872d37c, 1, 0 [(0 [0xC004F014, 0, 0], [(?)(?)(?)(?)(?)(?)(?)(?)])(1 )(2 )(3 )] 18: 3df374ef-d444-4494-a5a1-4b0d9fd0e203, 1, 0 [(0 [0xC004F014, 0, 0], [(?)(?)(?)(?)(?)(?)(?)(?)])(1 )(2 )(3 )] 19: 3ebce241-ea87-4946-8a4f-80d00e921dff, 1, 0 [(0 [0xC004F014, 0, 0], [(?)(?)(?)(?)(?)(?)(?)(?)])(1 )(2 )(3 )] 20: 3f1afc82-f8ac-4f6c-8005-1d233e606eee, 1, 0 [(0 [0xC004F014, 0, 0], [(?)(?)(?)(?)(?)(?)(?)(?)])(1 )(2 )(3 )] 21: 4322a811-697c-44dc-865e-3e2fdcb86009, 1, 0 [(0 [0xC004F014, 0, 0], [(?)(?)(?)(?)(?)(?)(?)(?)])(1 )(2 )(3 )] 22: 49cd895b-53b2-4dc4-a5f7-b18aa019ad37, 1, 0 [(0 [0xC004F014, 0, 0], [(?)(?)(?)(?)(?)(?)(?)(?)])(1 )(2 )(3 )] 23: 4de7cb65-cdf1-4de9-8ae8-e3cce27b9f2c, 1, 1 [(0 )(1 )(2 [0xC004E003, 0, 0], [( 1 0xC004F034)( 1 0xC004F034)(?)(?)(?)(?)(?)(?)])(3 [0x00000000, 0, 0], [( 6 0xC004F009 0 0)( 1 0x00000000)( 6 0xC004F009 0 0)(?)(?)(?)( 10 0x00000000 msft:rm/algorithm/flags/1.0)( 11 0x00000000 0xC004F034)])] 24: 4f3da0d2-271d-4508-ae81-626b60809a38, 1, 0 [(0 [0xC004F014, 0, 0], [(?)(?)(?)(?)(?)(?)(?)(?)])(1 )(2 )(3 )] 25: 5d78c4e9-aeb3-4b40-8ac2-6a6005e0ad6d, 1, 0 [(0 [0xC004F014, 0, 0], [(?)(?)(?)(?)(?)(?)(?)(?)])(1 )(2 )(3 )] 26: 60b3ec1b-9545-4921-821f-311b129dd6f6, 1, 0 [(0 [0xC004F014, 0, 0], [(?)(?)(?)(?)(?)(?)(?)(?)])(1 )(2 )(3 )] 27: 613d217f-7f13-4268-9907-1662339531cd, 1, 0 [(0 [0xC004F014, 0, 0], [(?)(?)(?)(?)(?)(?)(?)(?)])(1 )(2 )(3 )] 28: 62f0c100-9c53-4e02-b886-a3528ddfe7f6, 1, 0 [(0 [0xC004F014, 0, 0], [(?)(?)(?)(?)(?)(?)(?)(?)])(1 )(2 )(3 )] 29: 6365275e-368d-46ca-a0ef-fc0404119333, 1, 0 [(0 [0xC004F014, 0, 0], [(?)(?)(?)(?)(?)(?)(?)(?)])(1 )(2 )(3 )] 30: 721f9237-9341-4453-a661-09e8baa6cca5, 1, 0 [(0 [0xC004F014, 0, 0], [(?)(?)(?)(?)(?)(?)(?)(?)])(1 )(2 )(3 )] 31: 73111121-5638-40f6-bc11-f1d7b0d64300, 1, 0 [(0 [0xC004F014, 0, 0], [(?)(?)(?)(?)(?)(?)(?)(?)])(1 )(2 )(3 )] 32: 7a802526-4c94-4bd1-ba14-835a1aca2120, 1, 0 [(0 [0xC004F014, 0, 0], [(?)(?)(?)(?)(?)(?)(?)(?)])(1 )(2 )(3 )] 33: 7cb546c0-c7d5-44d8-9a5c-69ecdd782b69, 1, 0 [(0 [0xC004F014, 0, 0], [(?)(?)(?)(?)(?)(?)(?)(?)])(1 )(2 )(3 )] 34: 80083eae-7031-4394-9e88-4901973d56fe, 1, 0 [(0 [0xC004F014, 0, 0], [(?)(?)(?)(?)(?)(?)(?)(?)])(1 )(2 )(3 )] 35: 82bbc092-bc50-4e16-8e18-b74fc486aec3, 1, 0 [(0 [0xC004F014, 0, 0], [(?)(?)(?)(?)(?)(?)(?)(?)])(1 )(2 )(3 )] 36: 8ab9bdd1-1f67-4997-82d9-8878520837d9, 1, 0 [(0 [0xC004F014, 0, 0], [(?)(?)(?)(?)(?)(?)(?)(?)])(1 )(2 )(3 )] 37: 8b351c9c-f398-4515-9900-09df49427262, 1, 0 [(0 [0xC004F014, 0, 0], [(?)(?)(?)(?)(?)(?)(?)(?)])(1 )(2 )(3 )] 38: 90da7373-1c51-430b-bf26-c97e9c5cdc31, 1, 0 [(0 [0xC004F014, 0, 0], [(?)(?)(?)(?)(?)(?)(?)(?)])(1 )(2 )(3 )] 39: 92fb8726-92a8-4ffc-94ce-f82e07444653, 1, 0 [(0 [0xC004F014, 0, 0], [(?)(?)(?)(?)(?)(?)(?)(?)])(1 )(2 )(3 )] 40: 95dca82f-385d-4d39-b85b-5c73fa285d6f, 1, 0 [(0 [0xC004F014, 0, 0], [(?)(?)(?)(?)(?)(?)(?)(?)])(1 )(2 )(3 )] 41: 97cde3ae-e908-4b59-ac96-a17645c5b57e, 1, 0 [(0 [0xC004F014, 0, 0], [(?)(?)(?)(?)(?)(?)(?)(?)])(1 )(2 )(3 )] 42: a48938aa-62fa-4966-9d44-9f04da3f72f2, 1, 0 [(0 [0xC004F014, 0, 0], [(?)(?)(?)(?)(?)(?)(?)(?)])(1 )(2 )(3 )] 43: b0773a15-df3a-4312-9ad2-83d69648e356, 1, 0 [(0 [0xC004F014, 0, 0], [(?)(?)(?)(?)(?)(?)(?)(?)])(1 )(2 )(3 )] 44: b4bfe195-541e-4e64-ad23-6177f19e395e, 1, 0 [(0 [0xC004F014, 0, 0], [(?)(?)(?)(?)(?)(?)(?)(?)])(1 )(2 )(3 )] 45: b68e61d2-68ca-4757-be45-0cc2f3e68eee, 1, 0 [(0 [0xC004F014, 0, 0], [(?)(?)(?)(?)(?)(?)(?)(?)])(1 )(2 )(3 )] 46: bd3762d7-270d-4760-8fb3-d829ca45278a, 1, 0 [(0 [0xC004F014, 0, 0], [(?)(?)(?)(?)(?)(?)(?)(?)])(1 )(2 )(3 )] 47: c86d5194-4840-4dae-9c1c-0301003a5ab0, 1, 0 [(0 [0xC004F014, 0, 0], [(?)(?)(?)(?)(?)(?)(?)(?)])(1 )(2 )(3 )] 48: ca7df2e3-5ea0-47b8-9ac1-b1be4d8edd69, 1, 0 [(0 [0xC004F014, 0, 0], [(?)(?)(?)(?)(?)(?)(?)(?)])(1 )(2 )(3 )] 49: d552befb-48cc-4327-8f39-47d2d94f987c, 1, 0 [(0 [0xC004F014, 0, 0], [(?)(?)(?)(?)(?)(?)(?)(?)])(1 )(2 )(3 )] 50: d6eadb3b-5ca8-4a6b-986e-35b550756111, 1, 0 [(0 [0xC004F014, 0, 0], [(?)(?)(?)(?)(?)(?)(?)(?)])(1 )(2 )(3 )] 51: df96023b-dcd9-4be2-afa0-c6c871159ebe, 1, 0 [(0 [0xC004F014, 0, 0], [(?)(?)(?)(?)(?)(?)(?)(?)])(1 )(2 )(3 )] 52: e0c42288-980c-4788-a014-c080d2e1926e, 1, 0 [(0 [0xC004F014, 0, 0], [(?)(?)(?)(?)(?)(?)(?)(?)])(1 )(2 )(3 )] 53: e4db50ea-bda1-4566-b047-0ca50abc6f07, 1, 0 [(0 [0xC004F014, 0, 0], [(?)(?)(?)(?)(?)(?)(?)(?)])(1 )(2 )(3 )] 54: e558417a-5123-4f6f-91e7-385c1c7ca9d4, 1, 0 [(0 [0xC004F014, 0, 0], [(?)(?)(?)(?)(?)(?)(?)(?)])(1 )(2 )(3 )] 55: e7a950a2-e548-4f10-bf16-02ec848e0643, 1, 0 [(0 [0xC004F014, 0, 0], [(?)(?)(?)(?)(?)(?)(?)(?)])(1 )(2 )(3 )] 56: eb6d346f-1c60-4643-b960-40ec31596c45, 1, 0 [(0 [0xC004F014, 0, 0], [(?)(?)(?)(?)(?)(?)(?)(?)])(1 )(2 )(3 )] 57: ec868e65-fadf-4759-b23e-93fe37f2cc29, 1, 0 [(0 [0xC004F014, 0, 0], [(?)(?)(?)(?)(?)(?)(?)(?)])(1 )(2 )(3 )] 58: ef51e000-2659-4f25-8345-3de70a9cf4c4, 1, 0 [(0 [0xC004F014, 0, 0], [(?)(?)(?)(?)(?)(?)(?)(?)])(1 )(2 )(3 )] 59: f7af7d09-40e4-419c-a49b-eae366689ebd, 1, 0 [(0 [0xC004F014, 0, 0], [(?)(?)(?)(?)(?)(?)(?)(?)])(1 )(2 )(3 )] 60: fa755fe6-6739-40b9-8d84-6d0ea3b6d1ab, 1, 0 [(0 [0xC004F014, 0, 0], [(?)(?)(?)(?)(?)(?)(?)(?)])(1 )(2 )(3 )] 61: fe74f55b-0338-41d6-b267-4a201abe7285, 1, 0 [(0 [0xC004F014, 0, 0], [(?)(?)(?)(?)(?)(?)(?)(?)])(1 )(2 )(3 )]"
"9/8/2026 6:17:15 PM","6000","Information","Microsoft-Windows-Winlogon","CRASHLAB-01","The winlogon notification subscriber <SessionEnv> was unavailable to handle a notification event."
"9/8/2026 6:17:14 PM","6003","Information","Microsoft-Windows-Winlogon","CRASHLAB-01","The winlogon notification subscriber <SessionEnv> was unavailable to handle a critical notification event."
"9/8/2026 6:16:51 PM","8198","Error","Microsoft-Windows-Security-SPP","CRASHLAB-01","License Activation (slui.exe) failed with the following error code: hr=0x8007139F Command-line arguments: RuleId=31e71c49-8da7-4a2f-ad92-45d98a1c79ba;Action=AutoActivate;AppId=55c92734-d682-4d71-983e-d6ec3f16059f;SkuId=4de7cb65-cdf1-4de9-8ae8-e3cce27b9f2c;NotificationInterval=1440;Trigger=NetworkAvailable"
"9/8/2026 6:16:51 PM","1003","Information","Microsoft-Windows-Security-SPP","CRASHLAB-01","The Software Protection service has completed licensing status check. Application Id=55c92734-d682-4d71-983e-d6ec3f16059f Licensing Status= 1: 01eb852c-424d-4060-94b8-c10d799d7364, 1, 0 [(0 [0xC004F014, 0, 0], [(?)(?)(?)(?)(?)(?)(?)(?)])(1 )(2 )(3 )] 2: 040fa323-92b1-4baf-97a2-5b67feaefddb, 1, 0 [(0 [0xC004F014, 0, 0], [(?)(?)(?)(?)(?)(?)(?)(?)])(1 )(2 )(3 )] 3: 0724cb7d-3437-4cb7-93cb-830375d0079d, 1, 0 [(0 [0xC004F014, 0, 0], [(?)(?)(?)(?)(?)(?)(?)(?)])(1 )(2 )(3 )] 4: 0ad2ac98-7bb9-4201-8d92-312299201369, 1, 0 [(0 [0xC004F014, 0, 0], [(?)(?)(?)(?)(?)(?)(?)(?)])(1 )(2 )(3 )] 5: 19de9b2f-0166-4abb-9534-56ea69a80edb, 1, 0 [(0 [0xC004F014, 0, 0], [(?)(?)(?)(?)(?)(?)(?)(?)])(1 )(2 )(3 )] 6: 1a9a717a-cf13-4ba5-83c3-0fe25fa868d5, 1, 0 [(0 [0xC004F014, 0, 0], [(?)(?)(?)(?)(?)(?)(?)(?)])(1 )(2 )(3 )] 7: 221a02da-e2a1-4b75-864c-0a4410a33fdf, 1, 0 [(0 [0xC004F014, 0, 0], [(?)(?)(?)(?)(?)(?)(?)(?)])(1 )(2 )(3 )] 8: 265f3fad-6a1c-4bdd-ae30-c75efa556ccb, 1, 0 [(0 [0xC004F014, 0, 0], [(?)(?)(?)(?)(?)(?)(?)(?)])(1 )(2 )(3 )] 9: 291ece0e-9c38-40ca-a9e1-32cc7ec19507, 1, 0 [(0 [0xC004F014, 0, 0], [(?)(?)(?)(?)(?)(?)(?)(?)])(1 )(2 )(3 )] 10: 2936d1d2-913a-4542-b54e-ce5a602a2a38, 1, 0 [(0 [0xC004F014, 0, 0], [(?)(?)(?)(?)(?)(?)(?)(?)])(1 )(2 )(3 )] 11: 2c293c26-a45a-4a2a-a350-c69a67097529, 1, 0 [(0 [0xC004F014, 0, 0], [(?)(?)(?)(?)(?)(?)(?)(?)])(1 )(2 )(3 )] 12: 2de67392-b7a7-462a-b1ca-108dd189f588, 1, 0 [(0 [0xC004F014, 0, 0], [(?)(?)(?)(?)(?)(?)(?)(?)])(1 )(2 )(3 )] 13: 2ffd8952-423e-4903-b993-72a1aa44cf82, 1, 0 [(0 [0xC004F014, 0, 0], [(?)(?)(?)(?)(?)(?)(?)(?)])(1 )(2 )(3 )] 14: 30a42c86-b7a0-4a34-8c90-ff177cb2acb7, 1, 0 [(0 [0xC004F014, 0, 0], [(?)(?)(?)(?)(?)(?)(?)(?)])(1 )(2 )(3 )] 15: 345a5db0-d94f-4e3b-a0c0-7c42f7bc3ebf, 1, 0 [(0 [0xC004F014, 0, 0], [(?)(?)(?)(?)(?)(?)(?)(?)])(1 )(2 )(3 )] 16: 3502365a-f88a-4ba4-822a-5769d3073b65, 1, 0 [(0 [0xC004F014, 0, 0], [(?)(?)(?)(?)(?)(?)(?)(?)])(1 )(2 )(3 )] 17: 377333b1-8b5d-48d6-9679-1225c872d37c, 1, 0 [(0 [0xC004F014, 0, 0], [(?)(?)(?)(?)(?)(?)(?)(?)])(1 )(2 )(3 )] 18: 3df374ef-d444-4494-a5a1-4b0d9fd0e203, 1, 0 [(0 [0xC004F014, 0, 0], [(?)(?)(?)(?)(?)(?)(?)(?)])(1 )(2 )(3 )] 19: 3ebce241-ea87-4946-8a4f-80d00e921dff, 1, 0 [(0 [0xC004F014, 0, 0], [(?)(?)(?)(?)(?)(?)(?)(?)])(1 )(2 )(3 )] 20: 3f1afc82-f8ac-4f6c-8005-1d233e606eee, 1, 0 [(0 [0xC004F014, 0, 0], [(?)(?)(?)(?)(?)(?)(?)(?)])(1 )(2 )(3 )] 21: 4322a811-697c-44dc-865e-3e2fdcb86009, 1, 0 [(0 [0xC004F014, 0, 0], [(?)(?)(?)(?)(?)(?)(?)(?)])(1 )(2 )(3 )] 22: 49cd895b-53b2-4dc4-a5f7-b18aa019ad37, 1, 0 [(0 [0xC004F014, 0, 0], [(?)(?)(?)(?)(?)(?)(?)(?)])(1 )(2 )(3 )] 23: 4de7cb65-cdf1-4de9-8ae8-e3cce27b9f2c, 1, 1 [(0 )(1 )(2 [0xC004E003, 0, 0], [( 1 0xC004F034)( 1 0xC004F034)(?)(?)(?)(?)(?)(?)])(3 [0x00000000, 0, 0], [( 6 0xC004F009 0 0)( 1 0x00000000)( 6 0xC004F009 0 0)(?)(?)(?)( 10 0x00000000 msft:rm/algorithm/flags/1.0)( 11 0x00000000 0xC004F034)])] 24: 4f3da0d2-271d-4508-ae81-626b60809a38, 1, 0 [(0 [0xC004F014, 0, 0], [(?)(?)(?)(?)(?)(?)(?)(?)])(1 )(2 )(3 )] 25: 5d78c4e9-aeb3-4b40-8ac2-6a6005e0ad6d, 1, 0 [(0 [0xC004F014, 0, 0], [(?)(?)(?)(?)(?)(?)(?)(?)])(1 )(2 )(3 )] 26: 60b3ec1b-9545-4921-821f-311b129dd6f6, 1, 0 [(0 [0xC004F014, 0, 0], [(?)(?)(?)(?)(?)(?)(?)(?)])(1 )(2 )(3 )] 27: 613d217f-7f13-4268-9907-1662339531cd, 1, 0 [(0 [0xC004F014, 0, 0], [(?)(?)(?)(?)(?)(?)(?)(?)])(1 )(2 )(3 )] 28: 62f0c100-9c53-4e02-b886-a3528ddfe7f6, 1, 0 [(0 [0xC004F014, 0, 0], [(?)(?)(?)(?)(?)(?)(?)(?)])(1 )(2 )(3 )] 29: 6365275e-368d-46ca-a0ef-fc0404119333, 1, 0 [(0 [0xC004F014, 0, 0], [(?)(?)(?)(?)(?)(?)(?)(?)])(1 )(2 )(3 )] 30: 721f9237-9341-4453-a661-09e8baa6cca5, 1, 0 [(0 [0xC004F014, 0, 0], [(?)(?)(?)(?)(?)(?)(?)(?)])(1 )(2 )(3 )] 31: 73111121-5638-40f6-bc11-f1d7b0d64300, 1, 0 [(0 [0xC004F014, 0, 0], [(?)(?)(?)(?)(?)(?)(?)(?)])(1 )(2 )(3 )] 32: 7a802526-4c94-4bd1-ba14-835a1aca2120, 1, 0 [(0 [0xC004F014, 0, 0], [(?)(?)(?)(?)(?)(?)(?)(?)])(1 )(2 )(3 )] 33: 7cb546c0-c7d5-44d8-9a5c-69ecdd782b69, 1, 0 [(0 [0xC004F014, 0, 0], [(?)(?)(?)(?)(?)(?)(?)(?)])(1 )(2 )(3 )] 34: 80083eae-7031-4394-9e88-4901973d56fe, 1, 0 [(0 [0xC004F014, 0, 0], [(?)(?)(?)(?)(?)(?)(?)(?)])(1 )(2 )(3 )] 35: 82bbc092-bc50-4e16-8e18-b74fc486aec3, 1, 0 [(0 [0xC004F014, 0, 0], [(?)(?)(?)(?)(?)(?)(?)(?)])(1 )(2 )(3 )] 36: 8ab9bdd1-1f67-4997-82d9-8878520837d9, 1, 0 [(0 [0xC004F014, 0, 0], [(?)(?)(?)(?)(?)(?)(?)(?)])(1 )(2 )(3 )] 37: 8b351c9c-f398-4515-9900-09df49427262, 1, 0 [(0 [0xC004F014, 0, 0], [(?)(?)(?)(?)(?)(?)(?)(?)])(1 )(2 )(3 )] 38: 90da7373-1c51-430b-bf26-c97e9c5cdc31, 1, 0 [(0 [0xC004F014, 0, 0], [(?)(?)(?)(?)(?)(?)(?)(?)])(1 )(2 )(3 )] 39: 92fb8726-92a8-4ffc-94ce-f82e07444653, 1, 0 [(0 [0xC004F014, 0, 0], [(?)(?)(?)(?)(?)(?)(?)(?)])(1 )(2 )(3 )] 40: 95dca82f-385d-4d39-b85b-5c73fa285d6f, 1, 0 [(0 [0xC004F014, 0, 0], [(?)(?)(?)(?)(?)(?)(?)(?)])(1 )(2 )(3 )] 41: 97cde3ae-e908-4b59-ac96-a17645c5b57e, 1, 0 [(0 [0xC004F014, 0, 0], [(?)(?)(?)(?)(?)(?)(?)(?)])(1 )(2 )(3 )] 42: a48938aa-62fa-4966-9d44-9f04da3f72f2, 1, 0 [(0 [0xC004F014, 0, 0], [(?)(?)(?)(?)(?)(?)(?)(?)])(1 )(2 )(3 )] 43: b0773a15-df3a-4312-9ad2-83d69648e356, 1, 0 [(0 [0xC004F014, 0, 0], [(?)(?)(?)(?)(?)(?)(?)(?)])(1 )(2 )(3 )] 44: b4bfe195-541e-4e64-ad23-6177f19e395e, 1, 0 [(0 [0xC004F014, 0, 0], [(?)(?)(?)(?)(?)(?)(?)(?)])(1 )(2 )(3 )] 45: b68e61d2-68ca-4757-be45-0cc2f3e68eee, 1, 0 [(0 [0xC004F014, 0, 0], [(?)(?)(?)(?)(?)(?)(?)(?)])(1 )(2 )(3 )] 46: bd3762d7-270d-4760-8fb3-d829ca45278a, 1, 0 [(0 [0xC004F014, 0, 0], [(?)(?)(?)(?)(?)(?)(?)(?)])(1 )(2 )(3 )] 47: c86d5194-4840-4dae-9c1c-0301003a5ab0, 1, 0 [(0 [0xC004F014, 0, 0], [(?)(?)(?)(?)(?)(?)(?)(?)])(1 )(2 )(3 )] 48: ca7df2e3-5ea0-47b8-9ac1-b1be4d8edd69, 1, 0 [(0 [0xC004F014, 0, 0], [(?)(?)(?)(?)(?)(?)(?)(?)])(1 )(2 )(3 )] 49: d552befb-48cc-4327-8f39-47d2d94f987c, 1, 0 [(0 [0xC004F014, 0, 0], [(?)(?)(?)(?)(?)(?)(?)(?)])(1 )(2 )(3 )] 50: d6eadb3b-5ca8-4a6b-986e-35b550756111, 1, 0 [(0 [0xC004F014, 0, 0], [(?)(?)(?)(?)(?)(?)(?)(?)])(1 )(2 )(3 )] 51: df96023b-dcd9-4be2-afa0-c6c871159ebe, 1, 0 [(0 [0xC004F014, 0, 0], [(?)(?)(?)(?)(?)(?)(?)(?)])(1 )(2 )(3 )] 52: e0c42288-980c-4788-a014-c080d2e1926e, 1, 0 [(0 [0xC004F014, 0, 0], [(?)(?)(?)(?)(?)(?)(?)(?)])(1 )(2 )(3 )] 53: e4db50ea-bda1-4566-b047-0ca50abc6f07, 1, 0 [(0 [0xC004F014, 0, 0], [(?)(?)(?)(?)(?)(?)(?)(?)])(1 )(2 )(3 )] 54: e558417a-5123-4f6f-91e7-385c1c7ca9d4, 1, 0 [(0 [0xC004F014, 0, 0], [(?)(?)(?)(?)(?)(?)(?)(?)])(1 )(2 )(3 )] 55: e7a950a2-e548-4f10-bf16-02ec848e0643, 1, 0 [(0 [0xC004F014, 0, 0], [(?)(?)(?)(?)(?)(?)(?)(?)])(1 )(2 )(3 )] 56: eb6d346f-1c60-4643-b960-40ec31596c45, 1, 0 [(0 [0xC004F014, 0, 0], [(?)(?)(?)(?)(?)(?)(?)(?)])(1 )(2 )(3 )] 57: ec868e65-fadf-4759-b23e-93fe37f2cc29, 1, 0 [(0 [0xC004F014, 0, 0], [(?)(?)(?)(?)(?)(?)(?)(?)])(1 )(2 )(3 )] 58: ef51e000-2659-4f25-8345-3de70a9cf4c4, 1, 0 [(0 [0xC004F014, 0, 0], [(?)(?)(?)(?)(?)(?)(?)(?)])(1 )(2 )(3 )] 59: f7af7d09-40e4-419c-a49b-eae366689ebd, 1, 0 [(0 [0xC004F014, 0, 0], [(?)(?)(?)(?)(?)(?)(?)(?)])(1 )(2 )(3 )] 60: fa755fe6-6739-40b9-8d84-6d0ea3b6d1ab, 1, 0 [(0 [0xC004F014, 0, 0], [(?)(?)(?)(?)(?)(?)(?)(?)])(1 )(2 )(3 )] 61: fe74f55b-0338-41d6-b267-4a201abe7285, 1, 0 [(0 [0xC004F014, 0, 0], [(?)(?)(?)(?)(?)(?)(?)(?)])(1 )(2 )(3 )]"
"9/8/2026 6:16:48 PM","902","Information","Microsoft-Windows-Security-SPP","CRASHLAB-01","The Software Protection service has started. 10.0.26100.8036"
"9/8/2026 6:16:48 PM","1003","Information","Microsoft-Windows-Security-SPP","CRASHLAB-01","The Software Protection service has completed licensing status check. Application Id=55c92734-d682-4d71-983e-d6ec3f16059f Licensing Status= 1: 01eb852c-424d-4060-94b8-c10d799d7364, 1, 0 [(0 [0xC004F014, 0, 0], [(?)(?)(?)(?)(?)(?)(?)(?)])(1 )(2 )(3 )] 2: 040fa323-92b1-4baf-97a2-5b67feaefddb, 1, 0 [(0 [0xC004F014, 0, 0], [(?)(?)(?)(?)(?)(?)(?)(?)])(1 )(2 )(3 )] 3: 0724cb7d-3437-4cb7-93cb-830375d0079d, 1, 0 [(0 [0xC004F014, 0, 0], [(?)(?)(?)(?)(?)(?)(?)(?)])(1 )(2 )(3 )] 4: 0ad2ac98-7bb9-4201-8d92-312299201369, 1, 0 [(0 [0xC004F014, 0, 0], [(?)(?)(?)(?)(?)(?)(?)(?)])(1 )(2 )(3 )] 5: 19de9b2f-0166-4abb-9534-56ea69a80edb, 1, 0 [(0 [0xC004F014, 0, 0], [(?)(?)(?)(?)(?)(?)(?)(?)])(1 )(2 )(3 )] 6: 1a9a717a-cf13-4ba5-83c3-0fe25fa868d5, 1, 0 [(0 [0xC004F014, 0, 0], [(?)(?)(?)(?)(?)(?)(?)(?)])(1 )(2 )(3 )] 7: 221a02da-e2a1-4b75-864c-0a4410a33fdf, 1, 0 [(0 [0xC004F014, 0, 0], [(?)(?)(?)(?)(?)(?)(?)(?)])(1 )(2 )(3 )] 8: 265f3fad-6a1c-4bdd-ae30-c75efa556ccb, 1, 0 [(0 [0xC004F014, 0, 0], [(?)(?)(?)(?)(?)(?)(?)(?)])(1 )(2 )(3 )] 9: 291ece0e-9c38-40ca-a9e1-32cc7ec19507, 1, 0 [(0 [0xC004F014, 0, 0], [(?)(?)(?)(?)(?)(?)(?)(?)])(1 )(2 )(3 )] 10: 2936d1d2-913a-4542-b54e-ce5a602a2a38, 1, 0 [(0 [0xC004F014, 0, 0], [(?)(?)(?)(?)(?)(?)(?)(?)])(1 )(2 )(3 )] 11: 2c293c26-a45a-4a2a-a350-c69a67097529, 1, 0 [(0 [0xC004F014, 0, 0], [(?)(?)(?)(?)(?)(?)(?)(?)])(1 )(2 )(3 )] 12: 2de67392-b7a7-462a-b1ca-108dd189f588, 1, 0 [(0 [0xC004F014, 0, 0], [(?)(?)(?)(?)(?)(?)(?)(?)])(1 )(2 )(3 )] 13: 2ffd8952-423e-4903-b993-72a1aa44cf82, 1, 0 [(0 [0xC004F014, 0, 0], [(?)(?)(?)(?)(?)(?)(?)(?)])(1 )(2 )(3 )] 14: 30a42c86-b7a0-4a34-8c90-ff177cb2acb7, 1, 0 [(0 [0xC004F014, 0, 0], [(?)(?)(?)(?)(?)(?)(?)(?)])(1 )(2 )(3 )] 15: 345a5db0-d94f-4e3b-a0c0-7c42f7bc3ebf, 1, 0 [(0 [0xC004F014, 0, 0], [(?)(?)(?)(?)(?)(?)(?)(?)])(1 )(2 )(3 )] 16: 3502365a-f88a-4ba4-822a-5769d3073b65, 1, 0 [(0 [0xC004F014, 0, 0], [(?)(?)(?)(?)(?)(?)(?)(?)])(1 )(2 )(3 )] 17: 377333b1-8b5d-48d6-9679-1225c872d37c, 1, 0 [(0 [0xC004F014, 0, 0], [(?)(?)(?)(?)(?)(?)(?)(?)])(1 )(2 )(3 )] 18: 3df374ef-d444-4494-a5a1-4b0d9fd0e203, 1, 0 [(0 [0xC004F014, 0, 0], [(?)(?)(?)(?)(?)(?)(?)(?)])(1 )(2 )(3 )] 19: 3ebce241-ea87-4946-8a4f-80d00e921dff, 1, 0 [(0 [0xC004F014, 0, 0], [(?)(?)(?)(?)(?)(?)(?)(?)])(1 )(2 )(3 )] 20: 3f1afc82-f8ac-4f6c-8005-1d233e606eee, 1, 0 [(0 [0xC004F014, 0, 0], [(?)(?)(?)(?)(?)(?)(?)(?)])(1 )(2 )(3 )] 21: 4322a811-697c-44dc-865e-3e2fdcb86009, 1, 0 [(0 [0xC004F014, 0, 0], [(?)(?)(?)(?)(?)(?)(?)(?)])(1 )(2 )(3 )] 22: 49cd895b-53b2-4dc4-a5f7-b18aa019ad37, 1, 0 [(0 [0xC004F014, 0, 0], [(?)(?)(?)(?)(?)(?)(?)(?)])(1 )(2 )(3 )] 23: 4de7cb65-cdf1-4de9-8ae8-e3cce27b9f2c, 1, 1 [(0 )(1 )(2 [0xC004E003, 0, 0], [( 1 0xC004F034)( 1 0xC004F034)(?)(?)(?)(?)(?)(?)])(3 [0x00000000, 0, 0], [( 6 0xC004F009 0 0)( 1 0x00000000)( 6 0xC004F009 0 0)(?)(?)(?)( 10 0x00000000 msft:rm/algorithm/flags/1.0)( 11 0x00000000 0xC004F034)])] 24: 4f3da0d2-271d-4508-ae81-626b60809a38, 1, 0 [(0 [0xC004F014, 0, 0], [(?)(?)(?)(?)(?)(?)(?)(?)])(1 )(2 )(3 )] 25: 5d78c4e9-aeb3-4b40-8ac2-6a6005e0ad6d, 1, 0 [(0 [0xC004F014, 0, 0], [(?)(?)(?)(?)(?)(?)(?)(?)])(1 )(2 )(3 )] 26: 60b3ec1b-9545-4921-821f-311b129dd6f6, 1, 0 [(0 [0xC004F014, 0, 0], [(?)(?)(?)(?)(?)(?)(?)(?)])(1 )(2 )(3 )] 27: 613d217f-7f13-4268-9907-1662339531cd, 1, 0 [(0 [0xC004F014, 0, 0], [(?)(?)(?)(?)(?)(?)(?)(?)])(1 )(2 )(3 )] 28: 62f0c100-9c53-4e02-b886-a3528ddfe7f6, 1, 0 [(0 [0xC004F014, 0, 0], [(?)(?)(?)(?)(?)(?)(?)(?)])(1 )(2 )(3 )] 29: 6365275e-368d-46ca-a0ef-fc0404119333, 1, 0 [(0 [0xC004F014, 0, 0], [(?)(?)(?)(?)(?)(?)(?)(?)])(1 )(2 )(3 )] 30: 721f9237-9341-4453-a661-09e8baa6cca5, 1, 0 [(0 [0xC004F014, 0, 0], [(?)(?)(?)(?)(?)(?)(?)(?)])(1 )(2 )(3 )] 31: 73111121-5638-40f6-bc11-f1d7b0d64300, 1, 0 [(0 [0xC004F014, 0, 0], [(?)(?)(?)(?)(?)(?)(?)(?)])(1 )(2 )(3 )] 32: 7a802526-4c94-4bd1-ba14-835a1aca2120, 1, 0 [(0 [0xC004F014, 0, 0], [(?)(?)(?)(?)(?)(?)(?)(?)])(1 )(2 )(3 )] 33: 7cb546c0-c7d5-44d8-9a5c-69ecdd782b69, 1, 0 [(0 [0xC004F014, 0, 0], [(?)(?)(?)(?)(?)(?)(?)(?)])(1 )(2 )(3 )] 34: 80083eae-7031-4394-9e88-4901973d56fe, 1, 0 [(0 [0xC004F014, 0, 0], [(?)(?)(?)(?)(?)(?)(?)(?)])(1 )(2 )(3 )] 35: 82bbc092-bc50-4e16-8e18-b74fc486aec3, 1, 0 [(0 [0xC004F014, 0, 0], [(?)(?)(?)(?)(?)(?)(?)(?)])(1 )(2 )(3 )] 36: 8ab9bdd1-1f67-4997-82d9-8878520837d9, 1, 0 [(0 [0xC004F014, 0, 0], [(?)(?)(?)(?)(?)(?)(?)(?)])(1 )(2 )(3 )] 37: 8b351c9c-f398-4515-9900-09df49427262, 1, 0 [(0 [0xC004F014, 0, 0], [(?)(?)(?)(?)(?)(?)(?)(?)])(1 )(2 )(3 )] 38: 90da7373-1c51-430b-bf26-c97e9c5cdc31, 1, 0 [(0 [0xC004F014, 0, 0], [(?)(?)(?)(?)(?)(?)(?)(?)])(1 )(2 )(3 )] 39: 92fb8726-92a8-4ffc-94ce-f82e07444653, 1, 0 [(0 [0xC004F014, 0, 0], [(?)(?)(?)(?)(?)(?)(?)(?)])(1 )(2 )(3 )] 40: 95dca82f-385d-4d39-b85b-5c73fa285d6f, 1, 0 [(0 [0xC004F014, 0, 0], [(?)(?)(?)(?)(?)(?)(?)(?)])(1 )(2 )(3 )] 41: 97cde3ae-e908-4b59-ac96-a17645c5b57e, 1, 0 [(0 [0xC004F014, 0, 0], [(?)(?)(?)(?)(?)(?)(?)(?)])(1 )(2 )(3 )] 42: a48938aa-62fa-4966-9d44-9f04da3f72f2, 1, 0 [(0 [0xC004F014, 0, 0], [(?)(?)(?)(?)(?)(?)(?)(?)])(1 )(2 )(3 )] 43: b0773a15-df3a-4312-9ad2-83d69648e356, 1, 0 [(0 [0xC004F014, 0, 0], [(?)(?)(?)(?)(?)(?)(?)(?)])(1 )(2 )(3 )] 44: b4bfe195-541e-4e64-ad23-6177f19e395e, 1, 0 [(0 [0xC004F014, 0, 0], [(?)(?)(?)(?)(?)(?)(?)(?)])(1 )(2 )(3 )] 45: b68e61d2-68ca-4757-be45-0cc2f3e68eee, 1, 0 [(0 [0xC004F014, 0, 0], [(?)(?)(?)(?)(?)(?)(?)(?)])(1 )(2 )(3 )] 46: bd3762d7-270d-4760-8fb3-d829ca45278a, 1, 0 [(0 [0xC004F014, 0, 0], [(?)(?)(?)(?)(?)(?)(?)(?)])(1 )(2 )(3 )] 47: c86d5194-4840-4dae-9c1c-0301003a5ab0, 1, 0 [(0 [0xC004F014, 0, 0], [(?)(?)(?)(?)(?)(?)(?)(?)])(1 )(2 )(3 )] 48: ca7df2e3-5ea0-47b8-9ac1-b1be4d8edd69, 1, 0 [(0 [0xC004F014, 0, 0], [(?)(?)(?)(?)(?)(?)(?)(?)])(1 )(2 )(3 )] 49: d552befb-48cc-4327-8f39-47d2d94f987c, 1, 0 [(0 [0xC004F014, 0, 0], [(?)(?)(?)(?)(?)(?)(?)(?)])(1 )(2 )(3 )] 50: d6eadb3b-5ca8-4a6b-986e-35b550756111, 1, 0 [(0 [0xC004F014, 0, 0], [(?)(?)(?)(?)(?)(?)(?)(?)])(1 )(2 )(3 )] 51: df96023b-dcd9-4be2-afa0-c6c871159ebe, 1, 0 [(0 [0xC004F014, 0, 0], [(?)(?)(?)(?)(?)(?)(?)(?)])(1 )(2 )(3 )] 52: e0c42288-980c-4788-a014-c080d2e1926e, 1, 0 [(0 [0xC004F014, 0, 0], [(?)(?)(?)(?)(?)(?)(?)(?)])(1 )(2 )(3 )] 53: e4db50ea-bda1-4566-b047-0ca50abc6f07, 1, 0 [(0 [0xC004F014, 0, 0], [(?)(?)(?)(?)(?)(?)(?)(?)])(1 )(2 )(3 )] 54: e558417a-5123-4f6f-91e7-385c1c7ca9d4, 1, 0 [(0 [0xC004F014, 0, 0], [(?)(?)(?)(?)(?)(?)(?)(?)])(1 )(2 )(3 )] 55: e7a950a2-e548-4f10-bf16-02ec848e0643, 1, 0 [(0 [0xC004F014, 0, 0], [(?)(?)(?)(?)(?)(?)(?)(?)])(1 )(2 )(3 )] 56: eb6d346f-1c60-4643-b960-40ec31596c45, 1, 0 [(0 [0xC004F014, 0, 0], [(?)(?)(?)(?)(?)(?)(?)(?)])(1 )(2 )(3 )] 57: ec868e65-fadf-4759-b23e-93fe37f2cc29, 1, 0 [(0 [0xC004F014, 0, 0], [(?)(?)(?)(?)(?)(?)(?)(?)])(1 )(2 )(3 )] 58: ef51e000-2659-4f25-8345-3de70a9cf4c4, 1, 0 [(0 [0xC004F014, 0, 0], [(?)(?)(?)(?)(?)(?)(?)(?)])(1 )(2 )(3 )] 59: f7af7d09-40e4-419c-a49b-eae366689ebd, 1, 0 [(0 [0xC004F014, 0, 0], [(?)(?)(?)(?)(?)(?)(?)(?)])(1 )(2 )(3 )] 60: fa755fe6-6739-40b9-8d84-6d0ea3b6d1ab, 1, 0 [(0 [0xC004F014, 0, 0], [(?)(?)(?)(?)(?)(?)(?)(?)])(1 )(2 )(3 )] 61: fe74f55b-0338-41d6-b267-4a201abe7285, 1, 0 [(0 [0xC004F014, 0, 0], [(?)(?)(?)(?)(?)(?)(?)(?)])(1 )(2 )(3 )]"
"9/8/2026 6:16:47 PM","1066","Information","Microsoft-Windows-Security-SPP","CRASHLAB-01","Initialization status for service objects. C:\WINDOWS\system32\sppwinob.dll, msft:spp/windowsfunctionality/agent/7.0, 0x00000000, 0x00000000 C:\WINDOWS\system32\sppobjs.dll, msft:rm/algorithm/inherited/1.0, 0x00000000, 0x00000000 C:\WINDOWS\system32\sppobjs.dll, msft:rm/algorithm/phone/1.0, 0x00000000, 0x00000000 C:\WINDOWS\system32\sppobjs.dll, msft:rm/algorithm/pkey/detect, 0x00000000, 0x00000000 C:\WINDOWS\system32\sppobjs.dll, msft:spp/ActionScheduler/1.0, 0x00000000, 0x00000000 C:\WINDOWS\system32\sppobjs.dll, msft:spp/TaskScheduler/1.0, 0x00000000, 0x00000000 C:\WINDOWS\system32\sppobjs.dll, msft:spp/statecollector/pkey, 0x00000000, 0x00000000 C:\WINDOWS\system32\sppobjs.dll, msft:spp/volume/services/kms/1.0, 0x00000000, 0x00000000 C:\WINDOWS\system32\sppobjs.dll, msft:spp/volume/services/kms/activationinfo/1.0, 0x00000000, 0x00000000"
"9/8/2026 6:16:47 PM","16394","Information","Microsoft-Windows-Security-SPP","CRASHLAB-01","Offline downlevel migration succeeded."
"9/8/2026 6:16:47 PM","900","Information","Microsoft-Windows-Security-SPP","CRASHLAB-01","The Software Protection service is starting. Parameters:TriggerStarted:6"
"9/8/2026 6:16:46 PM","5615","Information","Microsoft-Windows-WMI","CRASHLAB-01","Windows Management Instrumentation Service started sucessfully"
"9/8/2026 6:16:44 PM","1531","Information","Microsoft-Windows-User Profiles Service","CRASHLAB-01","The User Profile Service has started successfully."
"9/8/2026 6:16:45 PM","4625","Information","Microsoft-Windows-EventSystem","CRASHLAB-01","The EventSystem sub system is suppressing duplicate event log entries for a duration of 86400 seconds. The suppression timeout can be controlled by a REG_DWORD value named SuppressDuplicateDuration under the following registry key: HKLM\Software\Microsoft\EventSystem\EventLog."
"9/8/2026 6:16:29 PM","1532","Information","Microsoft-Windows-User Profiles Service","CRASHLAB-GOLD","The User Profile Service has stopped."
"9/8/2026 6:16:28 PM","6000","Information","Microsoft-Windows-Winlogon","CRASHLAB-GOLD","The winlogon notification subscriber <SessionEnv> was unavailable to handle a notification event."
"9/8/2026 6:16:28 PM","6000","Information","Microsoft-Windows-Winlogon","CRASHLAB-GOLD","The winlogon notification subscriber <WSearch> was unavailable to handle a notification event."
"9/8/2026 6:16:12 PM","1003","Information","Microsoft-Windows-Search","CRASHLAB-GOLD","The Windows Search Service started."
"9/8/2026 6:16:06 PM","8198","Error","Microsoft-Windows-Security-SPP","CRASHLAB-GOLD","License Activation (slui.exe) failed with the following error code: hr=0x803F7001 Command-line arguments: RuleId=31e71c49-8da7-4a2f-ad92-45d98a1c79ba;Action=AutoActivate;AppId=55c92734-d682-4d71-983e-d6ec3f16059f;SkuId=4de7cb65-cdf1-4de9-8ae8-e3cce27b9f2c;NotificationInterval=1440;Trigger=UserLogon;SessionId=1"
"9/8/2026 6:16:06 PM","1003","Information","Microsoft-Windows-Security-SPP","CRASHLAB-GOLD","The Software Protection service has completed licensing status check. Application Id=55c92734-d682-4d71-983e-d6ec3f16059f Licensing Status= 1: 01eb852c-424d-4060-94b8-c10d799d7364, 1, 0 [(0 [0xC004F014, 0, 0], [(?)(?)(?)(?)(?)(?)(?)(?)])(1 )(2 )(3 )] 2: 040fa323-92b1-4baf-97a2-5b67feaefddb, 1, 0 [(0 [0xC004F014, 0, 0], [(?)(?)(?)(?)(?)(?)(?)(?)])(1 )(2 )(3 )] 3: 0724cb7d-3437-4cb7-93cb-830375d0079d, 1, 0 [(0 [0xC004F014, 0, 0], [(?)(?)(?)(?)(?)(?)(?)(?)])(1 )(2 )(3 )] 4: 0ad2ac98-7bb9-4201-8d92-312299201369, 1, 0 [(0 [0xC004F014, 0, 0], [(?)(?)(?)(?)(?)(?)(?)(?)])(1 )(2 )(3 )] 5: 19de9b2f-0166-4abb-9534-56ea69a80edb, 1, 0 [(0 [0xC004F014, 0, 0], [(?)(?)(?)(?)(?)(?)(?)(?)])(1 )(2 )(3 )] 6: 1a9a717a-cf13-4ba5-83c3-0fe25fa868d5, 1, 0 [(0 [0xC004F014, 0, 0], [(?)(?)(?)(?)(?)(?)(?)(?)])(1 )(2 )(3 )] 7: 221a02da-e2a1-4b75-864c-0a4410a33fdf, 1, 0 [(0 [0xC004F014, 0, 0], [(?)(?)(?)(?)(?)(?)(?)(?)])(1 )(2 )(3 )] 8: 265f3fad-6a1c-4bdd-ae30-c75efa556ccb, 1, 0 [(0 [0xC004F014, 0, 0], [(?)(?)(?)(?)(?)(?)(?)(?)])(1 )(2 )(3 )] 9: 291ece0e-9c38-40ca-a9e1-32cc7ec19507, 1, 0 [(0 [0xC004F014, 0, 0], [(?)(?)(?)(?)(?)(?)(?)(?)])(1 )(2 )(3 )] 10: 2936d1d2-913a-4542-b54e-ce5a602a2a38, 1, 0 [(0 [0xC004F014, 0, 0], [(?)(?)(?)(?)(?)(?)(?)(?)])(1 )(2 )(3 )] 11: 2c293c26-a45a-4a2a-a350-c69a67097529, 1, 0 [(0 [0xC004F014, 0, 0], [(?)(?)(?)(?)(?)(?)(?)(?)])(1 )(2 )(3 )] 12: 2de67392-b7a7-462a-b1ca-108dd189f588, 1, 0 [(0 [0xC004F014, 0, 0], [(?)(?)(?)(?)(?)(?)(?)(?)])(1 )(2 )(3 )] 13: 2ffd8952-423e-4903-b993-72a1aa44cf82, 1, 0 [(0 [0xC004F014, 0, 0], [(?)(?)(?)(?)(?)(?)(?)(?)])(1 )(2 )(3 )] 14: 30a42c86-b7a0-4a34-8c90-ff177cb2acb7, 1, 0 [(0 [0xC004F014, 0, 0], [(?)(?)(?)(?)(?)(?)(?)(?)])(1 )(2 )(3 )] 15: 345a5db0-d94f-4e3b-a0c0-7c42f7bc3ebf, 1, 0 [(0 [0xC004F014, 0, 0], [(?)(?)(?)(?)(?)(?)(?)(?)])(1 )(2 )(3 )] 16: 3502365a-f88a-4ba4-822a-5769d3073b65, 1, 0 [(0 [0xC004F014, 0, 0], [(?)(?)(?)(?)(?)(?)(?)(?)])(1 )(2 )(3 )] 17: 377333b1-8b5d-48d6-9679-1225c872d37c, 1, 0 [(0 [0xC004F014, 0, 0], [(?)(?)(?)(?)(?)(?)(?)(?)])(1 )(2 )(3 )] 18: 3df374ef-d444-4494-a5a1-4b0d9fd0e203, 1, 0 [(0 [0xC004F014, 0, 0], [(?)(?)(?)(?)(?)(?)(?)(?)])(1 )(2 )(3 )] 19: 3ebce241-ea87-4946-8a4f-80d00e921dff, 1, 0 [(0 [0xC004F014, 0, 0], [(?)(?)(?)(?)(?)(?)(?)(?)])(1 )(2 )(3 )] 20: 3f1afc82-f8ac-4f6c-8005-1d233e606eee, 1, 0 [(0 [0xC004F014, 0, 0], [(?)(?)(?)(?)(?)(?)(?)(?)])(1 )(2 )(3 )] 21: 4322a811-697c-44dc-865e-3e2fdcb86009, 1, 0 [(0 [0xC004F014, 0, 0], [(?)(?)(?)(?)(?)(?)(?)(?)])(1 )(2 )(3 )] 22: 49cd895b-53b2-4dc4-a5f7-b18aa019ad37, 1, 0 [(0 [0xC004F014, 0, 0], [(?)(?)(?)(?)(?)(?)(?)(?)])(1 )(2 )(3 )] 23: 4de7cb65-cdf1-4de9-8ae8-e3cce27b9f2c, 1, 1 [(0 )(1 )(2 [0xC004E003, 0, 0], [( 1 0xC004F034)( 1 0xC004F034)(?)(?)(?)(?)(?)(?)])(3 [0x00000000, 0, 0], [( 6 0xC004F009 0 0)( 1 0x00000000)( 6 0xC004F009 0 0)(?)(?)(?)( 10 0x00000000 msft:rm/algorithm/flags/1.0)( 11 0x00000000 0xC004F034)])] 24: 4f3da0d2-271d-4508-ae81-626b60809a38, 1, 0 [(0 [0xC004F014, 0, 0], [(?)(?)(?)(?)(?)(?)(?)(?)])(1 )(2 )(3 )] 25: 5d78c4e9-aeb3-4b40-8ac2-6a6005e0ad6d, 1, 0 [(0 [0xC004F014, 0, 0], [(?)(?)(?)(?)(?)(?)(?)(?)])(1 )(2 )(3 )] 26: 60b3ec1b-9545-4921-821f-311b129dd6f6, 1, 0 [(0 [0xC004F014, 0, 0], [(?)(?)(?)(?)(?)(?)(?)(?)])(1 )(2 )(3 )] 27: 613d217f-7f13-4268-9907-1662339531cd, 1, 0 [(0 [0xC004F014, 0, 0], [(?)(?)(?)(?)(?)(?)(?)(?)])(1 )(2 )(3 )] 28: 62f0c100-9c53-4e02-b886-a3528ddfe7f6, 1, 0 [(0 [0xC004F014, 0, 0], [(?)(?)(?)(?)(?)(?)(?)(?)])(1 )(2 )(3 )] 29: 6365275e-368d-46ca-a0ef-fc0404119333, 1, 0 [(0 [0xC004F014, 0, 0], [(?)(?)(?)(?)(?)(?)(?)(?)])(1 )(2 )(3 )] 30: 721f9237-9341-4453-a661-09e8baa6cca5, 1, 0 [(0 [0xC004F014, 0, 0], [(?)(?)(?)(?)(?)(?)(?)(?)])(1 )(2 )(3 )] 31: 73111121-5638-40f6-bc11-f1d7b0d64300, 1, 0 [(0 [0xC004F014, 0, 0], [(?)(?)(?)(?)(?)(?)(?)(?)])(1 )(2 )(3 )] 32: 7a802526-4c94-4bd1-ba14-835a1aca2120, 1, 0 [(0 [0xC004F014, 0, 0], [(?)(?)(?)(?)(?)(?)(?)(?)])(1 )(2 )(3 )] 33: 7cb546c0-c7d5-44d8-9a5c-69ecdd782b69, 1, 0 [(0 [0xC004F014, 0, 0], [(?)(?)(?)(?)(?)(?)(?)(?)])(1 )(2 )(3 )] 34: 80083eae-7031-4394-9e88-4901973d56fe, 1, 0 [(0 [0xC004F014, 0, 0], [(?)(?)(?)(?)(?)(?)(?)(?)])(1 )(2 )(3 )] 35: 82bbc092-bc50-4e16-8e18-b74fc486aec3, 1, 0 [(0 [0xC004F014, 0, 0], [(?)(?)(?)(?)(?)(?)(?)(?)])(1 )(2 )(3 )] 36: 8ab9bdd1-1f67-4997-82d9-8878520837d9, 1, 0 [(0 [0xC004F014, 0, 0], [(?)(?)(?)(?)(?)(?)(?)(?)])(1 )(2 )(3 )] 37: 8b351c9c-f398-4515-9900-09df49427262, 1, 0 [(0 [0xC004F014, 0, 0], [(?)(?)(?)(?)(?)(?)(?)(?)])(1 )(2 )(3 )] 38: 90da7373-1c51-430b-bf26-c97e9c5cdc31, 1, 0 [(0 [0xC004F014, 0, 0], [(?)(?)(?)(?)(?)(?)(?)(?)])(1 )(2 )(3 )] 39: 92fb8726-92a8-4ffc-94ce-f82e07444653, 1, 0 [(0 [0xC004F014, 0, 0], [(?)(?)(?)(?)(?)(?)(?)(?)])(1 )(2 )(3 )] 40: 95dca82f-385d-4d39-b85b-5c73fa285d6f, 1, 0 [(0 [0xC004F014, 0, 0], [(?)(?)(?)(?)(?)(?)(?)(?)])(1 )(2 )(3 )] 41: 97cde3ae-e908-4b59-ac96-a17645c5b57e, 1, 0 [(0 [0xC004F014, 0, 0], [(?)(?)(?)(?)(?)(?)(?)(?)])(1 )(2 )(3 )] 42: a48938aa-62fa-4966-9d44-9f04da3f72f2, 1, 0 [(0 [0xC004F014, 0, 0], [(?)(?)(?)(?)(?)(?)(?)(?)])(1 )(2 )(3 )] 43: b0773a15-df3a-4312-9ad2-83d69648e356, 1, 0 [(0 [0xC004F014, 0, 0], [(?)(?)(?)(?)(?)(?)(?)(?)])(1 )(2 )(3 )] 44: b4bfe195-541e-4e64-ad23-6177f19e395e, 1, 0 [(0 [0xC004F014, 0, 0], [(?)(?)(?)(?)(?)(?)(?)(?)])(1 )(2 )(3 )] 45: b68e61d2-68ca-4757-be45-0cc2f3e68eee, 1, 0 [(0 [0xC004F014, 0, 0], [(?)(?)(?)(?)(?)(?)(?)(?)])(1 )(2 )(3 )] 46: bd3762d7-270d-4760-8fb3-d829ca45278a, 1, 0 [(0 [0xC004F014, 0, 0], [(?)(?)(?)(?)(?)(?)(?)(?)])(1 )(2 )(3 )] 47: c86d5194-4840-4dae-9c1c-0301003a5ab0, 1, 0 [(0 [0xC004F014, 0, 0], [(?)(?)(?)(?)(?)(?)(?)(?)])(1 )(2 )(3 )] 48: ca7df2e3-5ea0-47b8-9ac1-b1be4d8edd69, 1, 0 [(0 [0xC004F014, 0, 0], [(?)(?)(?)(?)(?)(?)(?)(?)])(1 )(2 )(3 )] 49: d552befb-48cc-4327-8f39-47d2d94f987c, 1, 0 [(0 [0xC004F014, 0, 0], [(?)(?)(?)(?)(?)(?)(?)(?)])(1 )(2 )(3 )] 50: d6eadb3b-5ca8-4a6b-986e-35b550756111, 1, 0 [(0 [0xC004F014, 0, 0], [(?)(?)(?)(?)(?)(?)(?)(?)])(1 )(2 )(3 )] 51: df96023b-dcd9-4be2-afa0-c6c871159ebe, 1, 0 [(0 [0xC004F014, 0, 0], [(?)(?)(?)(?)(?)(?)(?)(?)])(1 )(2 )(3 )] 52: e0c42288-980c-4788-a014-c080d2e1926e, 1, 0 [(0 [0xC004F014, 0, 0], [(?)(?)(?)(?)(?)(?)(?)(?)])(1 )(2 )(3 )] 53: e4db50ea-bda1-4566-b047-0ca50abc6f07, 1, 0 [(0 [0xC004F014, 0, 0], [(?)(?)(?)(?)(?)(?)(?)(?)])(1 )(2 )(3 )] 54: e558417a-5123-4f6f-91e7-385c1c7ca9d4, 1, 0 [(0 [0xC004F014, 0, 0], [(?)(?)(?)(?)(?)(?)(?)(?)])(1 )(2 )(3 )] 55: e7a950a2-e548-4f10-bf16-02ec848e0643, 1, 0 [(0 [0xC004F014, 0, 0], [(?)(?)(?)(?)(?)(?)(?)(?)])(1 )(2 )(3 )] 56: eb6d346f-1c60-4643-b960-40ec31596c45, 1, 0 [(0 [0xC004F014, 0, 0], [(?)(?)(?)(?)(?)(?)(?)(?)])(1 )(2 )(3 )] 57: ec868e65-fadf-4759-b23e-93fe37f2cc29, 1, 0 [(0 [0xC004F014, 0, 0], [(?)(?)(?)(?)(?)(?)(?)(?)])(1 )(2 )(3 )] 58: ef51e000-2659-4f25-8345-3de70a9cf4c4, 1, 0 [(0 [0xC004F014, 0, 0], [(?)(?)(?)(?)(?)(?)(?)(?)])(1 )(2 )(3 )] 59: f7af7d09-40e4-419c-a49b-eae366689ebd, 1, 0 [(0 [0xC004F014, 0, 0], [(?)(?)(?)(?)(?)(?)(?)(?)])(1 )(2 )(3 )] 60: fa755fe6-6739-40b9-8d84-6d0ea3b6d1ab, 1, 0 [(0 [0xC004F014, 0, 0], [(?)(?)(?)(?)(?)(?)(?)(?)])(1 )(2 )(3 )] 61: fe74f55b-0338-41d6-b267-4a201abe7285, 1, 0 [(0 [0xC004F014, 0, 0], [(?)(?)(?)(?)(?)(?)(?)(?)])(1 )(2 )(3 )]"
"9/8/2026 6:16:06 PM","1003","Information","Microsoft-Windows-Security-SPP","CRASHLAB-GOLD","The Software Protection service has completed licensing status check. Application Id=55c92734-d682-4d71-983e-d6ec3f16059f Licensing Status= 1: 01eb852c-424d-4060-94b8-c10d799d7364, 1, 0 [(0 [0xC004F014, 0, 0], [(?)(?)(?)(?)(?)(?)(?)(?)])(1 )(2 )(3 )] 2: 040fa323-92b1-4baf-97a2-5b67feaefddb, 1, 0 [(0 [0xC004F014, 0, 0], [(?)(?)(?)(?)(?)(?)(?)(?)])(1 )(2 )(3 )] 3: 0724cb7d-3437-4cb7-93cb-830375d0079d, 1, 0 [(0 [0xC004F014, 0, 0], [(?)(?)(?)(?)(?)(?)(?)(?)])(1 )(2 )(3 )] 4: 0ad2ac98-7bb9-4201-8d92-312299201369, 1, 0 [(0 [0xC004F014, 0, 0], [(?)(?)(?)(?)(?)(?)(?)(?)])(1 )(2 )(3 )] 5: 19de9b2f-0166-4abb-9534-56ea69a80edb, 1, 0 [(0 [0xC004F014, 0, 0], [(?)(?)(?)(?)(?)(?)(?)(?)])(1 )(2 )(3 )] 6: 1a9a717a-cf13-4ba5-83c3-0fe25fa868d5, 1, 0 [(0 [0xC004F014, 0, 0], [(?)(?)(?)(?)(?)(?)(?)(?)])(1 )(2 )(3 )] 7: 221a02da-e2a1-4b75-864c-0a4410a33fdf, 1, 0 [(0 [0xC004F014, 0, 0], [(?)(?)(?)(?)(?)(?)(?)(?)])(1 )(2 )(3 )] 8: 265f3fad-6a1c-4bdd-ae30-c75efa556ccb, 1, 0 [(0 [0xC004F014, 0, 0], [(?)(?)(?)(?)(?)(?)(?)(?)])(1 )(2 )(3 )] 9: 291ece0e-9c38-40ca-a9e1-32cc7ec19507, 1, 0 [(0 [0xC004F014, 0, 0], [(?)(?)(?)(?)(?)(?)(?)(?)])(1 )(2 )(3 )] 10: 2936d1d2-913a-4542-b54e-ce5a602a2a38, 1, 0 [(0 [0xC004F014, 0, 0], [(?)(?)(?)(?)(?)(?)(?)(?)])(1 )(2 )(3 )] 11: 2c293c26-a45a-4a2a-a350-c69a67097529, 1, 0 [(0 [0xC004F014, 0, 0], [(?)(?)(?)(?)(?)(?)(?)(?)])(1 )(2 )(3 )] 12: 2de67392-b7a7-462a-b1ca-108dd189f588, 1, 0 [(0 [0xC004F014, 0, 0], [(?)(?)(?)(?)(?)(?)(?)(?)])(1 )(2 )(3 )] 13: 2ffd8952-423e-4903-b993-72a1aa44cf82, 1, 0 [(0 [0xC004F014, 0, 0], [(?)(?)(?)(?)(?)(?)(?)(?)])(1 )(2 )(3 )] 14: 30a42c86-b7a0-4a34-8c90-ff177cb2acb7, 1, 0 [(0 [0xC004F014, 0, 0], [(?)(?)(?)(?)(?)(?)(?)(?)])(1 )(2 )(3 )] 15: 345a5db0-d94f-4e3b-a0c0-7c42f7bc3ebf, 1, 0 [(0 [0xC004F014, 0, 0], [(?)(?)(?)(?)(?)(?)(?)(?)])(1 )(2 )(3 )] 16: 3502365a-f88a-4ba4-822a-5769d3073b65, 1, 0 [(0 [0xC004F014, 0, 0], [(?)(?)(?)(?)(?)(?)(?)(?)])(1 )(2 )(3 )] 17: 377333b1-8b5d-48d6-9679-1225c872d37c, 1, 0 [(0 [0xC004F014, 0, 0], [(?)(?)(?)(?)(?)(?)(?)(?)])(1 )(2 )(3 )] 18: 3df374ef-d444-4494-a5a1-4b0d9fd0e203, 1, 0 [(0 [0xC004F014, 0, 0], [(?)(?)(?)(?)(?)(?)(?)(?)])(1 )(2 )(3 )] 19: 3ebce241-ea87-4946-8a4f-80d00e921dff, 1, 0 [(0 [0xC004F014, 0, 0], [(?)(?)(?)(?)(?)(?)(?)(?)])(1 )(2 )(3 )] 20: 3f1afc82-f8ac-4f6c-8005-1d233e606eee, 1, 0 [(0 [0xC004F014, 0, 0], [(?)(?)(?)(?)(?)(?)(?)(?)])(1 )(2 )(3 )] 21: 4322a811-697c-44dc-865e-3e2fdcb86009, 1, 0 [(0 [0xC004F014, 0, 0], [(?)(?)(?)(?)(?)(?)(?)(?)])(1 )(2 )(3 )] 22: 49cd895b-53b2-4dc4-a5f7-b18aa019ad37, 1, 0 [(0 [0xC004F014, 0, 0], [(?)(?)(?)(?)(?)(?)(?)(?)])(1 )(2 )(3 )] 23: 4de7cb65-cdf1-4de9-8ae8-e3cce27b9f2c, 1, 1 [(0 )(1 )(2 [0xC004E003, 0, 0], [( 1 0xC004F034)( 1 0xC004F034)(?)(?)(?)(?)(?)(?)])(3 [0x00000000, 0, 0], [( 6 0xC004F009 0 0)( 1 0x00000000)( 6 0xC004F009 0 0)(?)(?)(?)( 10 0x00000000 msft:rm/algorithm/flags/1.0)( 11 0x00000000 0xC004F034)])] 24: 4f3da0d2-271d-4508-ae81-626b60809a38, 1, 0 [(0 [0xC004F014, 0, 0], [(?)(?)(?)(?)(?)(?)(?)(?)])(1 )(2 )(3 )] 25: 5d78c4e9-aeb3-4b40-8ac2-6a6005e0ad6d, 1, 0 [(0 [0xC004F014, 0, 0], [(?)(?)(?)(?)(?)(?)(?)(?)])(1 )(2 )(3 )] 26: 60b3ec1b-9545-4921-821f-311b129dd6f6, 1, 0 [(0 [0xC004F014, 0, 0], [(?)(?)(?)(?)(?)(?)(?)(?)])(1 )(2 )(3 )] 27: 613d217f-7f13-4268-9907-1662339531cd, 1, 0 [(0 [0xC004F014, 0, 0], [(?)(?)(?)(?)(?)(?)(?)(?)])(1 )(2 )(3 )] 28: 62f0c100-9c53-4e02-b886-a3528ddfe7f6, 1, 0 [(0 [0xC004F014, 0, 0], [(?)(?)(?)(?)(?)(?)(?)(?)])(1 )(2 )(3 )] 29: 6365275e-368d-46ca-a0ef-fc0404119333, 1, 0 [(0 [0xC004F014, 0, 0], [(?)(?)(?)(?)(?)(?)(?)(?)])(1 )(2 )(3 )] 30: 721f9237-9341-4453-a661-09e8baa6cca5, 1, 0 [(0 [0xC004F014, 0, 0], [(?)(?)(?)(?)(?)(?)(?)(?)])(1 )(2 )(3 )] 31: 73111121-5638-40f6-bc11-f1d7b0d64300, 1, 0 [(0 [0xC004F014, 0, 0], [(?)(?)(?)(?)(?)(?)(?)(?)])(1 )(2 )(3 )] 32: 7a802526-4c94-4bd1-ba14-835a1aca2120, 1, 0 [(0 [0xC004F014, 0, 0], [(?)(?)(?)(?)(?)(?)(?)(?)])(1 )(2 )(3 )] 33: 7cb546c0-c7d5-44d8-9a5c-69ecdd782b69, 1, 0 [(0 [0xC004F014, 0, 0], [(?)(?)(?)(?)(?)(?)(?)(?)])(1 )(2 )(3 )] 34: 80083eae-7031-4394-9e88-4901973d56fe, 1, 0 [(0 [0xC004F014, 0, 0], [(?)(?)(?)(?)(?)(?)(?)(?)])(1 )(2 )(3 )] 35: 82bbc092-bc50-4e16-8e18-b74fc486aec3, 1, 0 [(0 [0xC004F014, 0, 0], [(?)(?)(?)(?)(?)(?)(?)(?)])(1 )(2 )(3 )] 36: 8ab9bdd1-1f67-4997-82d9-8878520837d9, 1, 0 [(0 [0xC004F014, 0, 0], [(?)(?)(?)(?)(?)(?)(?)(?)])(1 )(2 )(3 )] 37: 8b351c9c-f398-4515-9900-09df49427262, 1, 0 [(0 [0xC004F014, 0, 0], [(?)(?)(?)(?)(?)(?)(?)(?)])(1 )(2 )(3 )] 38: 90da7373-1c51-430b-bf26-c97e9c5cdc31, 1, 0 [(0 [0xC004F014, 0, 0], [(?)(?)(?)(?)(?)(?)(?)(?)])(1 )(2 )(3 )] 39: 92fb8726-92a8-4ffc-94ce-f82e07444653, 1, 0 [(0 [0xC004F014, 0, 0], [(?)(?)(?)(?)(?)(?)(?)(?)])(1 )(2 )(3 )] 40: 95dca82f-385d-4d39-b85b-5c73fa285d6f, 1, 0 [(0 [0xC004F014, 0, 0], [(?)(?)(?)(?)(?)(?)(?)(?)])(1 )(2 )(3 )] 41: 97cde3ae-e908-4b59-ac96-a17645c5b57e, 1, 0 [(0 [0xC004F014, 0, 0], [(?)(?)(?)(?)(?)(?)(?)(?)])(1 )(2 )(3 )] 42: a48938aa-62fa-4966-9d44-9f04da3f72f2, 1, 0 [(0 [0xC004F014, 0, 0], [(?)(?)(?)(?)(?)(?)(?)(?)])(1 )(2 )(3 )] 43: b0773a15-df3a-4312-9ad2-83d69648e356, 1, 0 [(0 [0xC004F014, 0, 0], [(?)(?)(?)(?)(?)(?)(?)(?)])(1 )(2 )(3 )] 44: b4bfe195-541e-4e64-ad23-6177f19e395e, 1, 0 [(0 [0xC004F014, 0, 0], [(?)(?)(?)(?)(?)(?)(?)(?)])(1 )(2 )(3 )] 45: b68e61d2-68ca-4757-be45-0cc2f3e68eee, 1, 0 [(0 [0xC004F014, 0, 0], [(?)(?)(?)(?)(?)(?)(?)(?)])(1 )(2 )(3 )] 46: bd3762d7-270d-4760-8fb3-d829ca45278a, 1, 0 [(0 [0xC004F014, 0, 0], [(?)(?)(?)(?)(?)(?)(?)(?)])(1 )(2 )(3 )] 47: c86d5194-4840-4dae-9c1c-0301003a5ab0, 1, 0 [(0 [0xC004F014, 0, 0], [(?)(?)(?)(?)(?)(?)(?)(?)])(1 )(2 )(3 )] 48: ca7df2e3-5ea0-47b8-9ac1-b1be4d8edd69, 1, 0 [(0 [0xC004F014, 0, 0], [(?)(?)(?)(?)(?)(?)(?)(?)])(1 )(2 )(3 )] 49: d552befb-48cc-4327-8f39-47d2d94f987c, 1, 0 [(0 [0xC004F014, 0, 0], [(?)(?)(?)(?)(?)(?)(?)(?)])(1 )(2 )(3 )] 50: d6eadb3b-5ca8-4a6b-986e-35b550756111, 1, 0 [(0 [0xC004F014, 0, 0], [(?)(?)(?)(?)(?)(?)(?)(?)])(1 )(2 )(3 )] 51: df96023b-dcd9-4be2-afa0-c6c871159ebe, 1, 0 [(0 [0xC004F014, 0, 0], [(?)(?)(?)(?)(?)(?)(?)(?)])(1 )(2 )(3 )] 52: e0c42288-980c-4788-a014-c080d2e1926e, 1, 0 [(0 [0xC004F014, 0, 0], [(?)(?)(?)(?)(?)(?)(?)(?)])(1 )(2 )(3 )] 53: e4db50ea-bda1-4566-b047-0ca50abc6f07, 1, 0 [(0 [0xC004F014, 0, 0], [(?)(?)(?)(?)(?)(?)(?)(?)])(1 )(2 )(3 )] 54: e558417a-5123-4f6f-91e7-385c1c7ca9d4, 1, 0 [(0 [0xC004F014, 0, 0], [(?)(?)(?)(?)(?)(?)(?)(?)])(1 )(2 )(3 )] 55: e7a950a2-e548-4f10-bf16-02ec848e0643, 1, 0 [(0 [0xC004F014, 0, 0], [(?)(?)(?)(?)(?)(?)(?)(?)])(1 )(2 )(3 )] 56: eb6d346f-1c60-4643-b960-40ec31596c45, 1, 0 [(0 [0xC004F014, 0, 0], [(?)(?)(?)(?)(?)(?)(?)(?)])(1 )(2 )(3 )] 57: ec868e65-fadf-4759-b23e-93fe37f2cc29, 1, 0 [(0 [0xC004F014, 0, 0], [(?)(?)(?)(?)(?)(?)(?)(?)])(1 )(2 )(3 )] 58: ef51e000-2659-4f25-8345-3de70a9cf4c4, 1, 0 [(0 [0xC004F014, 0, 0], [(?)(?)(?)(?)(?)(?)(?)(?)])(1 )(2 )(3 )] 59: f7af7d09-40e4-419c-a49b-eae366689ebd, 1, 0 [(0 [0xC004F014, 0, 0], [(?)(?)(?)(?)(?)(?)(?)(?)])(1 )(2 )(3 )] 60: fa755fe6-6739-40b9-8d84-6d0ea3b6d1ab, 1, 0 [(0 [0xC004F014, 0, 0], [(?)(?)(?)(?)(?)(?)(?)(?)])(1 )(2 )(3 )] 61: fe74f55b-0338-41d6-b267-4a201abe7285, 1, 0 [(0 [0xC004F014, 0, 0], [(?)(?)(?)(?)(?)(?)(?)(?)])(1 )(2 )(3 )]"
"9/8/2026 6:16:06 PM","5617","Information","Microsoft-Windows-WMI","CRASHLAB-GOLD","Windows Management Instrumentation Service subsystems initialized successfully"
"9/8/2026 6:16:05 PM","902","Information","Microsoft-Windows-Security-SPP","CRASHLAB-GOLD","The Software Protection service has started. 10.0.26100.8036"
"9/8/2026 6:16:05 PM","1003","Information","Microsoft-Windows-Security-SPP","CRASHLAB-GOLD","The Software Protection service has completed licensing status check. Application Id=55c92734-d682-4d71-983e-d6ec3f16059f Licensing Status= 1: 01eb852c-424d-4060-94b8-c10d799d7364, 1, 0 [(0 [0xC004F014, 0, 0], [(?)(?)(?)(?)(?)(?)(?)(?)])(1 )(2 )(3 )] 2: 040fa323-92b1-4baf-97a2-5b67feaefddb, 1, 0 [(0 [0xC004F014, 0, 0], [(?)(?)(?)(?)(?)(?)(?)(?)])(1 )(2 )(3 )] 3: 0724cb7d-3437-4cb7-93cb-830375d0079d, 1, 0 [(0 [0xC004F014, 0, 0], [(?)(?)(?)(?)(?)(?)(?)(?)])(1 )(2 )(3 )] 4: 0ad2ac98-7bb9-4201-8d92-312299201369, 1, 0 [(0 [0xC004F014, 0, 0], [(?)(?)(?)(?)(?)(?)(?)(?)])(1 )(2 )(3 )] 5: 19de9b2f-0166-4abb-9534-56ea69a80edb, 1, 0 [(0 [0xC004F014, 0, 0], [(?)(?)(?)(?)(?)(?)(?)(?)])(1 )(2 )(3 )] 6: 1a9a717a-cf13-4ba5-83c3-0fe25fa868d5, 1, 0 [(0 [0xC004F014, 0, 0], [(?)(?)(?)(?)(?)(?)(?)(?)])(1 )(2 )(3 )] 7: 221a02da-e2a1-4b75-864c-0a4410a33fdf, 1, 0 [(0 [0xC004F014, 0, 0], [(?)(?)(?)(?)(?)(?)(?)(?)])(1 )(2 )(3 )] 8: 265f3fad-6a1c-4bdd-ae30-c75efa556ccb, 1, 0 [(0 [0xC004F014, 0, 0], [(?)(?)(?)(?)(?)(?)(?)(?)])(1 )(2 )(3 )] 9: 291ece0e-9c38-40ca-a9e1-32cc7ec19507, 1, 0 [(0 [0xC004F014, 0, 0], [(?)(?)(?)(?)(?)(?)(?)(?)])(1 )(2 )(3 )] 10: 2936d1d2-913a-4542-b54e-ce5a602a2a38, 1, 0 [(0 [0xC004F014, 0, 0], [(?)(?)(?)(?)(?)(?)(?)(?)])(1 )(2 )(3 )] 11: 2c293c26-a45a-4a2a-a350-c69a67097529, 1, 0 [(0 [0xC004F014, 0, 0], [(?)(?)(?)(?)(?)(?)(?)(?)])(1 )(2 )(3 )] 12: 2de67392-b7a7-462a-b1ca-108dd189f588, 1, 0 [(0 [0xC004F014, 0, 0], [(?)(?)(?)(?)(?)(?)(?)(?)])(1 )(2 )(3 )] 13: 2ffd8952-423e-4903-b993-72a1aa44cf82, 1, 0 [(0 [0xC004F014, 0, 0], [(?)(?)(?)(?)(?)(?)(?)(?)])(1 )(2 )(3 )] 14: 30a42c86-b7a0-4a34-8c90-ff177cb2acb7, 1, 0 [(0 [0xC004F014, 0, 0], [(?)(?)(?)(?)(?)(?)(?)(?)])(1 )(2 )(3 )] 15: 345a5db0-d94f-4e3b-a0c0-7c42f7bc3ebf, 1, 0 [(0 [0xC004F014, 0, 0], [(?)(?)(?)(?)(?)(?)(?)(?)])(1 )(2 )(3 )] 16: 3502365a-f88a-4ba4-822a-5769d3073b65, 1, 0 [(0 [0xC004F014, 0, 0], [(?)(?)(?)(?)(?)(?)(?)(?)])(1 )(2 )(3 )] 17: 377333b1-8b5d-48d6-9679-1225c872d37c, 1, 0 [(0 [0xC004F014, 0, 0], [(?)(?)(?)(?)(?)(?)(?)(?)])(1 )(2 )(3 )] 18: 3df374ef-d444-4494-a5a1-4b0d9fd0e203, 1, 0 [(0 [0xC004F014, 0, 0], [(?)(?)(?)(?)(?)(?)(?)(?)])(1 )(2 )(3 )] 19: 3ebce241-ea87-4946-8a4f-80d00e921dff, 1, 0 [(0 [0xC004F014, 0, 0], [(?)(?)(?)(?)(?)(?)(?)(?)])(1 )(2 )(3 )] 20: 3f1afc82-f8ac-4f6c-8005-1d233e606eee, 1, 0 [(0 [0xC004F014, 0, 0], [(?)(?)(?)(?)(?)(?)(?)(?)])(1 )(2 )(3 )] 21: 4322a811-697c-44dc-865e-3e2fdcb86009, 1, 0 [(0 [0xC004F014, 0, 0], [(?)(?)(?)(?)(?)(?)(?)(?)])(1 )(2 )(3 )] 22: 49cd895b-53b2-4dc4-a5f7-b18aa019ad37, 1, 0 [(0 [0xC004F014, 0, 0], [(?)(?)(?)(?)(?)(?)(?)(?)])(1 )(2 )(3 )] 23: 4de7cb65-cdf1-4de9-8ae8-e3cce27b9f2c, 1, 1 [(0 )(1 )(2 [0xC004E003, 0, 0], [( 1 0xC004F034)( 1 0xC004F034)(?)(?)(?)(?)(?)(?)])(3 [0x00000000, 0, 0], [( 6 0xC004F009 0 0)( 1 0x00000000)( 6 0xC004F009 0 0)(?)(?)(?)( 10 0x00000000 msft:rm/algorithm/flags/1.0)( 11 0x00000000 0xC004F034)])] 24: 4f3da0d2-271d-4508-ae81-626b60809a38, 1, 0 [(0 [0xC004F014, 0, 0], [(?)(?)(?)(?)(?)(?)(?)(?)])(1 )(2 )(3 )] 25: 5d78c4e9-aeb3-4b40-8ac2-6a6005e0ad6d, 1, 0 [(0 [0xC004F014, 0, 0], [(?)(?)(?)(?)(?)(?)(?)(?)])(1 )(2 )(3 )] 26: 60b3ec1b-9545-4921-821f-311b129dd6f6, 1, 0 [(0 [0xC004F014, 0, 0], [(?)(?)(?)(?)(?)(?)(?)(?)])(1 )(2 )(3 )] 27: 613d217f-7f13-4268-9907-1662339531cd, 1, 0 [(0 [0xC004F014, 0, 0], [(?)(?)(?)(?)(?)(?)(?)(?)])(1 )(2 )(3 )] 28: 62f0c100-9c53-4e02-b886-a3528ddfe7f6, 1, 0 [(0 [0xC004F014, 0, 0], [(?)(?)(?)(?)(?)(?)(?)(?)])(1 )(2 )(3 )] 29: 6365275e-368d-46ca-a0ef-fc0404119333, 1, 0 [(0 [0xC004F014, 0, 0], [(?)(?)(?)(?)(?)(?)(?)(?)])(1 )(2 )(3 )] 30: 721f9237-9341-4453-a661-09e8baa6cca5, 1, 0 [(0 [0xC004F014, 0, 0], [(?)(?)(?)(?)(?)(?)(?)(?)])(1 )(2 )(3 )] 31: 73111121-5638-40f6-bc11-f1d7b0d64300, 1, 0 [(0 [0xC004F014, 0, 0], [(?)(?)(?)(?)(?)(?)(?)(?)])(1 )(2 )(3 )] 32: 7a802526-4c94-4bd1-ba14-835a1aca2120, 1, 0 [(0 [0xC004F014, 0, 0], [(?)(?)(?)(?)(?)(?)(?)(?)])(1 )(2 )(3 )] 33: 7cb546c0-c7d5-44d8-9a5c-69ecdd782b69, 1, 0 [(0 [0xC004F014, 0, 0], [(?)(?)(?)(?)(?)(?)(?)(?)])(1 )(2 )(3 )] 34: 80083eae-7031-4394-9e88-4901973d56fe, 1, 0 [(0 [0xC004F014, 0, 0], [(?)(?)(?)(?)(?)(?)(?)(?)])(1 )(2 )(3 )] 35: 82bbc092-bc50-4e16-8e18-b74fc486aec3, 1, 0 [(0 [0xC004F014, 0, 0], [(?)(?)(?)(?)(?)(?)(?)(?)])(1 )(2 )(3 )] 36: 8ab9bdd1-1f67-4997-82d9-8878520837d9, 1, 0 [(0 [0xC004F014, 0, 0], [(?)(?)(?)(?)(?)(?)(?)(?)])(1 )(2 )(3 )] 37: 8b351c9c-f398-4515-9900-09df49427262, 1, 0 [(0 [0xC004F014, 0, 0], [(?)(?)(?)(?)(?)(?)(?)(?)])(1 )(2 )(3 )] 38: 90da7373-1c51-430b-bf26-c97e9c5cdc31, 1, 0 [(0 [0xC004F014, 0, 0], [(?)(?)(?)(?)(?)(?)(?)(?)])(1 )(2 )(3 )] 39: 92fb8726-92a8-4ffc-94ce-f82e07444653, 1, 0 [(0 [0xC004F014, 0, 0], [(?)(?)(?)(?)(?)(?)(?)(?)])(1 )(2 )(3 )] 40: 95dca82f-385d-4d39-b85b-5c73fa285d6f, 1, 0 [(0 [0xC004F014, 0, 0], [(?)(?)(?)(?)(?)(?)(?)(?)])(1 )(2 )(3 )] 41: 97cde3ae-e908-4b59-ac96-a17645c5b57e, 1, 0 [(0 [0xC004F014, 0, 0], [(?)(?)(?)(?)(?)(?)(?)(?)])(1 )(2 )(3 )] 42: a48938aa-62fa-4966-9d44-9f04da3f72f2, 1, 0 [(0 [0xC004F014, 0, 0], [(?)(?)(?)(?)(?)(?)(?)(?)])(1 )(2 )(3 )] 43: b0773a15-df3a-4312-9ad2-83d69648e356, 1, 0 [(0 [0xC004F014, 0, 0], [(?)(?)(?)(?)(?)(?)(?)(?)])(1 )(2 )(3 )] 44: b4bfe195-541e-4e64-ad23-6177f19e395e, 1, 0 [(0 [0xC004F014, 0, 0], [(?)(?)(?)(?)(?)(?)(?)(?)])(1 )(2 )(3 )] 45: b68e61d2-68ca-4757-be45-0cc2f3e68eee, 1, 0 [(0 [0xC004F014, 0, 0], [(?)(?)(?)(?)(?)(?)(?)(?)])(1 )(2 )(3 )] 46: bd3762d7-270d-4760-8fb3-d829ca45278a, 1, 0 [(0 [0xC004F014, 0, 0], [(?)(?)(?)(?)(?)(?)(?)(?)])(1 )(2 )(3 )] 47: c86d5194-4840-4dae-9c1c-0301003a5ab0, 1, 0 [(0 [0xC004F014, 0, 0], [(?)(?)(?)(?)(?)(?)(?)(?)])(1 )(2 )(3 )] 48: ca7df2e3-5ea0-47b8-9ac1-b1be4d8edd69, 1, 0 [(0 [0xC004F014, 0, 0], [(?)(?)(?)(?)(?)(?)(?)(?)])(1 )(2 )(3 )] 49: d552befb-48cc-4327-8f39-47d2d94f987c, 1, 0 [(0 [0xC004F014, 0, 0], [(?)(?)(?)(?)(?)(?)(?)(?)])(1 )(2 )(3 )] 50: d6eadb3b-5ca8-4a6b-986e-35b550756111, 1, 0 [(0 [0xC004F014, 0, 0], [(?)(?)(?)(?)(?)(?)(?)(?)])(1 )(2 )(3 )] 51: df96023b-dcd9-4be2-afa0-c6c871159ebe, 1, 0 [(0 [0xC004F014, 0, 0], [(?)(?)(?)(?)(?)(?)(?)(?)])(1 )(2 )(3 )] 52: e0c42288-980c-4788-a014-c080d2e1926e, 1, 0 [(0 [0xC004F014, 0, 0], [(?)(?)(?)(?)(?)(?)(?)(?)])(1 )(2 )(3 )] 53: e4db50ea-bda1-4566-b047-0ca50abc6f07, 1, 0 [(0 [0xC004F014, 0, 0], [(?)(?)(?)(?)(?)(?)(?)(?)])(1 )(2 )(3 )] 54: e558417a-5123-4f6f-91e7-385c1c7ca9d4, 1, 0 [(0 [0xC004F014, 0, 0], [(?)(?)(?)(?)(?)(?)(?)(?)])(1 )(2 )(3 )] 55: e7a950a2-e548-4f10-bf16-02ec848e0643, 1, 0 [(0 [0xC004F014, 0, 0], [(?)(?)(?)(?)(?)(?)(?)(?)])(1 )(2 )(3 )] 56: eb6d346f-1c60-4643-b960-40ec31596c45, 1, 0 [(0 [0xC004F014, 0, 0], [(?)(?)(?)(?)(?)(?)(?)(?)])(1 )(2 )(3 )] 57: ec868e65-fadf-4759-b23e-93fe37f2cc29, 1, 0 [(0 [0xC004F014, 0, 0], [(?)(?)(?)(?)(?)(?)(?)(?)])(1 )(2 )(3 )] 58: ef51e000-2659-4f25-8345-3de70a9cf4c4, 1, 0 [(0 [0xC004F014, 0, 0], [(?)(?)(?)(?)(?)(?)(?)(?)])(1 )(2 )(3 )] 59: f7af7d09-40e4-419c-a49b-eae366689ebd, 1, 0 [(0 [0xC004F014, 0, 0], [(?)(?)(?)(?)(?)(?)(?)(?)])(1 )(2 )(3 )] 60: fa755fe6-6739-40b9-8d84-6d0ea3b6d1ab, 1, 0 [(0 [0xC004F014, 0, 0], [(?)(?)(?)(?)(?)(?)(?)(?)])(1 )(2 )(3 )] 61: fe74f55b-0338-41d6-b267-4a201abe7285, 1, 0 [(0 [0xC004F014, 0, 0], [(?)(?)(?)(?)(?)(?)(?)(?)])(1 )(2 )(3 )]"
"9/8/2026 6:16:05 PM","1066","Information","Microsoft-Windows-Security-SPP","CRASHLAB-GOLD","Initialization status for service objects. C:\WINDOWS\system32\sppwinob.dll, msft:spp/windowsfunctionality/agent/7.0, 0x00000000, 0x00000000 C:\WINDOWS\system32\sppobjs.dll, msft:rm/algorithm/inherited/1.0, 0x00000000, 0x00000000 C:\WINDOWS\system32\sppobjs.dll, msft:rm/algorithm/phone/1.0, 0x00000000, 0x00000000 C:\WINDOWS\system32\sppobjs.dll, msft:rm/algorithm/pkey/detect, 0x00000000, 0x00000000 C:\WINDOWS\system32\sppobjs.dll, msft:spp/ActionScheduler/1.0, 0x00000000, 0x00000000 C:\WINDOWS\system32\sppobjs.dll, msft:spp/TaskScheduler/1.0, 0x00000000, 0x00000000 C:\WINDOWS\system32\sppobjs.dll, msft:spp/statecollector/pkey, 0x00000000, 0x00000000 C:\WINDOWS\system32\sppobjs.dll, msft:spp/volume/services/kms/1.0, 0x00000000, 0x00000000 C:\WINDOWS\system32\sppobjs.dll, msft:spp/volume/services/kms/activationinfo/1.0, 0x00000000, 0x00000000"
"9/8/2026 6:16:04 PM","16394","Information","Microsoft-Windows-Security-SPP","CRASHLAB-GOLD","Offline downlevel migration succeeded."
"9/8/2026 6:16:04 PM","900","Information","Microsoft-Windows-Security-SPP","CRASHLAB-GOLD","The Software Protection service is starting. Parameters:TriggerStarted:6"
"9/8/2026 6:15:59 PM","6000","Information","Microsoft-Windows-Winlogon","CRASHLAB-GOLD","The winlogon notification subscriber <SessionEnv> was unavailable to handle a notification event."
"9/8/2026 6:15:59 PM","6003","Information","Microsoft-Windows-Winlogon","CRASHLAB-GOLD","The winlogon notification subscriber <SessionEnv> was unavailable to handle a critical notification event."
"9/8/2026 6:15:22 PM","5615","Information","Microsoft-Windows-WMI","CRASHLAB-GOLD","Windows Management Instrumentation Service started sucessfully"
"9/8/2026 6:15:21 PM","4625","Information","Microsoft-Windows-EventSystem","CRASHLAB-GOLD","The EventSystem sub system is suppressing duplicate event log entries for a duration of 86400 seconds. The suppression timeout can be controlled by a REG_DWORD value named SuppressDuplicateDuration under the following registry key: HKLM\Software\Microsoft\EventSystem\EventLog."
"9/8/2026 6:15:20 PM","1531","Information","Microsoft-Windows-User Profiles Service","CRASHLAB-GOLD","The User Profile Service has started successfully."
"9/8/2026 6:12:07 PM","1532","Information","Microsoft-Windows-User Profiles Service","CRASHLAB-GOLD","The User Profile Service has stopped."
"9/8/2026 6:12:06 PM","6000","Information","Microsoft-Windows-Winlogon","CRASHLAB-GOLD","The winlogon notification subscriber <SessionEnv> was unavailable to handle a notification event."
"9/8/2026 6:12:06 PM","6000","Information","Microsoft-Windows-Winlogon","CRASHLAB-GOLD","The winlogon notification subscriber <WSearch> was unavailable to handle a notification event."
"9/8/2026 6:12:03 PM","15","Information","SecurityCenter","CRASHLAB-GOLD","Updated Windows Defender status successfully to SECURITY_PRODUCT_STATE_ON."
"9/8/2026 6:12:01 PM","1","Information","SecurityCenter","CRASHLAB-GOLD","The Windows Security Center Service has started."
"9/8/2026 6:12:00 PM","16394","Information","Microsoft-Windows-Security-SPP","CRASHLAB-GOLD","Offline downlevel migration succeeded."
"9/8/2026 6:12:00 PM","900","Information","Microsoft-Windows-Security-SPP","CRASHLAB-GOLD","The Software Protection service is starting. Parameters:<explicit>"
"9/8/2026 6:11:59 PM","0","Information","edgeupdate","CRASHLAB-GOLD","Service stopped."
"9/8/2026 6:10:29 PM","256","Information","Edge","CRASHLAB-GOLD","[8648:8752:0908/181029.375:INFO:chrome\browser\extensions\extension_garbage_collector.cc:188] Garbage collection for extensions on file thread is complete."
"9/8/2026 6:10:08 PM","903","Information","Microsoft-Windows-Security-SPP","CRASHLAB-GOLD","The Software Protection service has stopped."
"9/8/2026 6:10:08 PM","16384","Information","Microsoft-Windows-Security-SPP","CRASHLAB-GOLD","Successfully scheduled Software Protection service for re-start at 2026-09-10T01:09:08Z. Reason: RulesEngine."
"9/8/2026 6:09:37 PM","5617","Information","Microsoft-Windows-WMI","CRASHLAB-GOLD","Windows Management Instrumentation Service subsystems initialized successfully"
"9/8/2026 6:09:34 PM","1003","Information","Microsoft-Windows-Search","CRASHLAB-GOLD","The Windows Search Service started."
"9/8/2026 6:09:26 PM","8198","Error","Microsoft-Windows-Security-SPP","CRASHLAB-GOLD","License Activation (slui.exe) failed with the following error code: hr=0x803F7001 Command-line arguments: RuleId=31e71c49-8da7-4a2f-ad92-45d98a1c79ba;Action=AutoActivate;AppId=55c92734-d682-4d71-983e-d6ec3f16059f;SkuId=4de7cb65-cdf1-4de9-8ae8-e3cce27b9f2c;NotificationInterval=1440;Trigger=UserLogon;SessionId=1"
"9/8/2026 6:09:26 PM","1003","Information","Microsoft-Windows-Security-SPP","CRASHLAB-GOLD","The Software Protection service has completed licensing status check. Application Id=55c92734-d682-4d71-983e-d6ec3f16059f Licensing Status= 1: 01eb852c-424d-4060-94b8-c10d799d7364, 1, 0 [(0 [0xC004F014, 0, 0], [(?)(?)(?)(?)(?)(?)(?)(?)])(1 )(2 )(3 )] 2: 040fa323-92b1-4baf-97a2-5b67feaefddb, 1, 0 [(0 [0xC004F014, 0, 0], [(?)(?)(?)(?)(?)(?)(?)(?)])(1 )(2 )(3 )] 3: 0724cb7d-3437-4cb7-93cb-830375d0079d, 1, 0 [(0 [0xC004F014, 0, 0], [(?)(?)(?)(?)(?)(?)(?)(?)])(1 )(2 )(3 )] 4: 0ad2ac98-7bb9-4201-8d92-312299201369, 1, 0 [(0 [0xC004F014, 0, 0], [(?)(?)(?)(?)(?)(?)(?)(?)])(1 )(2 )(3 )] 5: 19de9b2f-0166-4abb-9534-56ea69a80edb, 1, 0 [(0 [0xC004F014, 0, 0], [(?)(?)(?)(?)(?)(?)(?)(?)])(1 )(2 )(3 )] 6: 1a9a717a-cf13-4ba5-83c3-0fe25fa868d5, 1, 0 [(0 [0xC004F014, 0, 0], [(?)(?)(?)(?)(?)(?)(?)(?)])(1 )(2 )(3 )] 7: 221a02da-e2a1-4b75-864c-0a4410a33fdf, 1, 0 [(0 [0xC004F014, 0, 0], [(?)(?)(?)(?)(?)(?)(?)(?)])(1 )(2 )(3 )] 8: 265f3fad-6a1c-4bdd-ae30-c75efa556ccb, 1, 0 [(0 [0xC004F014, 0, 0], [(?)(?)(?)(?)(?)(?)(?)(?)])(1 )(2 )(3 )] 9: 291ece0e-9c38-40ca-a9e1-32cc7ec19507, 1, 0 [(0 [0xC004F014, 0, 0], [(?)(?)(?)(?)(?)(?)(?)(?)])(1 )(2 )(3 )] 10: 2936d1d2-913a-4542-b54e-ce5a602a2a38, 1, 0 [(0 [0xC004F014, 0, 0], [(?)(?)(?)(?)(?)(?)(?)(?)])(1 )(2 )(3 )] 11: 2c293c26-a45a-4a2a-a350-c69a67097529, 1, 0 [(0 [0xC004F014, 0, 0], [(?)(?)(?)(?)(?)(?)(?)(?)])(1 )(2 )(3 )] 12: 2de67392-b7a7-462a-b1ca-108dd189f588, 1, 0 [(0 [0xC004F014, 0, 0], [(?)(?)(?)(?)(?)(?)(?)(?)])(1 )(2 )(3 )] 13: 2ffd8952-423e-4903-b993-72a1aa44cf82, 1, 0 [(0 [0xC004F014, 0, 0], [(?)(?)(?)(?)(?)(?)(?)(?)])(1 )(2 )(3 )] 14: 30a42c86-b7a0-4a34-8c90-ff177cb2acb7, 1, 0 [(0 [0xC004F014, 0, 0], [(?)(?)(?)(?)(?)(?)(?)(?)])(1 )(2 )(3 )] 15: 345a5db0-d94f-4e3b-a0c0-7c42f7bc3ebf, 1, 0 [(0 [0xC004F014, 0, 0], [(?)(?)(?)(?)(?)(?)(?)(?)])(1 )(2 )(3 )] 16: 3502365a-f88a-4ba4-822a-5769d3073b65, 1, 0 [(0 [0xC004F014, 0, 0], [(?)(?)(?)(?)(?)(?)(?)(?)])(1 )(2 )(3 )] 17: 377333b1-8b5d-48d6-9679-1225c872d37c, 1, 0 [(0 [0xC004F014, 0, 0], [(?)(?)(?)(?)(?)(?)(?)(?)])(1 )(2 )(3 )] 18: 3df374ef-d444-4494-a5a1-4b0d9fd0e203, 1, 0 [(0 [0xC004F014, 0, 0], [(?)(?)(?)(?)(?)(?)(?)(?)])(1 )(2 )(3 )] 19: 3ebce241-ea87-4946-8a4f-80d00e921dff, 1, 0 [(0 [0xC004F014, 0, 0], [(?)(?)(?)(?)(?)(?)(?)(?)])(1 )(2 )(3 )] 20: 3f1afc82-f8ac-4f6c-8005-1d233e606eee, 1, 0 [(0 [0xC004F014, 0, 0], [(?)(?)(?)(?)(?)(?)(?)(?)])(1 )(2 )(3 )] 21: 4322a811-697c-44dc-865e-3e2fdcb86009, 1, 0 [(0 [0xC004F014, 0, 0], [(?)(?)(?)(?)(?)(?)(?)(?)])(1 )(2 )(3 )] 22: 49cd895b-53b2-4dc4-a5f7-b18aa019ad37, 1, 0 [(0 [0xC004F014, 0, 0], [(?)(?)(?)(?)(?)(?)(?)(?)])(1 )(2 )(3 )] 23: 4de7cb65-cdf1-4de9-8ae8-e3cce27b9f2c, 1, 1 [(0 )(1 )(2 [0xC004E003, 0, 0], [( 1 0xC004F034)( 1 0xC004F034)(?)(?)(?)(?)(?)(?)])(3 [0x00000000, 0, 0], [( 6 0xC004F009 0 0)( 1 0x00000000)( 6 0xC004F009 0 0)(?)(?)(?)( 10 0x00000000 msft:rm/algorithm/flags/1.0)( 11 0x00000000 0xC004F034)])] 24: 4f3da0d2-271d-4508-ae81-626b60809a38, 1, 0 [(0 [0xC004F014, 0, 0], [(?)(?)(?)(?)(?)(?)(?)(?)])(1 )(2 )(3 )] 25: 5d78c4e9-aeb3-4b40-8ac2-6a6005e0ad6d, 1, 0 [(0 [0xC004F014, 0, 0], [(?)(?)(?)(?)(?)(?)(?)(?)])(1 )(2 )(3 )] 26: 60b3ec1b-9545-4921-821f-311b129dd6f6, 1, 0 [(0 [0xC004F014, 0, 0], [(?)(?)(?)(?)(?)(?)(?)(?)])(1 )(2 )(3 )] 27: 613d217f-7f13-4268-9907-1662339531cd, 1, 0 [(0 [0xC004F014, 0, 0], [(?)(?)(?)(?)(?)(?)(?)(?)])(1 )(2 )(3 )] 28: 62f0c100-9c53-4e02-b886-a3528ddfe7f6, 1, 0 [(0 [0xC004F014, 0, 0], [(?)(?)(?)(?)(?)(?)(?)(?)])(1 )(2 )(3 )] 29: 6365275e-368d-46ca-a0ef-fc0404119333, 1, 0 [(0 [0xC004F014, 0, 0], [(?)(?)(?)(?)(?)(?)(?)(?)])(1 )(2 )(3 )] 30: 721f9237-9341-4453-a661-09e8baa6cca5, 1, 0 [(0 [0xC004F014, 0, 0], [(?)(?)(?)(?)(?)(?)(?)(?)])(1 )(2 )(3 )] 31: 73111121-5638-40f6-bc11-f1d7b0d64300, 1, 0 [(0 [0xC004F014, 0, 0], [(?)(?)(?)(?)(?)(?)(?)(?)])(1 )(2 )(3 )] 32: 7a802526-4c94-4bd1-ba14-835a1aca2120, 1, 0 [(0 [0xC004F014, 0, 0], [(?)(?)(?)(?)(?)(?)(?)(?)])(1 )(2 )(3 )] 33: 7cb546c0-c7d5-44d8-9a5c-69ecdd782b69, 1, 0 [(0 [0xC004F014, 0, 0], [(?)(?)(?)(?)(?)(?)(?)(?)])(1 )(2 )(3 )] 34: 80083eae-7031-4394-9e88-4901973d56fe, 1, 0 [(0 [0xC004F014, 0, 0], [(?)(?)(?)(?)(?)(?)(?)(?)])(1 )(2 )(3 )] 35: 82bbc092-bc50-4e16-8e18-b74fc486aec3, 1, 0 [(0 [0xC004F014, 0, 0], [(?)(?)(?)(?)(?)(?)(?)(?)])(1 )(2 )(3 )] 36: 8ab9bdd1-1f67-4997-82d9-8878520837d9, 1, 0 [(0 [0xC004F014, 0, 0], [(?)(?)(?)(?)(?)(?)(?)(?)])(1 )(2 )(3 )] 37: 8b351c9c-f398-4515-9900-09df49427262, 1, 0 [(0 [0xC004F014, 0, 0], [(?)(?)(?)(?)(?)(?)(?)(?)])(1 )(2 )(3 )] 38: 90da7373-1c51-430b-bf26-c97e9c5cdc31, 1, 0 [(0 [0xC004F014, 0, 0], [(?)(?)(?)(?)(?)(?)(?)(?)])(1 )(2 )(3 )] 39: 92fb8726-92a8-4ffc-94ce-f82e07444653, 1, 0 [(0 [0xC004F014, 0, 0], [(?)(?)(?)(?)(?)(?)(?)(?)])(1 )(2 )(3 )] 40: 95dca82f-385d-4d39-b85b-5c73fa285d6f, 1, 0 [(0 [0xC004F014, 0, 0], [(?)(?)(?)(?)(?)(?)(?)(?)])(1 )(2 )(3 )] 41: 97cde3ae-e908-4b59-ac96-a17645c5b57e, 1, 0 [(0 [0xC004F014, 0, 0], [(?)(?)(?)(?)(?)(?)(?)(?)])(1 )(2 )(3 )] 42: a48938aa-62fa-4966-9d44-9f04da3f72f2, 1, 0 [(0 [0xC004F014, 0, 0], [(?)(?)(?)(?)(?)(?)(?)(?)])(1 )(2 )(3 )] 43: b0773a15-df3a-4312-9ad2-83d69648e356, 1, 0 [(0 [0xC004F014, 0, 0], [(?)(?)(?)(?)(?)(?)(?)(?)])(1 )(2 )(3 )] 44: b4bfe195-541e-4e64-ad23-6177f19e395e, 1, 0 [(0 [0xC004F014, 0, 0], [(?)(?)(?)(?)(?)(?)(?)(?)])(1 )(2 )(3 )] 45: b68e61d2-68ca-4757-be45-0cc2f3e68eee, 1, 0 [(0 [0xC004F014, 0, 0], [(?)(?)(?)(?)(?)(?)(?)(?)])(1 )(2 )(3 )] 46: bd3762d7-270d-4760-8fb3-d829ca45278a, 1, 0 [(0 [0xC004F014, 0, 0], [(?)(?)(?)(?)(?)(?)(?)(?)])(1 )(2 )(3 )] 47: c86d5194-4840-4dae-9c1c-0301003a5ab0, 1, 0 [(0 [0xC004F014, 0, 0], [(?)(?)(?)(?)(?)(?)(?)(?)])(1 )(2 )(3 )] 48: ca7df2e3-5ea0-47b8-9ac1-b1be4d8edd69, 1, 0 [(0 [0xC004F014, 0, 0], [(?)(?)(?)(?)(?)(?)(?)(?)])(1 )(2 )(3 )] 49: d552befb-48cc-4327-8f39-47d2d94f987c, 1, 0 [(0 [0xC004F014, 0, 0], [(?)(?)(?)(?)(?)(?)(?)(?)])(1 )(2 )(3 )] 50: d6eadb3b-5ca8-4a6b-986e-35b550756111, 1, 0 [(0 [0xC004F014, 0, 0], [(?)(?)(?)(?)(?)(?)(?)(?)])(1 )(2 )(3 )] 51: df96023b-dcd9-4be2-afa0-c6c871159ebe, 1, 0 [(0 [0xC004F014, 0, 0], [(?)(?)(?)(?)(?)(?)(?)(?)])(1 )(2 )(3 )] 52: e0c42288-980c-4788-a014-c080d2e1926e, 1, 0 [(0 [0xC004F014, 0, 0], [(?)(?)(?)(?)(?)(?)(?)(?)])(1 )(2 )(3 )] 53: e4db50ea-bda1-4566-b047-0ca50abc6f07, 1, 0 [(0 [0xC004F014, 0, 0], [(?)(?)(?)(?)(?)(?)(?)(?)])(1 )(2 )(3 )] 54: e558417a-5123-4f6f-91e7-385c1c7ca9d4, 1, 0 [(0 [0xC004F014, 0, 0], [(?)(?)(?)(?)(?)(?)(?)(?)])(1 )(2 )(3 )] 55: e7a950a2-e548-4f10-bf16-02ec848e0643, 1, 0 [(0 [0xC004F014, 0, 0], [(?)(?)(?)(?)(?)(?)(?)(?)])(1 )(2 )(3 )] 56: eb6d346f-1c60-4643-b960-40ec31596c45, 1, 0 [(0 [0xC004F014, 0, 0], [(?)(?)(?)(?)(?)(?)(?)(?)])(1 )(2 )(3 )] 57: ec868e65-fadf-4759-b23e-93fe37f2cc29, 1, 0 [(0 [0xC004F014, 0, 0], [(?)(?)(?)(?)(?)(?)(?)(?)])(1 )(2 )(3 )] 58: ef51e000-2659-4f25-8345-3de70a9cf4c4, 1, 0 [(0 [0xC004F014, 0, 0], [(?)(?)(?)(?)(?)(?)(?)(?)])(1 )(2 )(3 )] 59: f7af7d09-40e4-419c-a49b-eae366689ebd, 1, 0 [(0 [0xC004F014, 0, 0], [(?)(?)(?)(?)(?)(?)(?)(?)])(1 )(2 )(3 )] 60: fa755fe6-6739-40b9-8d84-6d0ea3b6d1ab, 1, 0 [(0 [0xC004F014, 0, 0], [(?)(?)(?)(?)(?)(?)(?)(?)])(1 )(2 )(3 )] 61: fe74f55b-0338-41d6-b267-4a201abe7285, 1, 0 [(0 [0xC004F014, 0, 0], [(?)(?)(?)(?)(?)(?)(?)(?)])(1 )(2 )(3 )]"
"9/8/2026 6:09:25 PM","1003","Information","Microsoft-Windows-Security-SPP","CRASHLAB-GOLD","The Software Protection service has completed licensing status check. Application Id=55c92734-d682-4d71-983e-d6ec3f16059f Licensing Status= 1: 01eb852c-424d-4060-94b8-c10d799d7364, 1, 0 [(0 [0xC004F014, 0, 0], [(?)(?)(?)(?)(?)(?)(?)(?)])(1 )(2 )(3 )] 2: 040fa323-92b1-4baf-97a2-5b67feaefddb, 1, 0 [(0 [0xC004F014, 0, 0], [(?)(?)(?)(?)(?)(?)(?)(?)])(1 )(2 )(3 )] 3: 0724cb7d-3437-4cb7-93cb-830375d0079d, 1, 0 [(0 [0xC004F014, 0, 0], [(?)(?)(?)(?)(?)(?)(?)(?)])(1 )(2 )(3 )] 4: 0ad2ac98-7bb9-4201-8d92-312299201369, 1, 0 [(0 [0xC004F014, 0, 0], [(?)(?)(?)(?)(?)(?)(?)(?)])(1 )(2 )(3 )] 5: 19de9b2f-0166-4abb-9534-56ea69a80edb, 1, 0 [(0 [0xC004F014, 0, 0], [(?)(?)(?)(?)(?)(?)(?)(?)])(1 )(2 )(3 )] 6: 1a9a717a-cf13-4ba5-83c3-0fe25fa868d5, 1, 0 [(0 [0xC004F014, 0, 0], [(?)(?)(?)(?)(?)(?)(?)(?)])(1 )(2 )(3 )] 7: 221a02da-e2a1-4b75-864c-0a4410a33fdf, 1, 0 [(0 [0xC004F014, 0, 0], [(?)(?)(?)(?)(?)(?)(?)(?)])(1 )(2 )(3 )] 8: 265f3fad-6a1c-4bdd-ae30-c75efa556ccb, 1, 0 [(0 [0xC004F014, 0, 0], [(?)(?)(?)(?)(?)(?)(?)(?)])(1 )(2 )(3 )] 9: 291ece0e-9c38-40ca-a9e1-32cc7ec19507, 1, 0 [(0 [0xC004F014, 0, 0], [(?)(?)(?)(?)(?)(?)(?)(?)])(1 )(2 )(3 )] 10: 2936d1d2-913a-4542-b54e-ce5a602a2a38, 1, 0 [(0 [0xC004F014, 0, 0], [(?)(?)(?)(?)(?)(?)(?)(?)])(1 )(2 )(3 )] 11: 2c293c26-a45a-4a2a-a350-c69a67097529, 1, 0 [(0 [0xC004F014, 0, 0], [(?)(?)(?)(?)(?)(?)(?)(?)])(1 )(2 )(3 )] 12: 2de67392-b7a7-462a-b1ca-108dd189f588, 1, 0 [(0 [0xC004F014, 0, 0], [(?)(?)(?)(?)(?)(?)(?)(?)])(1 )(2 )(3 )] 13: 2ffd8952-423e-4903-b993-72a1aa44cf82, 1, 0 [(0 [0xC004F014, 0, 0], [(?)(?)(?)(?)(?)(?)(?)(?)])(1 )(2 )(3 )] 14: 30a42c86-b7a0-4a34-8c90-ff177cb2acb7, 1, 0 [(0 [0xC004F014, 0, 0], [(?)(?)(?)(?)(?)(?)(?)(?)])(1 )(2 )(3 )] 15: 345a5db0-d94f-4e3b-a0c0-7c42f7bc3ebf, 1, 0 [(0 [0xC004F014, 0, 0], [(?)(?)(?)(?)(?)(?)(?)(?)])(1 )(2 )(3 )] 16: 3502365a-f88a-4ba4-822a-5769d3073b65, 1, 0 [(0 [0xC004F014, 0, 0], [(?)(?)(?)(?)(?)(?)(?)(?)])(1 )(2 )(3 )] 17: 377333b1-8b5d-48d6-9679-1225c872d37c, 1, 0 [(0 [0xC004F014, 0, 0], [(?)(?)(?)(?)(?)(?)(?)(?)])(1 )(2 )(3 )] 18: 3df374ef-d444-4494-a5a1-4b0d9fd0e203, 1, 0 [(0 [0xC004F014, 0, 0], [(?)(?)(?)(?)(?)(?)(?)(?)])(1 )(2 )(3 )] 19: 3ebce241-ea87-4946-8a4f-80d00e921dff, 1, 0 [(0 [0xC004F014, 0, 0], [(?)(?)(?)(?)(?)(?)(?)(?)])(1 )(2 )(3 )] 20: 3f1afc82-f8ac-4f6c-8005-1d233e606eee, 1, 0 [(0 [0xC004F014, 0, 0], [(?)(?)(?)(?)(?)(?)(?)(?)])(1 )(2 )(3 )] 21: 4322a811-697c-44dc-865e-3e2fdcb86009, 1, 0 [(0 [0xC004F014, 0, 0], [(?)(?)(?)(?)(?)(?)(?)(?)])(1 )(2 )(3 )] 22: 49cd895b-53b2-4dc4-a5f7-b18aa019ad37, 1, 0 [(0 [0xC004F014, 0, 0], [(?)(?)(?)(?)(?)(?)(?)(?)])(1 )(2 )(3 )] 23: 4de7cb65-cdf1-4de9-8ae8-e3cce27b9f2c, 1, 1 [(0 )(1 )(2 [0xC004E003, 0, 0], [( 1 0xC004F034)( 1 0xC004F034)(?)(?)(?)(?)(?)(?)])(3 [0x00000000, 0, 0], [( 6 0xC004F009 0 0)( 1 0x00000000)( 6 0xC004F009 0 0)(?)(?)(?)( 10 0x00000000 msft:rm/algorithm/flags/1.0)( 11 0x00000000 0xC004F034)])] 24: 4f3da0d2-271d-4508-ae81-626b60809a38, 1, 0 [(0 [0xC004F014, 0, 0], [(?)(?)(?)(?)(?)(?)(?)(?)])(1 )(2 )(3 )] 25: 5d78c4e9-aeb3-4b40-8ac2-6a6005e0ad6d, 1, 0 [(0 [0xC004F014, 0, 0], [(?)(?)(?)(?)(?)(?)(?)(?)])(1 )(2 )(3 )] 26: 60b3ec1b-9545-4921-821f-311b129dd6f6, 1, 0 [(0 [0xC004F014, 0, 0], [(?)(?)(?)(?)(?)(?)(?)(?)])(1 )(2 )(3 )] 27: 613d217f-7f13-4268-9907-1662339531cd, 1, 0 [(0 [0xC004F014, 0, 0], [(?)(?)(?)(?)(?)(?)(?)(?)])(1 )(2 )(3 )] 28: 62f0c100-9c53-4e02-b886-a3528ddfe7f6, 1, 0 [(0 [0xC004F014, 0, 0], [(?)(?)(?)(?)(?)(?)(?)(?)])(1 )(2 )(3 )] 29: 6365275e-368d-46ca-a0ef-fc0404119333, 1, 0 [(0 [0xC004F014, 0, 0], [(?)(?)(?)(?)(?)(?)(?)(?)])(1 )(2 )(3 )] 30: 721f9237-9341-4453-a661-09e8baa6cca5, 1, 0 [(0 [0xC004F014, 0, 0], [(?)(?)(?)(?)(?)(?)(?)(?)])(1 )(2 )(3 )] 31: 73111121-5638-40f6-bc11-f1d7b0d64300, 1, 0 [(0 [0xC004F014, 0, 0], [(?)(?)(?)(?)(?)(?)(?)(?)])(1 )(2 )(3 )] 32: 7a802526-4c94-4bd1-ba14-835a1aca2120, 1, 0 [(0 [0xC004F014, 0, 0], [(?)(?)(?)(?)(?)(?)(?)(?)])(1 )(2 )(3 )] 33: 7cb546c0-c7d5-44d8-9a5c-69ecdd782b69, 1, 0 [(0 [0xC004F014, 0, 0], [(?)(?)(?)(?)(?)(?)(?)(?)])(1 )(2 )(3 )] 34: 80083eae-7031-4394-9e88-4901973d56fe, 1, 0 [(0 [0xC004F014, 0, 0], [(?)(?)(?)(?)(?)(?)(?)(?)])(1 )(2 )(3 )] 35: 82bbc092-bc50-4e16-8e18-b74fc486aec3, 1, 0 [(0 [0xC004F014, 0, 0], [(?)(?)(?)(?)(?)(?)(?)(?)])(1 )(2 )(3 )] 36: 8ab9bdd1-1f67-4997-82d9-8878520837d9, 1, 0 [(0 [0xC004F014, 0, 0], [(?)(?)(?)(?)(?)(?)(?)(?)])(1 )(2 )(3 )] 37: 8b351c9c-f398-4515-9900-09df49427262, 1, 0 [(0 [0xC004F014, 0, 0], [(?)(?)(?)(?)(?)(?)(?)(?)])(1 )(2 )(3 )] 38: 90da7373-1c51-430b-bf26-c97e9c5cdc31, 1, 0 [(0 [0xC004F014, 0, 0], [(?)(?)(?)(?)(?)(?)(?)(?)])(1 )(2 )(3 )] 39: 92fb8726-92a8-4ffc-94ce-f82e07444653, 1, 0 [(0 [0xC004F014, 0, 0], [(?)(?)(?)(?)(?)(?)(?)(?)])(1 )(2 )(3 )] 40: 95dca82f-385d-4d39-b85b-5c73fa285d6f, 1, 0 [(0 [0xC004F014, 0, 0], [(?)(?)(?)(?)(?)(?)(?)(?)])(1 )(2 )(3 )] 41: 97cde3ae-e908-4b59-ac96-a17645c5b57e, 1, 0 [(0 [0xC004F014, 0, 0], [(?)(?)(?)(?)(?)(?)(?)(?)])(1 )(2 )(3 )] 42: a48938aa-62fa-4966-9d44-9f04da3f72f2, 1, 0 [(0 [0xC004F014, 0, 0], [(?)(?)(?)(?)(?)(?)(?)(?)])(1 )(2 )(3 )] 43: b0773a15-df3a-4312-9ad2-83d69648e356, 1, 0 [(0 [0xC004F014, 0, 0], [(?)(?)(?)(?)(?)(?)(?)(?)])(1 )(2 )(3 )] 44: b4bfe195-541e-4e64-ad23-6177f19e395e, 1, 0 [(0 [0xC004F014, 0, 0], [(?)(?)(?)(?)(?)(?)(?)(?)])(1 )(2 )(3 )] 45: b68e61d2-68ca-4757-be45-0cc2f3e68eee, 1, 0 [(0 [0xC004F014, 0, 0], [(?)(?)(?)(?)(?)(?)(?)(?)])(1 )(2 )(3 )] 46: bd3762d7-270d-4760-8fb3-d829ca45278a, 1, 0 [(0 [0xC004F014, 0, 0], [(?)(?)(?)(?)(?)(?)(?)(?)])(1 )(2 )(3 )] 47: c86d5194-4840-4dae-9c1c-0301003a5ab0, 1, 0 [(0 [0xC004F014, 0, 0], [(?)(?)(?)(?)(?)(?)(?)(?)])(1 )(2 )(3 )] 48: ca7df2e3-5ea0-47b8-9ac1-b1be4d8edd69, 1, 0 [(0 [0xC004F014, 0, 0], [(?)(?)(?)(?)(?)(?)(?)(?)])(1 )(2 )(3 )] 49: d552befb-48cc-4327-8f39-47d2d94f987c, 1, 0 [(0 [0xC004F014, 0, 0], [(?)(?)(?)(?)(?)(?)(?)(?)])(1 )(2 )(3 )] 50: d6eadb3b-5ca8-4a6b-986e-35b550756111, 1, 0 [(0 [0xC004F014, 0, 0], [(?)(?)(?)(?)(?)(?)(?)(?)])(1 )(2 )(3 )] 51: df96023b-dcd9-4be2-afa0-c6c871159ebe, 1, 0 [(0 [0xC004F014, 0, 0], [(?)(?)(?)(?)(?)(?)(?)(?)])(1 )(2 )(3 )] 52: e0c42288-980c-4788-a014-c080d2e1926e, 1, 0 [(0 [0xC004F014, 0, 0], [(?)(?)(?)(?)(?)(?)(?)(?)])(1 )(2 )(3 )] 53: e4db50ea-bda1-4566-b047-0ca50abc6f07, 1, 0 [(0 [0xC004F014, 0, 0], [(?)(?)(?)(?)(?)(?)(?)(?)])(1 )(2 )(3 )] 54: e558417a-5123-4f6f-91e7-385c1c7ca9d4, 1, 0 [(0 [0xC004F014, 0, 0], [(?)(?)(?)(?)(?)(?)(?)(?)])(1 )(2 )(3 )] 55: e7a950a2-e548-4f10-bf16-02ec848e0643, 1, 0 [(0 [0xC004F014, 0, 0], [(?)(?)(?)(?)(?)(?)(?)(?)])(1 )(2 )(3 )] 56: eb6d346f-1c60-4643-b960-40ec31596c45, 1, 0 [(0 [0xC004F014, 0, 0], [(?)(?)(?)(?)(?)(?)(?)(?)])(1 )(2 )(3 )] 57: ec868e65-fadf-4759-b23e-93fe37f2cc29, 1, 0 [(0 [0xC004F014, 0, 0], [(?)(?)(?)(?)(?)(?)(?)(?)])(1 )(2 )(3 )] 58: ef51e000-2659-4f25-8345-3de70a9cf4c4, 1, 0 [(0 [0xC004F014, 0, 0], [(?)(?)(?)(?)(?)(?)(?)(?)])(1 )(2 )(3 )] 59: f7af7d09-40e4-419c-a49b-eae366689ebd, 1, 0 [(0 [0xC004F014, 0, 0], [(?)(?)(?)(?)(?)(?)(?)(?)])(1 )(2 )(3 )] 60: fa755fe6-6739-40b9-8d84-6d0ea3b6d1ab, 1, 0 [(0 [0xC004F014, 0, 0], [(?)(?)(?)(?)(?)(?)(?)(?)])(1 )(2 )(3 )] 61: fe74f55b-0338-41d6-b267-4a201abe7285, 1, 0 [(0 [0xC004F014, 0, 0], [(?)(?)(?)(?)(?)(?)(?)(?)])(1 )(2 )(3 )]"
"9/8/2026 6:09:16 PM","6000","Information","Microsoft-Windows-Winlogon","CRASHLAB-GOLD","The winlogon notification subscriber <SessionEnv> was unavailable to handle a notification event."
"9/8/2026 6:09:16 PM","6003","Information","Microsoft-Windows-Winlogon","CRASHLAB-GOLD","The winlogon notification subscriber <SessionEnv> was unavailable to handle a critical notification event."
"9/8/2026 6:09:09 PM","8198","Error","Microsoft-Windows-Security-SPP","CRASHLAB-GOLD","License Activation (slui.exe) failed with the following error code: hr=0x8007139F Command-line arguments: RuleId=31e71c49-8da7-4a2f-ad92-45d98a1c79ba;Action=AutoActivate;AppId=55c92734-d682-4d71-983e-d6ec3f16059f;SkuId=4de7cb65-cdf1-4de9-8ae8-e3cce27b9f2c;NotificationInterval=1440;Trigger=NetworkAvailable"
"9/8/2026 6:09:09 PM","1003","Information","Microsoft-Windows-Security-SPP","CRASHLAB-GOLD","The Software Protection service has completed licensing status check. Application Id=55c92734-d682-4d71-983e-d6ec3f16059f Licensing Status= 1: 01eb852c-424d-4060-94b8-c10d799d7364, 1, 0 [(0 [0xC004F014, 0, 0], [(?)(?)(?)(?)(?)(?)(?)(?)])(1 )(2 )(3 )] 2: 040fa323-92b1-4baf-97a2-5b67feaefddb, 1, 0 [(0 [0xC004F014, 0, 0], [(?)(?)(?)(?)(?)(?)(?)(?)])(1 )(2 )(3 )] 3: 0724cb7d-3437-4cb7-93cb-830375d0079d, 1, 0 [(0 [0xC004F014, 0, 0], [(?)(?)(?)(?)(?)(?)(?)(?)])(1 )(2 )(3 )] 4: 0ad2ac98-7bb9-4201-8d92-312299201369, 1, 0 [(0 [0xC004F014, 0, 0], [(?)(?)(?)(?)(?)(?)(?)(?)])(1 )(2 )(3 )] 5: 19de9b2f-0166-4abb-9534-56ea69a80edb, 1, 0 [(0 [0xC004F014, 0, 0], [(?)(?)(?)(?)(?)(?)(?)(?)])(1 )(2 )(3 )] 6: 1a9a717a-cf13-4ba5-83c3-0fe25fa868d5, 1, 0 [(0 [0xC004F014, 0, 0], [(?)(?)(?)(?)(?)(?)(?)(?)])(1 )(2 )(3 )] 7: 221a02da-e2a1-4b75-864c-0a4410a33fdf, 1, 0 [(0 [0xC004F014, 0, 0], [(?)(?)(?)(?)(?)(?)(?)(?)])(1 )(2 )(3 )] 8: 265f3fad-6a1c-4bdd-ae30-c75efa556ccb, 1, 0 [(0 [0xC004F014, 0, 0], [(?)(?)(?)(?)(?)(?)(?)(?)])(1 )(2 )(3 )] 9: 291ece0e-9c38-40ca-a9e1-32cc7ec19507, 1, 0 [(0 [0xC004F014, 0, 0], [(?)(?)(?)(?)(?)(?)(?)(?)])(1 )(2 )(3 )] 10: 2936d1d2-913a-4542-b54e-ce5a602a2a38, 1, 0 [(0 [0xC004F014, 0, 0], [(?)(?)(?)(?)(?)(?)(?)(?)])(1 )(2 )(3 )] 11: 2c293c26-a45a-4a2a-a350-c69a67097529, 1, 0 [(0 [0xC004F014, 0, 0], [(?)(?)(?)(?)(?)(?)(?)(?)])(1 )(2 )(3 )] 12: 2de67392-b7a7-462a-b1ca-108dd189f588, 1, 0 [(0 [0xC004F014, 0, 0], [(?)(?)(?)(?)(?)(?)(?)(?)])(1 )(2 )(3 )] 13: 2ffd8952-423e-4903-b993-72a1aa44cf82, 1, 0 [(0 [0xC004F014, 0, 0], [(?)(?)(?)(?)(?)(?)(?)(?)])(1 )(2 )(3 )] 14: 30a42c86-b7a0-4a34-8c90-ff177cb2acb7, 1, 0 [(0 [0xC004F014, 0, 0], [(?)(?)(?)(?)(?)(?)(?)(?)])(1 )(2 )(3 )] 15: 345a5db0-d94f-4e3b-a0c0-7c42f7bc3ebf, 1, 0 [(0 [0xC004F014, 0, 0], [(?)(?)(?)(?)(?)(?)(?)(?)])(1 )(2 )(3 )] 16: 3502365a-f88a-4ba4-822a-5769d3073b65, 1, 0 [(0 [0xC004F014, 0, 0], [(?)(?)(?)(?)(?)(?)(?)(?)])(1 )(2 )(3 )] 17: 377333b1-8b5d-48d6-9679-1225c872d37c, 1, 0 [(0 [0xC004F014, 0, 0], [(?)(?)(?)(?)(?)(?)(?)(?)])(1 )(2 )(3 )] 18: 3df374ef-d444-4494-a5a1-4b0d9fd0e203, 1, 0 [(0 [0xC004F014, 0, 0], [(?)(?)(?)(?)(?)(?)(?)(?)])(1 )(2 )(3 )] 19: 3ebce241-ea87-4946-8a4f-80d00e921dff, 1, 0 [(0 [0xC004F014, 0, 0], [(?)(?)(?)(?)(?)(?)(?)(?)])(1 )(2 )(3 )] 20: 3f1afc82-f8ac-4f6c-8005-1d233e606eee, 1, 0 [(0 [0xC004F014, 0, 0], [(?)(?)(?)(?)(?)(?)(?)(?)])(1 )(2 )(3 )] 21: 4322a811-697c-44dc-865e-3e2fdcb86009, 1, 0 [(0 [0xC004F014, 0, 0], [(?)(?)(?)(?)(?)(?)(?)(?)])(1 )(2 )(3 )] 22: 49cd895b-53b2-4dc4-a5f7-b18aa019ad37, 1, 0 [(0 [0xC004F014, 0, 0], [(?)(?)(?)(?)(?)(?)(?)(?)])(1 )(2 )(3 )] 23: 4de7cb65-cdf1-4de9-8ae8-e3cce27b9f2c, 1, 1 [(0 )(1 )(2 [0xC004E003, 0, 0], [( 1 0xC004F034)( 1 0xC004F034)(?)(?)(?)(?)(?)(?)])(3 [0x00000000, 0, 0], [( 6 0xC004F009 0 0)( 1 0x00000000)( 6 0xC004F009 0 0)(?)(?)(?)( 10 0x00000000 msft:rm/algorithm/flags/1.0)( 11 0x00000000 0xC004F034)])] 24: 4f3da0d2-271d-4508-ae81-626b60809a38, 1, 0 [(0 [0xC004F014, 0, 0], [(?)(?)(?)(?)(?)(?)(?)(?)])(1 )(2 )(3 )] 25: 5d78c4e9-aeb3-4b40-8ac2-6a6005e0ad6d, 1, 0 [(0 [0xC004F014, 0, 0], [(?)(?)(?)(?)(?)(?)(?)(?)])(1 )(2 )(3 )] 26: 60b3ec1b-9545-4921-821f-311b129dd6f6, 1, 0 [(0 [0xC004F014, 0, 0], [(?)(?)(?)(?)(?)(?)(?)(?)])(1 )(2 )(3 )] 27: 613d217f-7f13-4268-9907-1662339531cd, 1, 0 [(0 [0xC004F014, 0, 0], [(?)(?)(?)(?)(?)(?)(?)(?)])(1 )(2 )(3 )] 28: 62f0c100-9c53-4e02-b886-a3528ddfe7f6, 1, 0 [(0 [0xC004F014, 0, 0], [(?)(?)(?)(?)(?)(?)(?)(?)])(1 )(2 )(3 )] 29: 6365275e-368d-46ca-a0ef-fc0404119333, 1, 0 [(0 [0xC004F014, 0, 0], [(?)(?)(?)(?)(?)(?)(?)(?)])(1 )(2 )(3 )] 30: 721f9237-9341-4453-a661-09e8baa6cca5, 1, 0 [(0 [0xC004F014, 0, 0], [(?)(?)(?)(?)(?)(?)(?)(?)])(1 )(2 )(3 )] 31: 73111121-5638-40f6-bc11-f1d7b0d64300, 1, 0 [(0 [0xC004F014, 0, 0], [(?)(?)(?)(?)(?)(?)(?)(?)])(1 )(2 )(3 )] 32: 7a802526-4c94-4bd1-ba14-835a1aca2120, 1, 0 [(0 [0xC004F014, 0, 0], [(?)(?)(?)(?)(?)(?)(?)(?)])(1 )(2 )(3 )] 33: 7cb546c0-c7d5-44d8-9a5c-69ecdd782b69, 1, 0 [(0 [0xC004F014, 0, 0], [(?)(?)(?)(?)(?)(?)(?)(?)])(1 )(2 )(3 )] 34: 80083eae-7031-4394-9e88-4901973d56fe, 1, 0 [(0 [0xC004F014, 0, 0], [(?)(?)(?)(?)(?)(?)(?)(?)])(1 )(2 )(3 )] 35: 82bbc092-bc50-4e16-8e18-b74fc486aec3, 1, 0 [(0 [0xC004F014, 0, 0], [(?)(?)(?)(?)(?)(?)(?)(?)])(1 )(2 )(3 )] 36: 8ab9bdd1-1f67-4997-82d9-8878520837d9, 1, 0 [(0 [0xC004F014, 0, 0], [(?)(?)(?)(?)(?)(?)(?)(?)])(1 )(2 )(3 )] 37: 8b351c9c-f398-4515-9900-09df49427262, 1, 0 [(0 [0xC004F014, 0, 0], [(?)(?)(?)(?)(?)(?)(?)(?)])(1 )(2 )(3 )] 38: 90da7373-1c51-430b-bf26-c97e9c5cdc31, 1, 0 [(0 [0xC004F014, 0, 0], [(?)(?)(?)(?)(?)(?)(?)(?)])(1 )(2 )(3 )] 39: 92fb8726-92a8-4ffc-94ce-f82e07444653, 1, 0 [(0 [0xC004F014, 0, 0], [(?)(?)(?)(?)(?)(?)(?)(?)])(1 )(2 )(3 )] 40: 95dca82f-385d-4d39-b85b-5c73fa285d6f, 1, 0 [(0 [0xC004F014, 0, 0], [(?)(?)(?)(?)(?)(?)(?)(?)])(1 )(2 )(3 )] 41: 97cde3ae-e908-4b59-ac96-a17645c5b57e, 1, 0 [(0 [0xC004F014, 0, 0], [(?)(?)(?)(?)(?)(?)(?)(?)])(1 )(2 )(3 )] 42: a48938aa-62fa-4966-9d44-9f04da3f72f2, 1, 0 [(0 [0xC004F014, 0, 0], [(?)(?)(?)(?)(?)(?)(?)(?)])(1 )(2 )(3 )] 43: b0773a15-df3a-4312-9ad2-83d69648e356, 1, 0 [(0 [0xC004F014, 0, 0], [(?)(?)(?)(?)(?)(?)(?)(?)])(1 )(2 )(3 )] 44: b4bfe195-541e-4e64-ad23-6177f19e395e, 1, 0 [(0 [0xC004F014, 0, 0], [(?)(?)(?)(?)(?)(?)(?)(?)])(1 )(2 )(3 )] 45: b68e61d2-68ca-4757-be45-0cc2f3e68eee, 1, 0 [(0 [0xC004F014, 0, 0], [(?)(?)(?)(?)(?)(?)(?)(?)])(1 )(2 )(3 )] 46: bd3762d7-270d-4760-8fb3-d829ca45278a, 1, 0 [(0 [0xC004F014, 0, 0], [(?)(?)(?)(?)(?)(?)(?)(?)])(1 )(2 )(3 )] 47: c86d5194-4840-4dae-9c1c-0301003a5ab0, 1, 0 [(0 [0xC004F014, 0, 0], [(?)(?)(?)(?)(?)(?)(?)(?)])(1 )(2 )(3 )] 48: ca7df2e3-5ea0-47b8-9ac1-b1be4d8edd69, 1, 0 [(0 [0xC004F014, 0, 0], [(?)(?)(?)(?)(?)(?)(?)(?)])(1 )(2 )(3 )] 49: d552befb-48cc-4327-8f39-47d2d94f987c, 1, 0 [(0 [0xC004F014, 0, 0], [(?)(?)(?)(?)(?)(?)(?)(?)])(1 )(2 )(3 )] 50: d6eadb3b-5ca8-4a6b-986e-35b550756111, 1, 0 [(0 [0xC004F014, 0, 0], [(?)(?)(?)(?)(?)(?)(?)(?)])(1 )(2 )(3 )] 51: df96023b-dcd9-4be2-afa0-c6c871159ebe, 1, 0 [(0 [0xC004F014, 0, 0], [(?)(?)(?)(?)(?)(?)(?)(?)])(1 )(2 )(3 )] 52: e0c42288-980c-4788-a014-c080d2e1926e, 1, 0 [(0 [0xC004F014, 0, 0], [(?)(?)(?)(?)(?)(?)(?)(?)])(1 )(2 )(3 )] 53: e4db50ea-bda1-4566-b047-0ca50abc6f07, 1, 0 [(0 [0xC004F014, 0, 0], [(?)(?)(?)(?)(?)(?)(?)(?)])(1 )(2 )(3 )] 54: e558417a-5123-4f6f-91e7-385c1c7ca9d4, 1, 0 [(0 [0xC004F014, 0, 0], [(?)(?)(?)(?)(?)(?)(?)(?)])(1 )(2 )(3 )] 55: e7a950a2-e548-4f10-bf16-02ec848e0643, 1, 0 [(0 [0xC004F014, 0, 0], [(?)(?)(?)(?)(?)(?)(?)(?)])(1 )(2 )(3 )] 56: eb6d346f-1c60-4643-b960-40ec31596c45, 1, 0 [(0 [0xC004F014, 0, 0], [(?)(?)(?)(?)(?)(?)(?)(?)])(1 )(2 )(3 )] 57: ec868e65-fadf-4759-b23e-93fe37f2cc29, 1, 0 [(0 [0xC004F014, 0, 0], [(?)(?)(?)(?)(?)(?)(?)(?)])(1 )(2 )(3 )] 58: ef51e000-2659-4f25-8345-3de70a9cf4c4, 1, 0 [(0 [0xC004F014, 0, 0], [(?)(?)(?)(?)(?)(?)(?)(?)])(1 )(2 )(3 )] 59: f7af7d09-40e4-419c-a49b-eae366689ebd, 1, 0 [(0 [0xC004F014, 0, 0], [(?)(?)(?)(?)(?)(?)(?)(?)])(1 )(2 )(3 )] 60: fa755fe6-6739-40b9-8d84-6d0ea3b6d1ab, 1, 0 [(0 [0xC004F014, 0, 0], [(?)(?)(?)(?)(?)(?)(?)(?)])(1 )(2 )(3 )] 61: fe74f55b-0338-41d6-b267-4a201abe7285, 1, 0 [(0 [0xC004F014, 0, 0], [(?)(?)(?)(?)(?)(?)(?)(?)])(1 )(2 )(3 )]"
"9/8/2026 6:09:09 PM","902","Information","Microsoft-Windows-Security-SPP","CRASHLAB-GOLD","The Software Protection service has started. 10.0.26100.8036"
"9/8/2026 6:09:09 PM","1003","Information","Microsoft-Windows-Security-SPP","CRASHLAB-GOLD","The Software Protection service has completed licensing status check. Application Id=55c92734-d682-4d71-983e-d6ec3f16059f Licensing Status= 1: 01eb852c-424d-4060-94b8-c10d799d7364, 1, 0 [(0 [0xC004F014, 0, 0], [(?)(?)(?)(?)(?)(?)(?)(?)])(1 )(2 )(3 )] 2: 040fa323-92b1-4baf-97a2-5b67feaefddb, 1, 0 [(0 [0xC004F014, 0, 0], [(?)(?)(?)(?)(?)(?)(?)(?)])(1 )(2 )(3 )] 3: 0724cb7d-3437-4cb7-93cb-830375d0079d, 1, 0 [(0 [0xC004F014, 0, 0], [(?)(?)(?)(?)(?)(?)(?)(?)])(1 )(2 )(3 )] 4: 0ad2ac98-7bb9-4201-8d92-312299201369, 1, 0 [(0 [0xC004F014, 0, 0], [(?)(?)(?)(?)(?)(?)(?)(?)])(1 )(2 )(3 )] 5: 19de9b2f-0166-4abb-9534-56ea69a80edb, 1, 0 [(0 [0xC004F014, 0, 0], [(?)(?)(?)(?)(?)(?)(?)(?)])(1 )(2 )(3 )] 6: 1a9a717a-cf13-4ba5-83c3-0fe25fa868d5, 1, 0 [(0 [0xC004F014, 0, 0], [(?)(?)(?)(?)(?)(?)(?)(?)])(1 )(2 )(3 )] 7: 221a02da-e2a1-4b75-864c-0a4410a33fdf, 1, 0 [(0 [0xC004F014, 0, 0], [(?)(?)(?)(?)(?)(?)(?)(?)])(1 )(2 )(3 )] 8: 265f3fad-6a1c-4bdd-ae30-c75efa556ccb, 1, 0 [(0 [0xC004F014, 0, 0], [(?)(?)(?)(?)(?)(?)(?)(?)])(1 )(2 )(3 )] 9: 291ece0e-9c38-40ca-a9e1-32cc7ec19507, 1, 0 [(0 [0xC004F014, 0, 0], [(?)(?)(?)(?)(?)(?)(?)(?)])(1 )(2 )(3 )] 10: 2936d1d2-913a-4542-b54e-ce5a602a2a38, 1, 0 [(0 [0xC004F014, 0, 0], [(?)(?)(?)(?)(?)(?)(?)(?)])(1 )(2 )(3 )] 11: 2c293c26-a45a-4a2a-a350-c69a67097529, 1, 0 [(0 [0xC004F014, 0, 0], [(?)(?)(?)(?)(?)(?)(?)(?)])(1 )(2 )(3 )] 12: 2de67392-b7a7-462a-b1ca-108dd189f588, 1, 0 [(0 [0xC004F014, 0, 0], [(?)(?)(?)(?)(?)(?)(?)(?)])(1 )(2 )(3 )] 13: 2ffd8952-423e-4903-b993-72a1aa44cf82, 1, 0 [(0 [0xC004F014, 0, 0], [(?)(?)(?)(?)(?)(?)(?)(?)])(1 )(2 )(3 )] 14: 30a42c86-b7a0-4a34-8c90-ff177cb2acb7, 1, 0 [(0 [0xC004F014, 0, 0], [(?)(?)(?)(?)(?)(?)(?)(?)])(1 )(2 )(3 )] 15: 345a5db0-d94f-4e3b-a0c0-7c42f7bc3ebf, 1, 0 [(0 [0xC004F014, 0, 0], [(?)(?)(?)(?)(?)(?)(?)(?)])(1 )(2 )(3 )] 16: 3502365a-f88a-4ba4-822a-5769d3073b65, 1, 0 [(0 [0xC004F014, 0, 0], [(?)(?)(?)(?)(?)(?)(?)(?)])(1 )(2 )(3 )] 17: 377333b1-8b5d-48d6-9679-1225c872d37c, 1, 0 [(0 [0xC004F014, 0, 0], [(?)(?)(?)(?)(?)(?)(?)(?)])(1 )(2 )(3 )] 18: 3df374ef-d444-4494-a5a1-4b0d9fd0e203, 1, 0 [(0 [0xC004F014, 0, 0], [(?)(?)(?)(?)(?)(?)(?)(?)])(1 )(2 )(3 )] 19: 3ebce241-ea87-4946-8a4f-80d00e921dff, 1, 0 [(0 [0xC004F014, 0, 0], [(?)(?)(?)(?)(?)(?)(?)(?)])(1 )(2 )(3 )] 20: 3f1afc82-f8ac-4f6c-8005-1d233e606eee, 1, 0 [(0 [0xC004F014, 0, 0], [(?)(?)(?)(?)(?)(?)(?)(?)])(1 )(2 )(3 )] 21: 4322a811-697c-44dc-865e-3e2fdcb86009, 1, 0 [(0 [0xC004F014, 0, 0], [(?)(?)(?)(?)(?)(?)(?)(?)])(1 )(2 )(3 )] 22: 49cd895b-53b2-4dc4-a5f7-b18aa019ad37, 1, 0 [(0 [0xC004F014, 0, 0], [(?)(?)(?)(?)(?)(?)(?)(?)])(1 )(2 )(3 )] 23: 4de7cb65-cdf1-4de9-8ae8-e3cce27b9f2c, 1, 1 [(0 )(1 )(2 [0xC004E003, 0, 0], [( 1 0xC004F034)( 1 0xC004F034)(?)(?)(?)(?)(?)(?)])(3 [0x00000000, 0, 0], [( 6 0xC004F009 0 0)( 1 0x00000000)( 6 0xC004F009 0 0)(?)(?)(?)( 10 0x00000000 msft:rm/algorithm/flags/1.0)( 11 0x00000000 0xC004F034)])] 24: 4f3da0d2-271d-4508-ae81-626b60809a38, 1, 0 [(0 [0xC004F014, 0, 0], [(?)(?)(?)(?)(?)(?)(?)(?)])(1 )(2 )(3 )] 25: 5d78c4e9-aeb3-4b40-8ac2-6a6005e0ad6d, 1, 0 [(0 [0xC004F014, 0, 0], [(?)(?)(?)(?)(?)(?)(?)(?)])(1 )(2 )(3 )] 26: 60b3ec1b-9545-4921-821f-311b129dd6f6, 1, 0 [(0 [0xC004F014, 0, 0], [(?)(?)(?)(?)(?)(?)(?)(?)])(1 )(2 )(3 )] 27: 613d217f-7f13-4268-9907-1662339531cd, 1, 0 [(0 [0xC004F014, 0, 0], [(?)(?)(?)(?)(?)(?)(?)(?)])(1 )(2 )(3 )] 28: 62f0c100-9c53-4e02-b886-a3528ddfe7f6, 1, 0 [(0 [0xC004F014, 0, 0], [(?)(?)(?)(?)(?)(?)(?)(?)])(1 )(2 )(3 )] 29: 6365275e-368d-46ca-a0ef-fc0404119333, 1, 0 [(0 [0xC004F014, 0, 0], [(?)(?)(?)(?)(?)(?)(?)(?)])(1 )(2 )(3 )] 30: 721f9237-9341-4453-a661-09e8baa6cca5, 1, 0 [(0 [0xC004F014, 0, 0], [(?)(?)(?)(?)(?)(?)(?)(?)])(1 )(2 )(3 )] 31: 73111121-5638-40f6-bc11-f1d7b0d64300, 1, 0 [(0 [0xC004F014, 0, 0], [(?)(?)(?)(?)(?)(?)(?)(?)])(1 )(2 )(3 )] 32: 7a802526-4c94-4bd1-ba14-835a1aca2120, 1, 0 [(0 [0xC004F014, 0, 0], [(?)(?)(?)(?)(?)(?)(?)(?)])(1 )(2 )(3 )] 33: 7cb546c0-c7d5-44d8-9a5c-69ecdd782b69, 1, 0 [(0 [0xC004F014, 0, 0], [(?)(?)(?)(?)(?)(?)(?)(?)])(1 )(2 )(3 )] 34: 80083eae-7031-4394-9e88-4901973d56fe, 1, 0 [(0 [0xC004F014, 0, 0], [(?)(?)(?)(?)(?)(?)(?)(?)])(1 )(2 )(3 )] 35: 82bbc092-bc50-4e16-8e18-b74fc486aec3, 1, 0 [(0 [0xC004F014, 0, 0], [(?)(?)(?)(?)(?)(?)(?)(?)])(1 )(2 )(3 )] 36: 8ab9bdd1-1f67-4997-82d9-8878520837d9, 1, 0 [(0 [0xC004F014, 0, 0], [(?)(?)(?)(?)(?)(?)(?)(?)])(1 )(2 )(3 )] 37: 8b351c9c-f398-4515-9900-09df49427262, 1, 0 [(0 [0xC004F014, 0, 0], [(?)(?)(?)(?)(?)(?)(?)(?)])(1 )(2 )(3 )] 38: 90da7373-1c51-430b-bf26-c97e9c5cdc31, 1, 0 [(0 [0xC004F014, 0, 0], [(?)(?)(?)(?)(?)(?)(?)(?)])(1 )(2 )(3 )] 39: 92fb8726-92a8-4ffc-94ce-f82e07444653, 1, 0 [(0 [0xC004F014, 0, 0], [(?)(?)(?)(?)(?)(?)(?)(?)])(1 )(2 )(3 )] 40: 95dca82f-385d-4d39-b85b-5c73fa285d6f, 1, 0 [(0 [0xC004F014, 0, 0], [(?)(?)(?)(?)(?)(?)(?)(?)])(1 )(2 )(3 )] 41: 97cde3ae-e908-4b59-ac96-a17645c5b57e, 1, 0 [(0 [0xC004F014, 0, 0], [(?)(?)(?)(?)(?)(?)(?)(?)])(1 )(2 )(3 )] 42: a48938aa-62fa-4966-9d44-9f04da3f72f2, 1, 0 [(0 [0xC004F014, 0, 0], [(?)(?)(?)(?)(?)(?)(?)(?)])(1 )(2 )(3 )] 43: b0773a15-df3a-4312-9ad2-83d69648e356, 1, 0 [(0 [0xC004F014, 0, 0], [(?)(?)(?)(?)(?)(?)(?)(?)])(1 )(2 )(3 )] 44: b4bfe195-541e-4e64-ad23-6177f19e395e, 1, 0 [(0 [0xC004F014, 0, 0], [(?)(?)(?)(?)(?)(?)(?)(?)])(1 )(2 )(3 )] 45: b68e61d2-68ca-4757-be45-0cc2f3e68eee, 1, 0 [(0 [0xC004F014, 0, 0], [(?)(?)(?)(?)(?)(?)(?)(?)])(1 )(2 )(3 )] 46: bd3762d7-270d-4760-8fb3-d829ca45278a, 1, 0 [(0 [0xC004F014, 0, 0], [(?)(?)(?)(?)(?)(?)(?)(?)])(1 )(2 )(3 )] 47: c86d5194-4840-4dae-9c1c-0301003a5ab0, 1, 0 [(0 [0xC004F014, 0, 0], [(?)(?)(?)(?)(?)(?)(?)(?)])(1 )(2 )(3 )] 48: ca7df2e3-5ea0-47b8-9ac1-b1be4d8edd69, 1, 0 [(0 [0xC004F014, 0, 0], [(?)(?)(?)(?)(?)(?)(?)(?)])(1 )(2 )(3 )] 49: d552befb-48cc-4327-8f39-47d2d94f987c, 1, 0 [(0 [0xC004F014, 0, 0], [(?)(?)(?)(?)(?)(?)(?)(?)])(1 )(2 )(3 )] 50: d6eadb3b-5ca8-4a6b-986e-35b550756111, 1, 0 [(0 [0xC004F014, 0, 0], [(?)(?)(?)(?)(?)(?)(?)(?)])(1 )(2 )(3 )] 51: df96023b-dcd9-4be2-afa0-c6c871159ebe, 1, 0 [(0 [0xC004F014, 0, 0], [(?)(?)(?)(?)(?)(?)(?)(?)])(1 )(2 )(3 )] 52: e0c42288-980c-4788-a014-c080d2e1926e, 1, 0 [(0 [0xC004F014, 0, 0], [(?)(?)(?)(?)(?)(?)(?)(?)])(1 )(2 )(3 )] 53: e4db50ea-bda1-4566-b047-0ca50abc6f07, 1, 0 [(0 [0xC004F014, 0, 0], [(?)(?)(?)(?)(?)(?)(?)(?)])(1 )(2 )(3 )] 54: e558417a-5123-4f6f-91e7-385c1c7ca9d4, 1, 0 [(0 [0xC004F014, 0, 0], [(?)(?)(?)(?)(?)(?)(?)(?)])(1 )(2 )(3 )] 55: e7a950a2-e548-4f10-bf16-02ec848e0643, 1, 0 [(0 [0xC004F014, 0, 0], [(?)(?)(?)(?)(?)(?)(?)(?)])(1 )(2 )(3 )] 56: eb6d346f-1c60-4643-b960-40ec31596c45, 1, 0 [(0 [0xC004F014, 0, 0], [(?)(?)(?)(?)(?)(?)(?)(?)])(1 )(2 )(3 )] 57: ec868e65-fadf-4759-b23e-93fe37f2cc29, 1, 0 [(0 [0xC004F014, 0, 0], [(?)(?)(?)(?)(?)(?)(?)(?)])(1 )(2 )(3 )] 58: ef51e000-2659-4f25-8345-3de70a9cf4c4, 1, 0 [(0 [0xC004F014, 0, 0], [(?)(?)(?)(?)(?)(?)(?)(?)])(1 )(2 )(3 )] 59: f7af7d09-40e4-419c-a49b-eae366689ebd, 1, 0 [(0 [0xC004F014, 0, 0], [(?)(?)(?)(?)(?)(?)(?)(?)])(1 )(2 )(3 )] 60: fa755fe6-6739-40b9-8d84-6d0ea3b6d1ab, 1, 0 [(0 [0xC004F014, 0, 0], [(?)(?)(?)(?)(?)(?)(?)(?)])(1 )(2 )(3 )] 61: fe74f55b-0338-41d6-b267-4a201abe7285, 1, 0 [(0 [0xC004F014, 0, 0], [(?)(?)(?)(?)(?)(?)(?)(?)])(1 )(2 )(3 )]"
"9/8/2026 6:09:09 PM","1066","Information","Microsoft-Windows-Security-SPP","CRASHLAB-GOLD","Initialization status for service objects. C:\WINDOWS\system32\sppwinob.dll, msft:spp/windowsfunctionality/agent/7.0, 0x00000000, 0x00000000 C:\WINDOWS\system32\sppobjs.dll, msft:rm/algorithm/inherited/1.0, 0x00000000, 0x00000000 C:\WINDOWS\system32\sppobjs.dll, msft:rm/algorithm/phone/1.0, 0x00000000, 0x00000000 C:\WINDOWS\system32\sppobjs.dll, msft:rm/algorithm/pkey/detect, 0x00000000, 0x00000000 C:\WINDOWS\system32\sppobjs.dll, msft:spp/ActionScheduler/1.0, 0x00000000, 0x00000000 C:\WINDOWS\system32\sppobjs.dll, msft:spp/TaskScheduler/1.0, 0x00000000, 0x00000000 C:\WINDOWS\system32\sppobjs.dll, msft:spp/statecollector/pkey, 0x00000000, 0x00000000 C:\WINDOWS\system32\sppobjs.dll, msft:spp/volume/services/kms/1.0, 0x00000000, 0x00000000 C:\WINDOWS\system32\sppobjs.dll, msft:spp/volume/services/kms/activationinfo/1.0, 0x00000000, 0x00000000"
"9/8/2026 6:09:09 PM","16394","Information","Microsoft-Windows-Security-SPP","CRASHLAB-GOLD","Offline downlevel migration succeeded."
"9/8/2026 6:09:08 PM","900","Information","Microsoft-Windows-Security-SPP","CRASHLAB-GOLD","The Software Protection service is starting. Parameters:TriggerStarted:6"
"9/8/2026 6:09:07 PM","5615","Information","Microsoft-Windows-WMI","CRASHLAB-GOLD","Windows Management Instrumentation Service started sucessfully"
"9/8/2026 6:09:06 PM","4625","Information","Microsoft-Windows-EventSystem","CRASHLAB-GOLD","The EventSystem sub system is suppressing duplicate event log entries for a duration of 86400 seconds. The suppression timeout can be controlled by a REG_DWORD value named SuppressDuplicateDuration under the following registry key: HKLM\Software\Microsoft\EventSystem\EventLog."
"9/8/2026 6:09:06 PM","1531","Information","Microsoft-Windows-User Profiles Service","CRASHLAB-GOLD","The User Profile Service has started successfully."
"9/8/2026 6:09:30 PM","1532","Information","Microsoft-Windows-User Profiles Service","CRASHLAB-GOLD","The User Profile Service has stopped."
"9/8/2026 6:09:30 PM","6000","Information","Microsoft-Windows-Winlogon","CRASHLAB-GOLD","The winlogon notification subscriber <SessionEnv> was unavailable to handle a notification event."
"9/8/2026 6:09:30 PM","6000","Information","Microsoft-Windows-Winlogon","CRASHLAB-GOLD","The winlogon notification subscriber <WSearch> was unavailable to handle a notification event."
"9/8/2026 6:08:46 PM","16384","Information","Microsoft-Windows-Security-SPP","CRASHLAB-GOLD","Successfully scheduled Software Protection service for re-start at 2026-09-10T01:05:46Z. Reason: RulesEngine."
"9/8/2026 6:08:22 PM","15","Information","SecurityCenter","CRASHLAB-GOLD","Updated Windows Defender status successfully to SECURITY_PRODUCT_STATE_ON."
"9/8/2026 6:08:20 PM","1","Information","SecurityCenter","CRASHLAB-GOLD","The Windows Security Center Service has started."
"9/8/2026 6:08:20 PM","16394","Information","Microsoft-Windows-Security-SPP","CRASHLAB-GOLD","Offline downlevel migration succeeded."
"9/8/2026 6:08:20 PM","900","Information","Microsoft-Windows-Security-SPP","CRASHLAB-GOLD","The Software Protection service is starting. Parameters:<explicit>"
"9/8/2026 6:08:19 PM","0","Information","edgeupdate","CRASHLAB-GOLD","Service stopped."
"9/8/2026 6:06:49 PM","256","Information","Edge","CRASHLAB-GOLD","[5536:9172:0908/180649.251:INFO:chrome\browser\extensions\extension_garbage_collector.cc:188] Garbage collection for extensions on file thread is complete."
"9/8/2026 6:06:32 PM","903","Information","Microsoft-Windows-Security-SPP","CRASHLAB-GOLD","The Software Protection service has stopped."
"9/8/2026 6:06:31 PM","16384","Information","Microsoft-Windows-Security-SPP","CRASHLAB-GOLD","Successfully scheduled Software Protection service for re-start at 2026-09-10T01:05:31Z. Reason: RulesEngine."
"9/8/2026 6:05:50 PM","8198","Error","Microsoft-Windows-Security-SPP","CRASHLAB-GOLD","License Activation (slui.exe) failed with the following error code: hr=0x803F7001 Command-line arguments: RuleId=31e71c49-8da7-4a2f-ad92-45d98a1c79ba;Action=AutoActivate;AppId=55c92734-d682-4d71-983e-d6ec3f16059f;SkuId=4de7cb65-cdf1-4de9-8ae8-e3cce27b9f2c;NotificationInterval=1440;Trigger=UserLogon;SessionId=1"
"9/8/2026 6:05:50 PM","1003","Information","Microsoft-Windows-Security-SPP","CRASHLAB-GOLD","The Software Protection service has completed licensing status check. Application Id=55c92734-d682-4d71-983e-d6ec3f16059f Licensing Status= 1: 01eb852c-424d-4060-94b8-c10d799d7364, 1, 0 [(0 [0xC004F014, 0, 0], [(?)(?)(?)(?)(?)(?)(?)(?)])(1 )(2 )(3 )] 2: 040fa323-92b1-4baf-97a2-5b67feaefddb, 1, 0 [(0 [0xC004F014, 0, 0], [(?)(?)(?)(?)(?)(?)(?)(?)])(1 )(2 )(3 )] 3: 0724cb7d-3437-4cb7-93cb-830375d0079d, 1, 0 [(0 [0xC004F014, 0, 0], [(?)(?)(?)(?)(?)(?)(?)(?)])(1 )(2 )(3 )] 4: 0ad2ac98-7bb9-4201-8d92-312299201369, 1, 0 [(0 [0xC004F014, 0, 0], [(?)(?)(?)(?)(?)(?)(?)(?)])(1 )(2 )(3 )] 5: 19de9b2f-0166-4abb-9534-56ea69a80edb, 1, 0 [(0 [0xC004F014, 0, 0], [(?)(?)(?)(?)(?)(?)(?)(?)])(1 )(2 )(3 )] 6: 1a9a717a-cf13-4ba5-83c3-0fe25fa868d5, 1, 0 [(0 [0xC004F014, 0, 0], [(?)(?)(?)(?)(?)(?)(?)(?)])(1 )(2 )(3 )] 7: 221a02da-e2a1-4b75-864c-0a4410a33fdf, 1, 0 [(0 [0xC004F014, 0, 0], [(?)(?)(?)(?)(?)(?)(?)(?)])(1 )(2 )(3 )] 8: 265f3fad-6a1c-4bdd-ae30-c75efa556ccb, 1, 0 [(0 [0xC004F014, 0, 0], [(?)(?)(?)(?)(?)(?)(?)(?)])(1 )(2 )(3 )] 9: 291ece0e-9c38-40ca-a9e1-32cc7ec19507, 1, 0 [(0 [0xC004F014, 0, 0], [(?)(?)(?)(?)(?)(?)(?)(?)])(1 )(2 )(3 )] 10: 2936d1d2-913a-4542-b54e-ce5a602a2a38, 1, 0 [(0 [0xC004F014, 0, 0], [(?)(?)(?)(?)(?)(?)(?)(?)])(1 )(2 )(3 )] 11: 2c293c26-a45a-4a2a-a350-c69a67097529, 1, 0 [(0 [0xC004F014, 0, 0], [(?)(?)(?)(?)(?)(?)(?)(?)])(1 )(2 )(3 )] 12: 2de67392-b7a7-462a-b1ca-108dd189f588, 1, 0 [(0 [0xC004F014, 0, 0], [(?)(?)(?)(?)(?)(?)(?)(?)])(1 )(2 )(3 )] 13: 2ffd8952-423e-4903-b993-72a1aa44cf82, 1, 0 [(0 [0xC004F014, 0, 0], [(?)(?)(?)(?)(?)(?)(?)(?)])(1 )(2 )(3 )] 14: 30a42c86-b7a0-4a34-8c90-ff177cb2acb7, 1, 0 [(0 [0xC004F014, 0, 0], [(?)(?)(?)(?)(?)(?)(?)(?)])(1 )(2 )(3 )] 15: 345a5db0-d94f-4e3b-a0c0-7c42f7bc3ebf, 1, 0 [(0 [0xC004F014, 0, 0], [(?)(?)(?)(?)(?)(?)(?)(?)])(1 )(2 )(3 )] 16: 3502365a-f88a-4ba4-822a-5769d3073b65, 1, 0 [(0 [0xC004F014, 0, 0], [(?)(?)(?)(?)(?)(?)(?)(?)])(1 )(2 )(3 )] 17: 377333b1-8b5d-48d6-9679-1225c872d37c, 1, 0 [(0 [0xC004F014, 0, 0], [(?)(?)(?)(?)(?)(?)(?)(?)])(1 )(2 )(3 )] 18: 3df374ef-d444-4494-a5a1-4b0d9fd0e203, 1, 0 [(0 [0xC004F014, 0, 0], [(?)(?)(?)(?)(?)(?)(?)(?)])(1 )(2 )(3 )] 19: 3ebce241-ea87-4946-8a4f-80d00e921dff, 1, 0 [(0 [0xC004F014, 0, 0], [(?)(?)(?)(?)(?)(?)(?)(?)])(1 )(2 )(3 )] 20: 3f1afc82-f8ac-4f6c-8005-1d233e606eee, 1, 0 [(0 [0xC004F014, 0, 0], [(?)(?)(?)(?)(?)(?)(?)(?)])(1 )(2 )(3 )] 21: 4322a811-697c-44dc-865e-3e2fdcb86009, 1, 0 [(0 [0xC004F014, 0, 0], [(?)(?)(?)(?)(?)(?)(?)(?)])(1 )(2 )(3 )] 22: 49cd895b-53b2-4dc4-a5f7-b18aa019ad37, 1, 0 [(0 [0xC004F014, 0, 0], [(?)(?)(?)(?)(?)(?)(?)(?)])(1 )(2 )(3 )] 23: 4de7cb65-cdf1-4de9-8ae8-e3cce27b9f2c, 1, 1 [(0 )(1 )(2 [0xC004E003, 0, 0], [( 1 0xC004F034)( 1 0xC004F034)(?)(?)(?)(?)(?)(?)])(3 [0x00000000, 0, 0], [( 6 0xC004F009 0 0)( 1 0x00000000)( 6 0xC004F009 0 0)(?)(?)(?)( 10 0x00000000 msft:rm/algorithm/flags/1.0)( 11 0x00000000 0xC004F034)])] 24: 4f3da0d2-271d-4508-ae81-626b60809a38, 1, 0 [(0 [0xC004F014, 0, 0], [(?)(?)(?)(?)(?)(?)(?)(?)])(1 )(2 )(3 )] 25: 5d78c4e9-aeb3-4b40-8ac2-6a6005e0ad6d, 1, 0 [(0 [0xC004F014, 0, 0], [(?)(?)(?)(?)(?)(?)(?)(?)])(1 )(2 )(3 )] 26: 60b3ec1b-9545-4921-821f-311b129dd6f6, 1, 0 [(0 [0xC004F014, 0, 0], [(?)(?)(?)(?)(?)(?)(?)(?)])(1 )(2 )(3 )] 27: 613d217f-7f13-4268-9907-1662339531cd, 1, 0 [(0 [0xC004F014, 0, 0], [(?)(?)(?)(?)(?)(?)(?)(?)])(1 )(2 )(3 )] 28: 62f0c100-9c53-4e02-b886-a3528ddfe7f6, 1, 0 [(0 [0xC004F014, 0, 0], [(?)(?)(?)(?)(?)(?)(?)(?)])(1 )(2 )(3 )] 29: 6365275e-368d-46ca-a0ef-fc0404119333, 1, 0 [(0 [0xC004F014, 0, 0], [(?)(?)(?)(?)(?)(?)(?)(?)])(1 )(2 )(3 )] 30: 721f9237-9341-4453-a661-09e8baa6cca5, 1, 0 [(0 [0xC004F014, 0, 0], [(?)(?)(?)(?)(?)(?)(?)(?)])(1 )(2 )(3 )] 31: 73111121-5638-40f6-bc11-f1d7b0d64300, 1, 0 [(0 [0xC004F014, 0, 0], [(?)(?)(?)(?)(?)(?)(?)(?)])(1 )(2 )(3 )] 32: 7a802526-4c94-4bd1-ba14-835a1aca2120, 1, 0 [(0 [0xC004F014, 0, 0], [(?)(?)(?)(?)(?)(?)(?)(?)])(1 )(2 )(3 )] 33: 7cb546c0-c7d5-44d8-9a5c-69ecdd782b69, 1, 0 [(0 [0xC004F014, 0, 0], [(?)(?)(?)(?)(?)(?)(?)(?)])(1 )(2 )(3 )] 34: 80083eae-7031-4394-9e88-4901973d56fe, 1, 0 [(0 [0xC004F014, 0, 0], [(?)(?)(?)(?)(?)(?)(?)(?)])(1 )(2 )(3 )] 35: 82bbc092-bc50-4e16-8e18-b74fc486aec3, 1, 0 [(0 [0xC004F014, 0, 0], [(?)(?)(?)(?)(?)(?)(?)(?)])(1 )(2 )(3 )] 36: 8ab9bdd1-1f67-4997-82d9-8878520837d9, 1, 0 [(0 [0xC004F014, 0, 0], [(?)(?)(?)(?)(?)(?)(?)(?)])(1 )(2 )(3 )] 37: 8b351c9c-f398-4515-9900-09df49427262, 1, 0 [(0 [0xC004F014, 0, 0], [(?)(?)(?)(?)(?)(?)(?)(?)])(1 )(2 )(3 )] 38: 90da7373-1c51-430b-bf26-c97e9c5cdc31, 1, 0 [(0 [0xC004F014, 0, 0], [(?)(?)(?)(?)(?)(?)(?)(?)])(1 )(2 )(3 )] 39: 92fb8726-92a8-4ffc-94ce-f82e07444653, 1, 0 [(0 [0xC004F014, 0, 0], [(?)(?)(?)(?)(?)(?)(?)(?)])(1 )(2 )(3 )] 40: 95dca82f-385d-4d39-b85b-5c73fa285d6f, 1, 0 [(0 [0xC004F014, 0, 0], [(?)(?)(?)(?)(?)(?)(?)(?)])(1 )(2 )(3 )] 41: 97cde3ae-e908-4b59-ac96-a17645c5b57e, 1, 0 [(0 [0xC004F014, 0, 0], [(?)(?)(?)(?)(?)(?)(?)(?)])(1 )(2 )(3 )] 42: a48938aa-62fa-4966-9d44-9f04da3f72f2, 1, 0 [(0 [0xC004F014, 0, 0], [(?)(?)(?)(?)(?)(?)(?)(?)])(1 )(2 )(3 )] 43: b0773a15-df3a-4312-9ad2-83d69648e356, 1, 0 [(0 [0xC004F014, 0, 0], [(?)(?)(?)(?)(?)(?)(?)(?)])(1 )(2 )(3 )] 44: b4bfe195-541e-4e64-ad23-6177f19e395e, 1, 0 [(0 [0xC004F014, 0, 0], [(?)(?)(?)(?)(?)(?)(?)(?)])(1 )(2 )(3 )] 45: b68e61d2-68ca-4757-be45-0cc2f3e68eee, 1, 0 [(0 [0xC004F014, 0, 0], [(?)(?)(?)(?)(?)(?)(?)(?)])(1 )(2 )(3 )] 46: bd3762d7-270d-4760-8fb3-d829ca45278a, 1, 0 [(0 [0xC004F014, 0, 0], [(?)(?)(?)(?)(?)(?)(?)(?)])(1 )(2 )(3 )] 47: c86d5194-4840-4dae-9c1c-0301003a5ab0, 1, 0 [(0 [0xC004F014, 0, 0], [(?)(?)(?)(?)(?)(?)(?)(?)])(1 )(2 )(3 )] 48: ca7df2e3-5ea0-47b8-9ac1-b1be4d8edd69, 1, 0 [(0 [0xC004F014, 0, 0], [(?)(?)(?)(?)(?)(?)(?)(?)])(1 )(2 )(3 )] 49: d552befb-48cc-4327-8f39-47d2d94f987c, 1, 0 [(0 [0xC004F014, 0, 0], [(?)(?)(?)(?)(?)(?)(?)(?)])(1 )(2 )(3 )] 50: d6eadb3b-5ca8-4a6b-986e-35b550756111, 1, 0 [(0 [0xC004F014, 0, 0], [(?)(?)(?)(?)(?)(?)(?)(?)])(1 )(2 )(3 )] 51: df96023b-dcd9-4be2-afa0-c6c871159ebe, 1, 0 [(0 [0xC004F014, 0, 0], [(?)(?)(?)(?)(?)(?)(?)(?)])(1 )(2 )(3 )] 52: e0c42288-980c-4788-a014-c080d2e1926e, 1, 0 [(0 [0xC004F014, 0, 0], [(?)(?)(?)(?)(?)(?)(?)(?)])(1 )(2 )(3 )] 53: e4db50ea-bda1-4566-b047-0ca50abc6f07, 1, 0 [(0 [0xC004F014, 0, 0], [(?)(?)(?)(?)(?)(?)(?)(?)])(1 )(2 )(3 )] 54: e558417a-5123-4f6f-91e7-385c1c7ca9d4, 1, 0 [(0 [0xC004F014, 0, 0], [(?)(?)(?)(?)(?)(?)(?)(?)])(1 )(2 )(3 )] 55: e7a950a2-e548-4f10-bf16-02ec848e0643, 1, 0 [(0 [0xC004F014, 0, 0], [(?)(?)(?)(?)(?)(?)(?)(?)])(1 )(2 )(3 )] 56: eb6d346f-1c60-4643-b960-40ec31596c45, 1, 0 [(0 [0xC004F014, 0, 0], [(?)(?)(?)(?)(?)(?)(?)(?)])(1 )(2 )(3 )] 57: ec868e65-fadf-4759-b23e-93fe37f2cc29, 1, 0 [(0 [0xC004F014, 0, 0], [(?)(?)(?)(?)(?)(?)(?)(?)])(1 )(2 )(3 )] 58: ef51e000-2659-4f25-8345-3de70a9cf4c4, 1, 0 [(0 [0xC004F014, 0, 0], [(?)(?)(?)(?)(?)(?)(?)(?)])(1 )(2 )(3 )] 59: f7af7d09-40e4-419c-a49b-eae366689ebd, 1, 0 [(0 [0xC004F014, 0, 0], [(?)(?)(?)(?)(?)(?)(?)(?)])(1 )(2 )(3 )] 60: fa755fe6-6739-40b9-8d84-6d0ea3b6d1ab, 1, 0 [(0 [0xC004F014, 0, 0], [(?)(?)(?)(?)(?)(?)(?)(?)])(1 )(2 )(3 )] 61: fe74f55b-0338-41d6-b267-4a201abe7285, 1, 0 [(0 [0xC004F014, 0, 0], [(?)(?)(?)(?)(?)(?)(?)(?)])(1 )(2 )(3 )]"
"9/8/2026 6:05:49 PM","1003","Information","Microsoft-Windows-Security-SPP","CRASHLAB-GOLD","The Software Protection service has completed licensing status check. Application Id=55c92734-d682-4d71-983e-d6ec3f16059f Licensing Status= 1: 01eb852c-424d-4060-94b8-c10d799d7364, 1, 0 [(0 [0xC004F014, 0, 0], [(?)(?)(?)(?)(?)(?)(?)(?)])(1 )(2 )(3 )] 2: 040fa323-92b1-4baf-97a2-5b67feaefddb, 1, 0 [(0 [0xC004F014, 0, 0], [(?)(?)(?)(?)(?)(?)(?)(?)])(1 )(2 )(3 )] 3: 0724cb7d-3437-4cb7-93cb-830375d0079d, 1, 0 [(0 [0xC004F014, 0, 0], [(?)(?)(?)(?)(?)(?)(?)(?)])(1 )(2 )(3 )] 4: 0ad2ac98-7bb9-4201-8d92-312299201369, 1, 0 [(0 [0xC004F014, 0, 0], [(?)(?)(?)(?)(?)(?)(?)(?)])(1 )(2 )(3 )] 5: 19de9b2f-0166-4abb-9534-56ea69a80edb, 1, 0 [(0 [0xC004F014, 0, 0], [(?)(?)(?)(?)(?)(?)(?)(?)])(1 )(2 )(3 )] 6: 1a9a717a-cf13-4ba5-83c3-0fe25fa868d5, 1, 0 [(0 [0xC004F014, 0, 0], [(?)(?)(?)(?)(?)(?)(?)(?)])(1 )(2 )(3 )] 7: 221a02da-e2a1-4b75-864c-0a4410a33fdf, 1, 0 [(0 [0xC004F014, 0, 0], [(?)(?)(?)(?)(?)(?)(?)(?)])(1 )(2 )(3 )] 8: 265f3fad-6a1c-4bdd-ae30-c75efa556ccb, 1, 0 [(0 [0xC004F014, 0, 0], [(?)(?)(?)(?)(?)(?)(?)(?)])(1 )(2 )(3 )] 9: 291ece0e-9c38-40ca-a9e1-32cc7ec19507, 1, 0 [(0 [0xC004F014, 0, 0], [(?)(?)(?)(?)(?)(?)(?)(?)])(1 )(2 )(3 )] 10: 2936d1d2-913a-4542-b54e-ce5a602a2a38, 1, 0 [(0 [0xC004F014, 0, 0], [(?)(?)(?)(?)(?)(?)(?)(?)])(1 )(2 )(3 )] 11: 2c293c26-a45a-4a2a-a350-c69a67097529, 1, 0 [(0 [0xC004F014, 0, 0], [(?)(?)(?)(?)(?)(?)(?)(?)])(1 )(2 )(3 )] 12: 2de67392-b7a7-462a-b1ca-108dd189f588, 1, 0 [(0 [0xC004F014, 0, 0], [(?)(?)(?)(?)(?)(?)(?)(?)])(1 )(2 )(3 )] 13: 2ffd8952-423e-4903-b993-72a1aa44cf82, 1, 0 [(0 [0xC004F014, 0, 0], [(?)(?)(?)(?)(?)(?)(?)(?)])(1 )(2 )(3 )] 14: 30a42c86-b7a0-4a34-8c90-ff177cb2acb7, 1, 0 [(0 [0xC004F014, 0, 0], [(?)(?)(?)(?)(?)(?)(?)(?)])(1 )(2 )(3 )] 15: 345a5db0-d94f-4e3b-a0c0-7c42f7bc3ebf, 1, 0 [(0 [0xC004F014, 0, 0], [(?)(?)(?)(?)(?)(?)(?)(?)])(1 )(2 )(3 )] 16: 3502365a-f88a-4ba4-822a-5769d3073b65, 1, 0 [(0 [0xC004F014, 0, 0], [(?)(?)(?)(?)(?)(?)(?)(?)])(1 )(2 )(3 )] 17: 377333b1-8b5d-48d6-9679-1225c872d37c, 1, 0 [(0 [0xC004F014, 0, 0], [(?)(?)(?)(?)(?)(?)(?)(?)])(1 )(2 )(3 )] 18: 3df374ef-d444-4494-a5a1-4b0d9fd0e203, 1, 0 [(0 [0xC004F014, 0, 0], [(?)(?)(?)(?)(?)(?)(?)(?)])(1 )(2 )(3 )] 19: 3ebce241-ea87-4946-8a4f-80d00e921dff, 1, 0 [(0 [0xC004F014, 0, 0], [(?)(?)(?)(?)(?)(?)(?)(?)])(1 )(2 )(3 )] 20: 3f1afc82-f8ac-4f6c-8005-1d233e606eee, 1, 0 [(0 [0xC004F014, 0, 0], [(?)(?)(?)(?)(?)(?)(?)(?)])(1 )(2 )(3 )] 21: 4322a811-697c-44dc-865e-3e2fdcb86009, 1, 0 [(0 [0xC004F014, 0, 0], [(?)(?)(?)(?)(?)(?)(?)(?)])(1 )(2 )(3 )] 22: 49cd895b-53b2-4dc4-a5f7-b18aa019ad37, 1, 0 [(0 [0xC004F014, 0, 0], [(?)(?)(?)(?)(?)(?)(?)(?)])(1 )(2 )(3 )] 23: 4de7cb65-cdf1-4de9-8ae8-e3cce27b9f2c, 1, 1 [(0 )(1 )(2 [0xC004E003, 0, 0], [( 1 0xC004F034)( 1 0xC004F034)(?)(?)(?)(?)(?)(?)])(3 [0x00000000, 0, 0], [( 6 0xC004F009 0 0)( 1 0x00000000)( 6 0xC004F009 0 0)(?)(?)(?)( 10 0x00000000 msft:rm/algorithm/flags/1.0)( 11 0x00000000 0xC004F034)])] 24: 4f3da0d2-271d-4508-ae81-626b60809a38, 1, 0 [(0 [0xC004F014, 0, 0], [(?)(?)(?)(?)(?)(?)(?)(?)])(1 )(2 )(3 )] 25: 5d78c4e9-aeb3-4b40-8ac2-6a6005e0ad6d, 1, 0 [(0 [0xC004F014, 0, 0], [(?)(?)(?)(?)(?)(?)(?)(?)])(1 )(2 )(3 )] 26: 60b3ec1b-9545-4921-821f-311b129dd6f6, 1, 0 [(0 [0xC004F014, 0, 0], [(?)(?)(?)(?)(?)(?)(?)(?)])(1 )(2 )(3 )] 27: 613d217f-7f13-4268-9907-1662339531cd, 1, 0 [(0 [0xC004F014, 0, 0], [(?)(?)(?)(?)(?)(?)(?)(?)])(1 )(2 )(3 )] 28: 62f0c100-9c53-4e02-b886-a3528ddfe7f6, 1, 0 [(0 [0xC004F014, 0, 0], [(?)(?)(?)(?)(?)(?)(?)(?)])(1 )(2 )(3 )] 29: 6365275e-368d-46ca-a0ef-fc0404119333, 1, 0 [(0 [0xC004F014, 0, 0], [(?)(?)(?)(?)(?)(?)(?)(?)])(1 )(2 )(3 )] 30: 721f9237-9341-4453-a661-09e8baa6cca5, 1, 0 [(0 [0xC004F014, 0, 0], [(?)(?)(?)(?)(?)(?)(?)(?)])(1 )(2 )(3 )] 31: 73111121-5638-40f6-bc11-f1d7b0d64300, 1, 0 [(0 [0xC004F014, 0, 0], [(?)(?)(?)(?)(?)(?)(?)(?)])(1 )(2 )(3 )] 32: 7a802526-4c94-4bd1-ba14-835a1aca2120, 1, 0 [(0 [0xC004F014, 0, 0], [(?)(?)(?)(?)(?)(?)(?)(?)])(1 )(2 )(3 )] 33: 7cb546c0-c7d5-44d8-9a5c-69ecdd782b69, 1, 0 [(0 [0xC004F014, 0, 0], [(?)(?)(?)(?)(?)(?)(?)(?)])(1 )(2 )(3 )] 34: 80083eae-7031-4394-9e88-4901973d56fe, 1, 0 [(0 [0xC004F014, 0, 0], [(?)(?)(?)(?)(?)(?)(?)(?)])(1 )(2 )(3 )] 35: 82bbc092-bc50-4e16-8e18-b74fc486aec3, 1, 0 [(0 [0xC004F014, 0, 0], [(?)(?)(?)(?)(?)(?)(?)(?)])(1 )(2 )(3 )] 36: 8ab9bdd1-1f67-4997-82d9-8878520837d9, 1, 0 [(0 [0xC004F014, 0, 0], [(?)(?)(?)(?)(?)(?)(?)(?)])(1 )(2 )(3 )] 37: 8b351c9c-f398-4515-9900-09df49427262, 1, 0 [(0 [0xC004F014, 0, 0], [(?)(?)(?)(?)(?)(?)(?)(?)])(1 )(2 )(3 )] 38: 90da7373-1c51-430b-bf26-c97e9c5cdc31, 1, 0 [(0 [0xC004F014, 0, 0], [(?)(?)(?)(?)(?)(?)(?)(?)])(1 )(2 )(3 )] 39: 92fb8726-92a8-4ffc-94ce-f82e07444653, 1, 0 [(0 [0xC004F014, 0, 0], [(?)(?)(?)(?)(?)(?)(?)(?)])(1 )(2 )(3 )] 40: 95dca82f-385d-4d39-b85b-5c73fa285d6f, 1, 0 [(0 [0xC004F014, 0, 0], [(?)(?)(?)(?)(?)(?)(?)(?)])(1 )(2 )(3 )] 41: 97cde3ae-e908-4b59-ac96-a17645c5b57e, 1, 0 [(0 [0xC004F014, 0, 0], [(?)(?)(?)(?)(?)(?)(?)(?)])(1 )(2 )(3 )] 42: a48938aa-62fa-4966-9d44-9f04da3f72f2, 1, 0 [(0 [0xC004F014, 0, 0], [(?)(?)(?)(?)(?)(?)(?)(?)])(1 )(2 )(3 )] 43: b0773a15-df3a-4312-9ad2-83d69648e356, 1, 0 [(0 [0xC004F014, 0, 0], [(?)(?)(?)(?)(?)(?)(?)(?)])(1 )(2 )(3 )] 44: b4bfe195-541e-4e64-ad23-6177f19e395e, 1, 0 [(0 [0xC004F014, 0, 0], [(?)(?)(?)(?)(?)(?)(?)(?)])(1 )(2 )(3 )] 45: b68e61d2-68ca-4757-be45-0cc2f3e68eee, 1, 0 [(0 [0xC004F014, 0, 0], [(?)(?)(?)(?)(?)(?)(?)(?)])(1 )(2 )(3 )] 46: bd3762d7-270d-4760-8fb3-d829ca45278a, 1, 0 [(0 [0xC004F014, 0, 0], [(?)(?)(?)(?)(?)(?)(?)(?)])(1 )(2 )(3 )] 47: c86d5194-4840-4dae-9c1c-0301003a5ab0, 1, 0 [(0 [0xC004F014, 0, 0], [(?)(?)(?)(?)(?)(?)(?)(?)])(1 )(2 )(3 )] 48: ca7df2e3-5ea0-47b8-9ac1-b1be4d8edd69, 1, 0 [(0 [0xC004F014, 0, 0], [(?)(?)(?)(?)(?)(?)(?)(?)])(1 )(2 )(3 )] 49: d552befb-48cc-4327-8f39-47d2d94f987c, 1, 0 [(0 [0xC004F014, 0, 0], [(?)(?)(?)(?)(?)(?)(?)(?)])(1 )(2 )(3 )] 50: d6eadb3b-5ca8-4a6b-986e-35b550756111, 1, 0 [(0 [0xC004F014, 0, 0], [(?)(?)(?)(?)(?)(?)(?)(?)])(1 )(2 )(3 )] 51: df96023b-dcd9-4be2-afa0-c6c871159ebe, 1, 0 [(0 [0xC004F014, 0, 0], [(?)(?)(?)(?)(?)(?)(?)(?)])(1 )(2 )(3 )] 52: e0c42288-980c-4788-a014-c080d2e1926e, 1, 0 [(0 [0xC004F014, 0, 0], [(?)(?)(?)(?)(?)(?)(?)(?)])(1 )(2 )(3 )] 53: e4db50ea-bda1-4566-b047-0ca50abc6f07, 1, 0 [(0 [0xC004F014, 0, 0], [(?)(?)(?)(?)(?)(?)(?)(?)])(1 )(2 )(3 )] 54: e558417a-5123-4f6f-91e7-385c1c7ca9d4, 1, 0 [(0 [0xC004F014, 0, 0], [(?)(?)(?)(?)(?)(?)(?)(?)])(1 )(2 )(3 )] 55: e7a950a2-e548-4f10-bf16-02ec848e0643, 1, 0 [(0 [0xC004F014, 0, 0], [(?)(?)(?)(?)(?)(?)(?)(?)])(1 )(2 )(3 )] 56: eb6d346f-1c60-4643-b960-40ec31596c45, 1, 0 [(0 [0xC004F014, 0, 0], [(?)(?)(?)(?)(?)(?)(?)(?)])(1 )(2 )(3 )] 57: ec868e65-fadf-4759-b23e-93fe37f2cc29, 1, 0 [(0 [0xC004F014, 0, 0], [(?)(?)(?)(?)(?)(?)(?)(?)])(1 )(2 )(3 )] 58: ef51e000-2659-4f25-8345-3de70a9cf4c4, 1, 0 [(0 [0xC004F014, 0, 0], [(?)(?)(?)(?)(?)(?)(?)(?)])(1 )(2 )(3 )] 59: f7af7d09-40e4-419c-a49b-eae366689ebd, 1, 0 [(0 [0xC004F014, 0, 0], [(?)(?)(?)(?)(?)(?)(?)(?)])(1 )(2 )(3 )] 60: fa755fe6-6739-40b9-8d84-6d0ea3b6d1ab, 1, 0 [(0 [0xC004F014, 0, 0], [(?)(?)(?)(?)(?)(?)(?)(?)])(1 )(2 )(3 )] 61: fe74f55b-0338-41d6-b267-4a201abe7285, 1, 0 [(0 [0xC004F014, 0, 0], [(?)(?)(?)(?)(?)(?)(?)(?)])(1 )(2 )(3 )]"
"9/8/2026 6:05:48 PM","8198","Error","Microsoft-Windows-Security-SPP","CRASHLAB-GOLD","License Activation (slui.exe) failed with the following error code: hr=0x803F7001 Command-line arguments: RuleId=31e71c49-8da7-4a2f-ad92-45d98a1c79ba;Action=AutoActivate;AppId=55c92734-d682-4d71-983e-d6ec3f16059f;SkuId=4de7cb65-cdf1-4de9-8ae8-e3cce27b9f2c;NotificationInterval=1440;Trigger=NetworkAvailable"
"9/8/2026 6:05:48 PM","1003","Information","Microsoft-Windows-Security-SPP","CRASHLAB-GOLD","The Software Protection service has completed licensing status check. Application Id=55c92734-d682-4d71-983e-d6ec3f16059f Licensing Status= 1: 01eb852c-424d-4060-94b8-c10d799d7364, 1, 0 [(0 [0xC004F014, 0, 0], [(?)(?)(?)(?)(?)(?)(?)(?)])(1 )(2 )(3 )] 2: 040fa323-92b1-4baf-97a2-5b67feaefddb, 1, 0 [(0 [0xC004F014, 0, 0], [(?)(?)(?)(?)(?)(?)(?)(?)])(1 )(2 )(3 )] 3: 0724cb7d-3437-4cb7-93cb-830375d0079d, 1, 0 [(0 [0xC004F014, 0, 0], [(?)(?)(?)(?)(?)(?)(?)(?)])(1 )(2 )(3 )] 4: 0ad2ac98-7bb9-4201-8d92-312299201369, 1, 0 [(0 [0xC004F014, 0, 0], [(?)(?)(?)(?)(?)(?)(?)(?)])(1 )(2 )(3 )] 5: 19de9b2f-0166-4abb-9534-56ea69a80edb, 1, 0 [(0 [0xC004F014, 0, 0], [(?)(?)(?)(?)(?)(?)(?)(?)])(1 )(2 )(3 )] 6: 1a9a717a-cf13-4ba5-83c3-0fe25fa868d5, 1, 0 [(0 [0xC004F014, 0, 0], [(?)(?)(?)(?)(?)(?)(?)(?)])(1 )(2 )(3 )] 7: 221a02da-e2a1-4b75-864c-0a4410a33fdf, 1, 0 [(0 [0xC004F014, 0, 0], [(?)(?)(?)(?)(?)(?)(?)(?)])(1 )(2 )(3 )] 8: 265f3fad-6a1c-4bdd-ae30-c75efa556ccb, 1, 0 [(0 [0xC004F014, 0, 0], [(?)(?)(?)(?)(?)(?)(?)(?)])(1 )(2 )(3 )] 9: 291ece0e-9c38-40ca-a9e1-32cc7ec19507, 1, 0 [(0 [0xC004F014, 0, 0], [(?)(?)(?)(?)(?)(?)(?)(?)])(1 )(2 )(3 )] 10: 2936d1d2-913a-4542-b54e-ce5a602a2a38, 1, 0 [(0 [0xC004F014, 0, 0], [(?)(?)(?)(?)(?)(?)(?)(?)])(1 )(2 )(3 )] 11: 2c293c26-a45a-4a2a-a350-c69a67097529, 1, 0 [(0 [0xC004F014, 0, 0], [(?)(?)(?)(?)(?)(?)(?)(?)])(1 )(2 )(3 )] 12: 2de67392-b7a7-462a-b1ca-108dd189f588, 1, 0 [(0 [0xC004F014, 0, 0], [(?)(?)(?)(?)(?)(?)(?)(?)])(1 )(2 )(3 )] 13: 2ffd8952-423e-4903-b993-72a1aa44cf82, 1, 0 [(0 [0xC004F014, 0, 0], [(?)(?)(?)(?)(?)(?)(?)(?)])(1 )(2 )(3 )] 14: 30a42c86-b7a0-4a34-8c90-ff177cb2acb7, 1, 0 [(0 [0xC004F014, 0, 0], [(?)(?)(?)(?)(?)(?)(?)(?)])(1 )(2 )(3 )] 15: 345a5db0-d94f-4e3b-a0c0-7c42f7bc3ebf, 1, 0 [(0 [0xC004F014, 0, 0], [(?)(?)(?)(?)(?)(?)(?)(?)])(1 )(2 )(3 )] 16: 3502365a-f88a-4ba4-822a-5769d3073b65, 1, 0 [(0 [0xC004F014, 0, 0], [(?)(?)(?)(?)(?)(?)(?)(?)])(1 )(2 )(3 )] 17: 377333b1-8b5d-48d6-9679-1225c872d37c, 1, 0 [(0 [0xC004F014, 0, 0], [(?)(?)(?)(?)(?)(?)(?)(?)])(1 )(2 )(3 )] 18: 3df374ef-d444-4494-a5a1-4b0d9fd0e203, 1, 0 [(0 [0xC004F014, 0, 0], [(?)(?)(?)(?)(?)(?)(?)(?)])(1 )(2 )(3 )] 19: 3ebce241-ea87-4946-8a4f-80d00e921dff, 1, 0 [(0 [0xC004F014, 0, 0], [(?)(?)(?)(?)(?)(?)(?)(?)])(1 )(2 )(3 )] 20: 3f1afc82-f8ac-4f6c-8005-1d233e606eee, 1, 0 [(0 [0xC004F014, 0, 0], [(?)(?)(?)(?)(?)(?)(?)(?)])(1 )(2 )(3 )] 21: 4322a811-697c-44dc-865e-3e2fdcb86009, 1, 0 [(0 [0xC004F014, 0, 0], [(?)(?)(?)(?)(?)(?)(?)(?)])(1 )(2 )(3 )] 22: 49cd895b-53b2-4dc4-a5f7-b18aa019ad37, 1, 0 [(0 [0xC004F014, 0, 0], [(?)(?)(?)(?)(?)(?)(?)(?)])(1 )(2 )(3 )] 23: 4de7cb65-cdf1-4de9-8ae8-e3cce27b9f2c, 1, 1 [(0 )(1 )(2 [0xC004E003, 0, 0], [( 1 0xC004F034)( 1 0xC004F034)(?)(?)(?)(?)(?)(?)])(3 [0x00000000, 0, 0], [( 6 0xC004F009 0 0)( 1 0x00000000)( 6 0xC004F009 0 0)(?)(?)(?)( 10 0x00000000 msft:rm/algorithm/flags/1.0)( 11 0x00000000 0xC004F034)])] 24: 4f3da0d2-271d-4508-ae81-626b60809a38, 1, 0 [(0 [0xC004F014, 0, 0], [(?)(?)(?)(?)(?)(?)(?)(?)])(1 )(2 )(3 )] 25: 5d78c4e9-aeb3-4b40-8ac2-6a6005e0ad6d, 1, 0 [(0 [0xC004F014, 0, 0], [(?)(?)(?)(?)(?)(?)(?)(?)])(1 )(2 )(3 )] 26: 60b3ec1b-9545-4921-821f-311b129dd6f6, 1, 0 [(0 [0xC004F014, 0, 0], [(?)(?)(?)(?)(?)(?)(?)(?)])(1 )(2 )(3 )] 27: 613d217f-7f13-4268-9907-1662339531cd, 1, 0 [(0 [0xC004F014, 0, 0], [(?)(?)(?)(?)(?)(?)(?)(?)])(1 )(2 )(3 )] 28: 62f0c100-9c53-4e02-b886-a3528ddfe7f6, 1, 0 [(0 [0xC004F014, 0, 0], [(?)(?)(?)(?)(?)(?)(?)(?)])(1 )(2 )(3 )] 29: 6365275e-368d-46ca-a0ef-fc0404119333, 1, 0 [(0 [0xC004F014, 0, 0], [(?)(?)(?)(?)(?)(?)(?)(?)])(1 )(2 )(3 )] 30: 721f9237-9341-4453-a661-09e8baa6cca5, 1, 0 [(0 [0xC004F014, 0, 0], [(?)(?)(?)(?)(?)(?)(?)(?)])(1 )(2 )(3 )] 31: 73111121-5638-40f6-bc11-f1d7b0d64300, 1, 0 [(0 [0xC004F014, 0, 0], [(?)(?)(?)(?)(?)(?)(?)(?)])(1 )(2 )(3 )] 32: 7a802526-4c94-4bd1-ba14-835a1aca2120, 1, 0 [(0 [0xC004F014, 0, 0], [(?)(?)(?)(?)(?)(?)(?)(?)])(1 )(2 )(3 )] 33: 7cb546c0-c7d5-44d8-9a5c-69ecdd782b69, 1, 0 [(0 [0xC004F014, 0, 0], [(?)(?)(?)(?)(?)(?)(?)(?)])(1 )(2 )(3 )] 34: 80083eae-7031-4394-9e88-4901973d56fe, 1, 0 [(0 [0xC004F014, 0, 0], [(?)(?)(?)(?)(?)(?)(?)(?)])(1 )(2 )(3 )] 35: 82bbc092-bc50-4e16-8e18-b74fc486aec3, 1, 0 [(0 [0xC004F014, 0, 0], [(?)(?)(?)(?)(?)(?)(?)(?)])(1 )(2 )(3 )] 36: 8ab9bdd1-1f67-4997-82d9-8878520837d9, 1, 0 [(0 [0xC004F014, 0, 0], [(?)(?)(?)(?)(?)(?)(?)(?)])(1 )(2 )(3 )] 37: 8b351c9c-f398-4515-9900-09df49427262, 1, 0 [(0 [0xC004F014, 0, 0], [(?)(?)(?)(?)(?)(?)(?)(?)])(1 )(2 )(3 )] 38: 90da7373-1c51-430b-bf26-c97e9c5cdc31, 1, 0 [(0 [0xC004F014, 0, 0], [(?)(?)(?)(?)(?)(?)(?)(?)])(1 )(2 )(3 )] 39: 92fb8726-92a8-4ffc-94ce-f82e07444653, 1, 0 [(0 [0xC004F014, 0, 0], [(?)(?)(?)(?)(?)(?)(?)(?)])(1 )(2 )(3 )] 40: 95dca82f-385d-4d39-b85b-5c73fa285d6f, 1, 0 [(0 [0xC004F014, 0, 0], [(?)(?)(?)(?)(?)(?)(?)(?)])(1 )(2 )(3 )] 41: 97cde3ae-e908-4b59-ac96-a17645c5b57e, 1, 0 [(0 [0xC004F014, 0, 0], [(?)(?)(?)(?)(?)(?)(?)(?)])(1 )(2 )(3 )] 42: a48938aa-62fa-4966-9d44-9f04da3f72f2, 1, 0 [(0 [0xC004F014, 0, 0], [(?)(?)(?)(?)(?)(?)(?)(?)])(1 )(2 )(3 )] 43: b0773a15-df3a-4312-9ad2-83d69648e356, 1, 0 [(0 [0xC004F014, 0, 0], [(?)(?)(?)(?)(?)(?)(?)(?)])(1 )(2 )(3 )] 44: b4bfe195-541e-4e64-ad23-6177f19e395e, 1, 0 [(0 [0xC004F014, 0, 0], [(?)(?)(?)(?)(?)(?)(?)(?)])(1 )(2 )(3 )] 45: b68e61d2-68ca-4757-be45-0cc2f3e68eee, 1, 0 [(0 [0xC004F014, 0, 0], [(?)(?)(?)(?)(?)(?)(?)(?)])(1 )(2 )(3 )] 46: bd3762d7-270d-4760-8fb3-d829ca45278a, 1, 0 [(0 [0xC004F014, 0, 0], [(?)(?)(?)(?)(?)(?)(?)(?)])(1 )(2 )(3 )] 47: c86d5194-4840-4dae-9c1c-0301003a5ab0, 1, 0 [(0 [0xC004F014, 0, 0], [(?)(?)(?)(?)(?)(?)(?)(?)])(1 )(2 )(3 )] 48: ca7df2e3-5ea0-47b8-9ac1-b1be4d8edd69, 1, 0 [(0 [0xC004F014, 0, 0], [(?)(?)(?)(?)(?)(?)(?)(?)])(1 )(2 )(3 )] 49: d552befb-48cc-4327-8f39-47d2d94f987c, 1, 0 [(0 [0xC004F014, 0, 0], [(?)(?)(?)(?)(?)(?)(?)(?)])(1 )(2 )(3 )] 50: d6eadb3b-5ca8-4a6b-986e-35b550756111, 1, 0 [(0 [0xC004F014, 0, 0], [(?)(?)(?)(?)(?)(?)(?)(?)])(1 )(2 )(3 )] 51: df96023b-dcd9-4be2-afa0-c6c871159ebe, 1, 0 [(0 [0xC004F014, 0, 0], [(?)(?)(?)(?)(?)(?)(?)(?)])(1 )(2 )(3 )] 52: e0c42288-980c-4788-a014-c080d2e1926e, 1, 0 [(0 [0xC004F014, 0, 0], [(?)(?)(?)(?)(?)(?)(?)(?)])(1 )(2 )(3 )] 53: e4db50ea-bda1-4566-b047-0ca50abc6f07, 1, 0 [(0 [0xC004F014, 0, 0], [(?)(?)(?)(?)(?)(?)(?)(?)])(1 )(2 )(3 )] 54: e558417a-5123-4f6f-91e7-385c1c7ca9d4, 1, 0 [(0 [0xC004F014, 0, 0], [(?)(?)(?)(?)(?)(?)(?)(?)])(1 )(2 )(3 )] 55: e7a950a2-e548-4f10-bf16-02ec848e0643, 1, 0 [(0 [0xC004F014, 0, 0], [(?)(?)(?)(?)(?)(?)(?)(?)])(1 )(2 )(3 )] 56: eb6d346f-1c60-4643-b960-40ec31596c45, 1, 0 [(0 [0xC004F014, 0, 0], [(?)(?)(?)(?)(?)(?)(?)(?)])(1 )(2 )(3 )] 57: ec868e65-fadf-4759-b23e-93fe37f2cc29, 1, 0 [(0 [0xC004F014, 0, 0], [(?)(?)(?)(?)(?)(?)(?)(?)])(1 )(2 )(3 )] 58: ef51e000-2659-4f25-8345-3de70a9cf4c4, 1, 0 [(0 [0xC004F014, 0, 0], [(?)(?)(?)(?)(?)(?)(?)(?)])(1 )(2 )(3 )] 59: f7af7d09-40e4-419c-a49b-eae366689ebd, 1, 0 [(0 [0xC004F014, 0, 0], [(?)(?)(?)(?)(?)(?)(?)(?)])(1 )(2 )(3 )] 60: fa755fe6-6739-40b9-8d84-6d0ea3b6d1ab, 1, 0 [(0 [0xC004F014, 0, 0], [(?)(?)(?)(?)(?)(?)(?)(?)])(1 )(2 )(3 )] 61: fe74f55b-0338-41d6-b267-4a201abe7285, 1, 0 [(0 [0xC004F014, 0, 0], [(?)(?)(?)(?)(?)(?)(?)(?)])(1 )(2 )(3 )]"
"9/8/2026 6:05:48 PM","1003","Information","Microsoft-Windows-Security-SPP","CRASHLAB-GOLD","The Software Protection service has completed licensing status check. Application Id=55c92734-d682-4d71-983e-d6ec3f16059f Licensing Status= 1: 01eb852c-424d-4060-94b8-c10d799d7364, 1, 0 [(0 [0xC004F014, 0, 0], [(?)(?)(?)(?)(?)(?)(?)(?)])(1 )(2 )(3 )] 2: 040fa323-92b1-4baf-97a2-5b67feaefddb, 1, 0 [(0 [0xC004F014, 0, 0], [(?)(?)(?)(?)(?)(?)(?)(?)])(1 )(2 )(3 )] 3: 0724cb7d-3437-4cb7-93cb-830375d0079d, 1, 0 [(0 [0xC004F014, 0, 0], [(?)(?)(?)(?)(?)(?)(?)(?)])(1 )(2 )(3 )] 4: 0ad2ac98-7bb9-4201-8d92-312299201369, 1, 0 [(0 [0xC004F014, 0, 0], [(?)(?)(?)(?)(?)(?)(?)(?)])(1 )(2 )(3 )] 5: 19de9b2f-0166-4abb-9534-56ea69a80edb, 1, 0 [(0 [0xC004F014, 0, 0], [(?)(?)(?)(?)(?)(?)(?)(?)])(1 )(2 )(3 )] 6: 1a9a717a-cf13-4ba5-83c3-0fe25fa868d5, 1, 0 [(0 [0xC004F014, 0, 0], [(?)(?)(?)(?)(?)(?)(?)(?)])(1 )(2 )(3 )] 7: 221a02da-e2a1-4b75-864c-0a4410a33fdf, 1, 0 [(0 [0xC004F014, 0, 0], [(?)(?)(?)(?)(?)(?)(?)(?)])(1 )(2 )(3 )] 8: 265f3fad-6a1c-4bdd-ae30-c75efa556ccb, 1, 0 [(0 [0xC004F014, 0, 0], [(?)(?)(?)(?)(?)(?)(?)(?)])(1 )(2 )(3 )] 9: 291ece0e-9c38-40ca-a9e1-32cc7ec19507, 1, 0 [(0 [0xC004F014, 0, 0], [(?)(?)(?)(?)(?)(?)(?)(?)])(1 )(2 )(3 )] 10: 2936d1d2-913a-4542-b54e-ce5a602a2a38, 1, 0 [(0 [0xC004F014, 0, 0], [(?)(?)(?)(?)(?)(?)(?)(?)])(1 )(2 )(3 )] 11: 2c293c26-a45a-4a2a-a350-c69a67097529, 1, 0 [(0 [0xC004F014, 0, 0], [(?)(?)(?)(?)(?)(?)(?)(?)])(1 )(2 )(3 )] 12: 2de67392-b7a7-462a-b1ca-108dd189f588, 1, 0 [(0 [0xC004F014, 0, 0], [(?)(?)(?)(?)(?)(?)(?)(?)])(1 )(2 )(3 )] 13: 2ffd8952-423e-4903-b993-72a1aa44cf82, 1, 0 [(0 [0xC004F014, 0, 0], [(?)(?)(?)(?)(?)(?)(?)(?)])(1 )(2 )(3 )] 14: 30a42c86-b7a0-4a34-8c90-ff177cb2acb7, 1, 0 [(0 [0xC004F014, 0, 0], [(?)(?)(?)(?)(?)(?)(?)(?)])(1 )(2 )(3 )] 15: 345a5db0-d94f-4e3b-a0c0-7c42f7bc3ebf, 1, 0 [(0 [0xC004F014, 0, 0], [(?)(?)(?)(?)(?)(?)(?)(?)])(1 )(2 )(3 )] 16: 3502365a-f88a-4ba4-822a-5769d3073b65, 1, 0 [(0 [0xC004F014, 0, 0], [(?)(?)(?)(?)(?)(?)(?)(?)])(1 )(2 )(3 )] 17: 377333b1-8b5d-48d6-9679-1225c872d37c, 1, 0 [(0 [0xC004F014, 0, 0], [(?)(?)(?)(?)(?)(?)(?)(?)])(1 )(2 )(3 )] 18: 3df374ef-d444-4494-a5a1-4b0d9fd0e203, 1, 0 [(0 [0xC004F014, 0, 0], [(?)(?)(?)(?)(?)(?)(?)(?)])(1 )(2 )(3 )] 19: 3ebce241-ea87-4946-8a4f-80d00e921dff, 1, 0 [(0 [0xC004F014, 0, 0], [(?)(?)(?)(?)(?)(?)(?)(?)])(1 )(2 )(3 )] 20: 3f1afc82-f8ac-4f6c-8005-1d233e606eee, 1, 0 [(0 [0xC004F014, 0, 0], [(?)(?)(?)(?)(?)(?)(?)(?)])(1 )(2 )(3 )] 21: 4322a811-697c-44dc-865e-3e2fdcb86009, 1, 0 [(0 [0xC004F014, 0, 0], [(?)(?)(?)(?)(?)(?)(?)(?)])(1 )(2 )(3 )] 22: 49cd895b-53b2-4dc4-a5f7-b18aa019ad37, 1, 0 [(0 [0xC004F014, 0, 0], [(?)(?)(?)(?)(?)(?)(?)(?)])(1 )(2 )(3 )] 23: 4de7cb65-cdf1-4de9-8ae8-e3cce27b9f2c, 1, 1 [(0 )(1 )(2 [0xC004E003, 0, 0], [( 1 0xC004F034)( 1 0xC004F034)(?)(?)(?)(?)(?)(?)])(3 [0x00000000, 0, 0], [( 6 0xC004F009 0 0)( 1 0x00000000)( 6 0xC004F009 0 0)(?)(?)(?)( 10 0x00000000 msft:rm/algorithm/flags/1.0)( 11 0x00000000 0xC004F034)])] 24: 4f3da0d2-271d-4508-ae81-626b60809a38, 1, 0 [(0 [0xC004F014, 0, 0], [(?)(?)(?)(?)(?)(?)(?)(?)])(1 )(2 )(3 )] 25: 5d78c4e9-aeb3-4b40-8ac2-6a6005e0ad6d, 1, 0 [(0 [0xC004F014, 0, 0], [(?)(?)(?)(?)(?)(?)(?)(?)])(1 )(2 )(3 )] 26: 60b3ec1b-9545-4921-821f-311b129dd6f6, 1, 0 [(0 [0xC004F014, 0, 0], [(?)(?)(?)(?)(?)(?)(?)(?)])(1 )(2 )(3 )] 27: 613d217f-7f13-4268-9907-1662339531cd, 1, 0 [(0 [0xC004F014, 0, 0], [(?)(?)(?)(?)(?)(?)(?)(?)])(1 )(2 )(3 )] 28: 62f0c100-9c53-4e02-b886-a3528ddfe7f6, 1, 0 [(0 [0xC004F014, 0, 0], [(?)(?)(?)(?)(?)(?)(?)(?)])(1 )(2 )(3 )] 29: 6365275e-368d-46ca-a0ef-fc0404119333, 1, 0 [(0 [0xC004F014, 0, 0], [(?)(?)(?)(?)(?)(?)(?)(?)])(1 )(2 )(3 )] 30: 721f9237-9341-4453-a661-09e8baa6cca5, 1, 0 [(0 [0xC004F014, 0, 0], [(?)(?)(?)(?)(?)(?)(?)(?)])(1 )(2 )(3 )] 31: 73111121-5638-40f6-bc11-f1d7b0d64300, 1, 0 [(0 [0xC004F014, 0, 0], [(?)(?)(?)(?)(?)(?)(?)(?)])(1 )(2 )(3 )] 32: 7a802526-4c94-4bd1-ba14-835a1aca2120, 1, 0 [(0 [0xC004F014, 0, 0], [(?)(?)(?)(?)(?)(?)(?)(?)])(1 )(2 )(3 )] 33: 7cb546c0-c7d5-44d8-9a5c-69ecdd782b69, 1, 0 [(0 [0xC004F014, 0, 0], [(?)(?)(?)(?)(?)(?)(?)(?)])(1 )(2 )(3 )] 34: 80083eae-7031-4394-9e88-4901973d56fe, 1, 0 [(0 [0xC004F014, 0, 0], [(?)(?)(?)(?)(?)(?)(?)(?)])(1 )(2 )(3 )] 35: 82bbc092-bc50-4e16-8e18-b74fc486aec3, 1, 0 [(0 [0xC004F014, 0, 0], [(?)(?)(?)(?)(?)(?)(?)(?)])(1 )(2 )(3 )] 36: 8ab9bdd1-1f67-4997-82d9-8878520837d9, 1, 0 [(0 [0xC004F014, 0, 0], [(?)(?)(?)(?)(?)(?)(?)(?)])(1 )(2 )(3 )] 37: 8b351c9c-f398-4515-9900-09df49427262, 1, 0 [(0 [0xC004F014, 0, 0], [(?)(?)(?)(?)(?)(?)(?)(?)])(1 )(2 )(3 )] 38: 90da7373-1c51-430b-bf26-c97e9c5cdc31, 1, 0 [(0 [0xC004F014, 0, 0], [(?)(?)(?)(?)(?)(?)(?)(?)])(1 )(2 )(3 )] 39: 92fb8726-92a8-4ffc-94ce-f82e07444653, 1, 0 [(0 [0xC004F014, 0, 0], [(?)(?)(?)(?)(?)(?)(?)(?)])(1 )(2 )(3 )] 40: 95dca82f-385d-4d39-b85b-5c73fa285d6f, 1, 0 [(0 [0xC004F014, 0, 0], [(?)(?)(?)(?)(?)(?)(?)(?)])(1 )(2 )(3 )] 41: 97cde3ae-e908-4b59-ac96-a17645c5b57e, 1, 0 [(0 [0xC004F014, 0, 0], [(?)(?)(?)(?)(?)(?)(?)(?)])(1 )(2 )(3 )] 42: a48938aa-62fa-4966-9d44-9f04da3f72f2, 1, 0 [(0 [0xC004F014, 0, 0], [(?)(?)(?)(?)(?)(?)(?)(?)])(1 )(2 )(3 )] 43: b0773a15-df3a-4312-9ad2-83d69648e356, 1, 0 [(0 [0xC004F014, 0, 0], [(?)(?)(?)(?)(?)(?)(?)(?)])(1 )(2 )(3 )] 44: b4bfe195-541e-4e64-ad23-6177f19e395e, 1, 0 [(0 [0xC004F014, 0, 0], [(?)(?)(?)(?)(?)(?)(?)(?)])(1 )(2 )(3 )] 45: b68e61d2-68ca-4757-be45-0cc2f3e68eee, 1, 0 [(0 [0xC004F014, 0, 0], [(?)(?)(?)(?)(?)(?)(?)(?)])(1 )(2 )(3 )] 46: bd3762d7-270d-4760-8fb3-d829ca45278a, 1, 0 [(0 [0xC004F014, 0, 0], [(?)(?)(?)(?)(?)(?)(?)(?)])(1 )(2 )(3 )] 47: c86d5194-4840-4dae-9c1c-0301003a5ab0, 1, 0 [(0 [0xC004F014, 0, 0], [(?)(?)(?)(?)(?)(?)(?)(?)])(1 )(2 )(3 )] 48: ca7df2e3-5ea0-47b8-9ac1-b1be4d8edd69, 1, 0 [(0 [0xC004F014, 0, 0], [(?)(?)(?)(?)(?)(?)(?)(?)])(1 )(2 )(3 )] 49: d552befb-48cc-4327-8f39-47d2d94f987c, 1, 0 [(0 [0xC004F014, 0, 0], [(?)(?)(?)(?)(?)(?)(?)(?)])(1 )(2 )(3 )] 50: d6eadb3b-5ca8-4a6b-986e-35b550756111, 1, 0 [(0 [0xC004F014, 0, 0], [(?)(?)(?)(?)(?)(?)(?)(?)])(1 )(2 )(3 )] 51: df96023b-dcd9-4be2-afa0-c6c871159ebe, 1, 0 [(0 [0xC004F014, 0, 0], [(?)(?)(?)(?)(?)(?)(?)(?)])(1 )(2 )(3 )] 52: e0c42288-980c-4788-a014-c080d2e1926e, 1, 0 [(0 [0xC004F014, 0, 0], [(?)(?)(?)(?)(?)(?)(?)(?)])(1 )(2 )(3 )] 53: e4db50ea-bda1-4566-b047-0ca50abc6f07, 1, 0 [(0 [0xC004F014, 0, 0], [(?)(?)(?)(?)(?)(?)(?)(?)])(1 )(2 )(3 )] 54: e558417a-5123-4f6f-91e7-385c1c7ca9d4, 1, 0 [(0 [0xC004F014, 0, 0], [(?)(?)(?)(?)(?)(?)(?)(?)])(1 )(2 )(3 )] 55: e7a950a2-e548-4f10-bf16-02ec848e0643, 1, 0 [(0 [0xC004F014, 0, 0], [(?)(?)(?)(?)(?)(?)(?)(?)])(1 )(2 )(3 )] 56: eb6d346f-1c60-4643-b960-40ec31596c45, 1, 0 [(0 [0xC004F014, 0, 0], [(?)(?)(?)(?)(?)(?)(?)(?)])(1 )(2 )(3 )] 57: ec868e65-fadf-4759-b23e-93fe37f2cc29, 1, 0 [(0 [0xC004F014, 0, 0], [(?)(?)(?)(?)(?)(?)(?)(?)])(1 )(2 )(3 )] 58: ef51e000-2659-4f25-8345-3de70a9cf4c4, 1, 0 [(0 [0xC004F014, 0, 0], [(?)(?)(?)(?)(?)(?)(?)(?)])(1 )(2 )(3 )] 59: f7af7d09-40e4-419c-a49b-eae366689ebd, 1, 0 [(0 [0xC004F014, 0, 0], [(?)(?)(?)(?)(?)(?)(?)(?)])(1 )(2 )(3 )] 60: fa755fe6-6739-40b9-8d84-6d0ea3b6d1ab, 1, 0 [(0 [0xC004F014, 0, 0], [(?)(?)(?)(?)(?)(?)(?)(?)])(1 )(2 )(3 )] 61: fe74f55b-0338-41d6-b267-4a201abe7285, 1, 0 [(0 [0xC004F014, 0, 0], [(?)(?)(?)(?)(?)(?)(?)(?)])(1 )(2 )(3 )]"
"9/8/2026 6:05:47 PM","24","Warning","Microsoft-Windows-AppModel-State","CRASHLAB-GOLD","Repair of state locations for operation InitializeDataChangedSignaler against package Microsoft.LockApp_cw5n1h2txyewy with error -2147024894 returned Error Code: 0"
"9/8/2026 6:05:47 PM","23","Warning","Microsoft-Windows-AppModel-State","CRASHLAB-GOLD","Triggered repair of state locations because operation InitializeDataChangedSignaler against package Microsoft.LockApp_cw5n1h2txyewy hit error -2147024894."
"9/8/2026 6:05:46 PM","1003","Information","Microsoft-Windows-Search","CRASHLAB-GOLD","The Windows Search Service started."
"9/8/2026 6:05:39 PM","6000","Information","Microsoft-Windows-Winlogon","CRASHLAB-GOLD","The winlogon notification subscriber <SessionEnv> was unavailable to handle a notification event."
"9/8/2026 6:05:38 PM","6003","Information","Microsoft-Windows-Winlogon","CRASHLAB-GOLD","The winlogon notification subscriber <SessionEnv> was unavailable to handle a critical notification event."
"9/8/2026 6:05:37 PM","902","Information","Microsoft-Windows-Security-SPP","CRASHLAB-GOLD","The Software Protection service has started. 10.0.26100.8036"
"9/8/2026 6:05:37 PM","1003","Information","Microsoft-Windows-Security-SPP","CRASHLAB-GOLD","The Software Protection service has completed licensing status check. Application Id=55c92734-d682-4d71-983e-d6ec3f16059f Licensing Status= 1: 01eb852c-424d-4060-94b8-c10d799d7364, 1, 0 [(0 [0xC004F014, 0, 0], [(?)(?)(?)(?)(?)(?)(?)(?)])(1 )(2 )(3 )] 2: 040fa323-92b1-4baf-97a2-5b67feaefddb, 1, 0 [(0 [0xC004F014, 0, 0], [(?)(?)(?)(?)(?)(?)(?)(?)])(1 )(2 )(3 )] 3: 0724cb7d-3437-4cb7-93cb-830375d0079d, 1, 0 [(0 [0xC004F014, 0, 0], [(?)(?)(?)(?)(?)(?)(?)(?)])(1 )(2 )(3 )] 4: 0ad2ac98-7bb9-4201-8d92-312299201369, 1, 0 [(0 [0xC004F014, 0, 0], [(?)(?)(?)(?)(?)(?)(?)(?)])(1 )(2 )(3 )] 5: 19de9b2f-0166-4abb-9534-56ea69a80edb, 1, 0 [(0 [0xC004F014, 0, 0], [(?)(?)(?)(?)(?)(?)(?)(?)])(1 )(2 )(3 )] 6: 1a9a717a-cf13-4ba5-83c3-0fe25fa868d5, 1, 0 [(0 [0xC004F014, 0, 0], [(?)(?)(?)(?)(?)(?)(?)(?)])(1 )(2 )(3 )] 7: 221a02da-e2a1-4b75-864c-0a4410a33fdf, 1, 0 [(0 [0xC004F014, 0, 0], [(?)(?)(?)(?)(?)(?)(?)(?)])(1 )(2 )(3 )] 8: 265f3fad-6a1c-4bdd-ae30-c75efa556ccb, 1, 0 [(0 [0xC004F014, 0, 0], [(?)(?)(?)(?)(?)(?)(?)(?)])(1 )(2 )(3 )] 9: 291ece0e-9c38-40ca-a9e1-32cc7ec19507, 1, 0 [(0 [0xC004F014, 0, 0], [(?)(?)(?)(?)(?)(?)(?)(?)])(1 )(2 )(3 )] 10: 2936d1d2-913a-4542-b54e-ce5a602a2a38, 1, 0 [(0 [0xC004F014, 0, 0], [(?)(?)(?)(?)(?)(?)(?)(?)])(1 )(2 )(3 )] 11: 2c293c26-a45a-4a2a-a350-c69a67097529, 1, 0 [(0 [0xC004F014, 0, 0], [(?)(?)(?)(?)(?)(?)(?)(?)])(1 )(2 )(3 )] 12: 2de67392-b7a7-462a-b1ca-108dd189f588, 1, 0 [(0 [0xC004F014, 0, 0], [(?)(?)(?)(?)(?)(?)(?)(?)])(1 )(2 )(3 )] 13: 2ffd8952-423e-4903-b993-72a1aa44cf82, 1, 0 [(0 [0xC004F014, 0, 0], [(?)(?)(?)(?)(?)(?)(?)(?)])(1 )(2 )(3 )] 14: 30a42c86-b7a0-4a34-8c90-ff177cb2acb7, 1, 0 [(0 [0xC004F014, 0, 0], [(?)(?)(?)(?)(?)(?)(?)(?)])(1 )(2 )(3 )] 15: 345a5db0-d94f-4e3b-a0c0-7c42f7bc3ebf, 1, 0 [(0 [0xC004F014, 0, 0], [(?)(?)(?)(?)(?)(?)(?)(?)])(1 )(2 )(3 )] 16: 3502365a-f88a-4ba4-822a-5769d3073b65, 1, 0 [(0 [0xC004F014, 0, 0], [(?)(?)(?)(?)(?)(?)(?)(?)])(1 )(2 )(3 )] 17: 377333b1-8b5d-48d6-9679-1225c872d37c, 1, 0 [(0 [0xC004F014, 0, 0], [(?)(?)(?)(?)(?)(?)(?)(?)])(1 )(2 )(3 )] 18: 3df374ef-d444-4494-a5a1-4b0d9fd0e203, 1, 0 [(0 [0xC004F014, 0, 0], [(?)(?)(?)(?)(?)(?)(?)(?)])(1 )(2 )(3 )] 19: 3ebce241-ea87-4946-8a4f-80d00e921dff, 1, 0 [(0 [0xC004F014, 0, 0], [(?)(?)(?)(?)(?)(?)(?)(?)])(1 )(2 )(3 )] 20: 3f1afc82-f8ac-4f6c-8005-1d233e606eee, 1, 0 [(0 [0xC004F014, 0, 0], [(?)(?)(?)(?)(?)(?)(?)(?)])(1 )(2 )(3 )] 21: 4322a811-697c-44dc-865e-3e2fdcb86009, 1, 0 [(0 [0xC004F014, 0, 0], [(?)(?)(?)(?)(?)(?)(?)(?)])(1 )(2 )(3 )] 22: 49cd895b-53b2-4dc4-a5f7-b18aa019ad37, 1, 0 [(0 [0xC004F014, 0, 0], [(?)(?)(?)(?)(?)(?)(?)(?)])(1 )(2 )(3 )] 23: 4de7cb65-cdf1-4de9-8ae8-e3cce27b9f2c, 1, 0 [(0 )(1 )(2 [0xC004E003, 0, 0], [( 1 0xC004F034)( 1 0xC004F034)(?)(?)(?)(?)(?)(?)])(3 [0x00000000, 0, 0], [( 6 0xC004F009 0 0)( 1 0x00000000)( 6 0xC004F009 0 0)(?)(?)(?)( 10 0x00000000 msft:rm/algorithm/flags/1.0)( 11 0x00000000 0xC004F034)])] 24: 4f3da0d2-271d-4508-ae81-626b60809a38, 1, 0 [(0 [0xC004F014, 0, 0], [(?)(?)(?)(?)(?)(?)(?)(?)])(1 )(2 )(3 )] 25: 5d78c4e9-aeb3-4b40-8ac2-6a6005e0ad6d, 1, 0 [(0 [0xC004F014, 0, 0], [(?)(?)(?)(?)(?)(?)(?)(?)])(1 )(2 )(3 )] 26: 60b3ec1b-9545-4921-821f-311b129dd6f6, 1, 0 [(0 [0xC004F014, 0, 0], [(?)(?)(?)(?)(?)(?)(?)(?)])(1 )(2 )(3 )] 27: 613d217f-7f13-4268-9907-1662339531cd, 1, 0 [(0 [0xC004F014, 0, 0], [(?)(?)(?)(?)(?)(?)(?)(?)])(1 )(2 )(3 )] 28: 62f0c100-9c53-4e02-b886-a3528ddfe7f6, 1, 0 [(0 [0xC004F014, 0, 0], [(?)(?)(?)(?)(?)(?)(?)(?)])(1 )(2 )(3 )] 29: 6365275e-368d-46ca-a0ef-fc0404119333, 1, 0 [(0 [0xC004F014, 0, 0], [(?)(?)(?)(?)(?)(?)(?)(?)])(1 )(2 )(3 )] 30: 721f9237-9341-4453-a661-09e8baa6cca5, 1, 0 [(0 [0xC004F014, 0, 0], [(?)(?)(?)(?)(?)(?)(?)(?)])(1 )(2 )(3 )] 31: 73111121-5638-40f6-bc11-f1d7b0d64300, 1, 0 [(0 [0xC004F014, 0, 0], [(?)(?)(?)(?)(?)(?)(?)(?)])(1 )(2 )(3 )] 32: 7a802526-4c94-4bd1-ba14-835a1aca2120, 1, 0 [(0 [0xC004F014, 0, 0], [(?)(?)(?)(?)(?)(?)(?)(?)])(1 )(2 )(3 )] 33: 7cb546c0-c7d5-44d8-9a5c-69ecdd782b69, 1, 0 [(0 [0xC004F014, 0, 0], [(?)(?)(?)(?)(?)(?)(?)(?)])(1 )(2 )(3 )] 34: 80083eae-7031-4394-9e88-4901973d56fe, 1, 0 [(0 [0xC004F014, 0, 0], [(?)(?)(?)(?)(?)(?)(?)(?)])(1 )(2 )(3 )] 35: 82bbc092-bc50-4e16-8e18-b74fc486aec3, 1, 0 [(0 [0xC004F014, 0, 0], [(?)(?)(?)(?)(?)(?)(?)(?)])(1 )(2 )(3 )] 36: 8ab9bdd1-1f67-4997-82d9-8878520837d9, 1, 0 [(0 [0xC004F014, 0, 0], [(?)(?)(?)(?)(?)(?)(?)(?)])(1 )(2 )(3 )] 37: 8b351c9c-f398-4515-9900-09df49427262, 1, 0 [(0 [0xC004F014, 0, 0], [(?)(?)(?)(?)(?)(?)(?)(?)])(1 )(2 )(3 )] 38: 90da7373-1c51-430b-bf26-c97e9c5cdc31, 1, 0 [(0 [0xC004F014, 0, 0], [(?)(?)(?)(?)(?)(?)(?)(?)])(1 )(2 )(3 )] 39: 92fb8726-92a8-4ffc-94ce-f82e07444653, 1, 0 [(0 [0xC004F014, 0, 0], [(?)(?)(?)(?)(?)(?)(?)(?)])(1 )(2 )(3 )] 40: 95dca82f-385d-4d39-b85b-5c73fa285d6f, 1, 0 [(0 [0xC004F014, 0, 0], [(?)(?)(?)(?)(?)(?)(?)(?)])(1 )(2 )(3 )] 41: 97cde3ae-e908-4b59-ac96-a17645c5b57e, 1, 0 [(0 [0xC004F014, 0, 0], [(?)(?)(?)(?)(?)(?)(?)(?)])(1 )(2 )(3 )] 42: a48938aa-62fa-4966-9d44-9f04da3f72f2, 1, 0 [(0 [0xC004F014, 0, 0], [(?)(?)(?)(?)(?)(?)(?)(?)])(1 )(2 )(3 )] 43: b0773a15-df3a-4312-9ad2-83d69648e356, 1, 0 [(0 [0xC004F014, 0, 0], [(?)(?)(?)(?)(?)(?)(?)(?)])(1 )(2 )(3 )] 44: b4bfe195-541e-4e64-ad23-6177f19e395e, 1, 0 [(0 [0xC004F014, 0, 0], [(?)(?)(?)(?)(?)(?)(?)(?)])(1 )(2 )(3 )] 45: b68e61d2-68ca-4757-be45-0cc2f3e68eee, 1, 0 [(0 [0xC004F014, 0, 0], [(?)(?)(?)(?)(?)(?)(?)(?)])(1 )(2 )(3 )] 46: bd3762d7-270d-4760-8fb3-d829ca45278a, 1, 0 [(0 [0xC004F014, 0, 0], [(?)(?)(?)(?)(?)(?)(?)(?)])(1 )(2 )(3 )] 47: c86d5194-4840-4dae-9c1c-0301003a5ab0, 1, 0 [(0 [0xC004F014, 0, 0], [(?)(?)(?)(?)(?)(?)(?)(?)])(1 )(2 )(3 )] 48: ca7df2e3-5ea0-47b8-9ac1-b1be4d8edd69, 1, 0 [(0 [0xC004F014, 0, 0], [(?)(?)(?)(?)(?)(?)(?)(?)])(1 )(2 )(3 )] 49: d552befb-48cc-4327-8f39-47d2d94f987c, 1, 0 [(0 [0xC004F014, 0, 0], [(?)(?)(?)(?)(?)(?)(?)(?)])(1 )(2 )(3 )] 50: d6eadb3b-5ca8-4a6b-986e-35b550756111, 1, 0 [(0 [0xC004F014, 0, 0], [(?)(?)(?)(?)(?)(?)(?)(?)])(1 )(2 )(3 )] 51: df96023b-dcd9-4be2-afa0-c6c871159ebe, 1, 0 [(0 [0xC004F014, 0, 0], [(?)(?)(?)(?)(?)(?)(?)(?)])(1 )(2 )(3 )] 52: e0c42288-980c-4788-a014-c080d2e1926e, 1, 0 [(0 [0xC004F014, 0, 0], [(?)(?)(?)(?)(?)(?)(?)(?)])(1 )(2 )(3 )] 53: e4db50ea-bda1-4566-b047-0ca50abc6f07, 1, 0 [(0 [0xC004F014, 0, 0], [(?)(?)(?)(?)(?)(?)(?)(?)])(1 )(2 )(3 )] 54: e558417a-5123-4f6f-91e7-385c1c7ca9d4, 1, 0 [(0 [0xC004F014, 0, 0], [(?)(?)(?)(?)(?)(?)(?)(?)])(1 )(2 )(3 )] 55: e7a950a2-e548-4f10-bf16-02ec848e0643, 1, 0 [(0 [0xC004F014, 0, 0], [(?)(?)(?)(?)(?)(?)(?)(?)])(1 )(2 )(3 )] 56: eb6d346f-1c60-4643-b960-40ec31596c45, 1, 0 [(0 [0xC004F014, 0, 0], [(?)(?)(?)(?)(?)(?)(?)(?)])(1 )(2 )(3 )] 57: ec868e65-fadf-4759-b23e-93fe37f2cc29, 1, 0 [(0 [0xC004F014, 0, 0], [(?)(?)(?)(?)(?)(?)(?)(?)])(1 )(2 )(3 )] 58: ef51e000-2659-4f25-8345-3de70a9cf4c4, 1, 0 [(0 [0xC004F014, 0, 0], [(?)(?)(?)(?)(?)(?)(?)(?)])(1 )(2 )(3 )] 59: f7af7d09-40e4-419c-a49b-eae366689ebd, 1, 0 [(0 [0xC004F014, 0, 0], [(?)(?)(?)(?)(?)(?)(?)(?)])(1 )(2 )(3 )] 60: fa755fe6-6739-40b9-8d84-6d0ea3b6d1ab, 1, 0 [(0 [0xC004F014, 0, 0], [(?)(?)(?)(?)(?)(?)(?)(?)])(1 )(2 )(3 )] 61: fe74f55b-0338-41d6-b267-4a201abe7285, 1, 0 [(0 [0xC004F014, 0, 0], [(?)(?)(?)(?)(?)(?)(?)(?)])(1 )(2 )(3 )]"
"9/8/2026 6:05:37 PM","1034","Information","Microsoft-Windows-Security-SPP","CRASHLAB-GOLD","Duplicate definition of policy found. Policy name=Security-SPP-WriteWauMarker Priority=500"
"9/8/2026 6:05:37 PM","1034","Information","Microsoft-Windows-Security-SPP","CRASHLAB-GOLD","Duplicate definition of policy found. Policy name=AAD-AddDeviceJoinUserToAdminGroup-Policy Priority=100"
"9/8/2026 6:05:37 PM","1034","Information","Microsoft-Windows-Security-SPP","CRASHLAB-GOLD","Duplicate definition of policy found. Policy name=AAD-AddDeviceJoinUserToAdminGroup-Policy Priority=100"
"9/8/2026 6:05:37 PM","1034","Information","Microsoft-Windows-Security-SPP","CRASHLAB-GOLD","Duplicate definition of policy found. Policy name=AAD-AddDeviceJoinUserToAdminGroup-Policy Priority=100"
"9/8/2026 6:05:37 PM","1034","Information","Microsoft-Windows-Security-SPP","CRASHLAB-GOLD","Duplicate definition of policy found. Policy name=AAD-AddDeviceJoinUserToAdminGroup-Policy Priority=100"
"9/8/2026 6:05:37 PM","1034","Information","Microsoft-Windows-Security-SPP","CRASHLAB-GOLD","Duplicate definition of policy found. Policy name=AAD-AddDeviceJoinUserToAdminGroup-Policy Priority=100"
"9/8/2026 6:05:37 PM","1034","Information","Microsoft-Windows-Security-SPP","CRASHLAB-GOLD","Duplicate definition of policy found. Policy name=AAD-AddDeviceJoinUserToAdminGroup-Policy Priority=100"
"9/8/2026 6:05:37 PM","1034","Information","Microsoft-Windows-Security-SPP","CRASHLAB-GOLD","Duplicate definition of policy found. Policy name=AAD-AddDeviceJoinUserToAdminGroup-Policy Priority=100"
"9/8/2026 6:05:37 PM","1034","Information","Microsoft-Windows-Security-SPP","CRASHLAB-GOLD","Duplicate definition of policy found. Policy name=AAD-AddDeviceJoinUserToAdminGroup-Policy Priority=100"
"9/8/2026 6:05:37 PM","1034","Information","Microsoft-Windows-Security-SPP","CRASHLAB-GOLD","Duplicate definition of policy found. Policy name=AAD-AddDeviceJoinUserToAdminGroup-Policy Priority=100"
"9/8/2026 6:05:37 PM","1034","Information","Microsoft-Windows-Security-SPP","CRASHLAB-GOLD","Duplicate definition of policy found. Policy name=AAD-AddDeviceJoinUserToAdminGroup-Policy Priority=100"
"9/8/2026 6:05:37 PM","1034","Information","Microsoft-Windows-Security-SPP","CRASHLAB-GOLD","Duplicate definition of policy found. Policy name=AAD-AddDeviceJoinUserToAdminGroup-Policy Priority=100"
"9/8/2026 6:05:35 PM","5617","Information","Microsoft-Windows-WMI","CRASHLAB-GOLD","Windows Management Instrumentation Service subsystems initialized successfully"
"9/8/2026 6:05:36 PM","1066","Information","Microsoft-Windows-Security-SPP","CRASHLAB-GOLD","Initialization status for service objects. C:\WINDOWS\system32\sppwinob.dll, msft:spp/windowsfunctionality/agent/7.0, 0x00000000, 0x00000000 C:\WINDOWS\system32\sppobjs.dll, msft:rm/algorithm/inherited/1.0, 0x00000000, 0x00000000 C:\WINDOWS\system32\sppobjs.dll, msft:rm/algorithm/phone/1.0, 0x00000000, 0x00000000 C:\WINDOWS\system32\sppobjs.dll, msft:rm/algorithm/pkey/detect, 0x00000000, 0x00000000 C:\WINDOWS\system32\sppobjs.dll, msft:spp/ActionScheduler/1.0, 0x00000000, 0x00000000 C:\WINDOWS\system32\sppobjs.dll, msft:spp/TaskScheduler/1.0, 0x00000000, 0x00000000 C:\WINDOWS\system32\sppobjs.dll, msft:spp/statecollector/pkey, 0x00000000, 0x00000000 C:\WINDOWS\system32\sppobjs.dll, msft:spp/volume/services/kms/1.0, 0x00000000, 0x00000000 C:\WINDOWS\system32\sppobjs.dll, msft:spp/volume/services/kms/activationinfo/1.0, 0x00000000, 0x00000000"
"9/8/2026 6:05:36 PM","16394","Information","Microsoft-Windows-Security-SPP","CRASHLAB-GOLD","Offline downlevel migration succeeded."
"9/8/2026 6:05:36 PM","900","Information","Microsoft-Windows-Security-SPP","CRASHLAB-GOLD","The Software Protection service is starting. Parameters:TriggerStarted:6"
"9/8/2026 6:05:35 PM","5615","Information","Microsoft-Windows-WMI","CRASHLAB-GOLD","Windows Management Instrumentation Service started sucessfully"
"9/8/2026 6:05:34 PM","1531","Information","Microsoft-Windows-User Profiles Service","CRASHLAB-GOLD","The User Profile Service has started successfully."
"9/8/2026 6:05:14 PM","1532","Information","Microsoft-Windows-User Profiles Service","CRASHLAB-GOLD","The User Profile Service has stopped."
"9/8/2026 6:05:14 PM","1130","Information",".NET Runtime Optimization Service","CRASHLAB-GOLD",".NET Runtime Optimization Service (4.0.30319.0) - Installed from repository: mscorlib"
"9/8/2026 6:05:14 PM","1130","Information",".NET Runtime Optimization Service","CRASHLAB-GOLD",".NET Runtime Optimization Service (4.0.30319.0) - Installed from repository: mscorlib"
"9/8/2026 6:05:05 PM","6000","Information","Microsoft-Windows-Winlogon","CRASHLAB-GOLD","The winlogon notification subscriber <SessionEnv> was unavailable to handle a notification event."
"9/8/2026 6:05:05 PM","6000","Information","Microsoft-Windows-Winlogon","CRASHLAB-GOLD","The winlogon notification subscriber <WSearch> was unavailable to handle a notification event."
"9/8/2026 6:04:56 PM","10001","Information","Microsoft-Windows-RestartManager","CRASHLAB-GOLD","Ending session 0 started ‎2026‎-‎09‎-‎09T01:04:55.988013400Z."
"9/8/2026 6:04:56 PM","10005","Information","Microsoft-Windows-RestartManager","CRASHLAB-GOLD","Machine restart is required."
"9/8/2026 6:04:55 PM","10010","Warning","Microsoft-Windows-RestartManager","CRASHLAB-GOLD","Application 'C:\Windows\System32\WindowsPowerShell\v1.0\powershell.exe' (pid 10060) cannot be restarted - Application SID does not match Conductor SID.."
"9/8/2026 6:04:55 PM","10000","Information","Microsoft-Windows-RestartManager","CRASHLAB-GOLD","Starting session 0 - ‎2026‎-‎09‎-‎09T01:04:55.988013400Z."
"9/8/2026 6:04:19 PM","2562",,"Microsoft-Windows-AppXDeploymentServer/Operational","CRASHLAB-GOLD",""
"9/8/2026 6:04:04 PM","16384","Information","Microsoft-Windows-Security-SPP","CRASHLAB-GOLD","Successfully scheduled Software Protection service for re-start at 2026-09-10T01:00:04Z. Reason: RulesEngine."
"9/8/2026 6:03:38 PM","16394","Information","Microsoft-Windows-Security-SPP","CRASHLAB-GOLD","Offline downlevel migration succeeded."
"9/8/2026 6:03:37 PM","16384","Information","Microsoft-Windows-Security-SPP","CRASHLAB-GOLD","Successfully scheduled Software Protection service for re-start at 2026-09-10T01:00:37Z. Reason: RulesEngine."
"9/8/2026 6:02:26 PM","15","Information","SecurityCenter","CRASHLAB-GOLD","Updated Windows Defender status successfully to SECURITY_PRODUCT_STATE_ON."
"9/8/2026 6:02:24 PM","1","Information","SecurityCenter","CRASHLAB-GOLD","The Windows Security Center Service has started."
"9/8/2026 6:02:23 PM","16394","Information","Microsoft-Windows-Security-SPP","CRASHLAB-GOLD","Offline downlevel migration succeeded."
"9/8/2026 6:02:23 PM","900","Information","Microsoft-Windows-Security-SPP","CRASHLAB-GOLD","The Software Protection service is starting. Parameters:<explicit>"
"9/8/2026 6:02:22 PM","0","Information","edgeupdate","CRASHLAB-GOLD","Service stopped."
"9/8/2026 6:01:24 PM","256","Information","Edge","CRASHLAB-GOLD","[8640:8876:0908/180124.961:INFO:chrome\browser\extensions\extension_garbage_collector.cc:188] Garbage collection for extensions on file thread is complete."
"9/8/2026 6:01:15 PM","903","Information","Microsoft-Windows-Security-SPP","CRASHLAB-GOLD","The Software Protection service has stopped."
"9/8/2026 6:01:15 PM","16384","Information","Microsoft-Windows-Security-SPP","CRASHLAB-GOLD","Successfully scheduled Software Protection service for re-start at 2026-09-10T01:00:15Z. Reason: RulesEngine."
"9/8/2026 6:01:04 PM","5617","Information","Microsoft-Windows-WMI","CRASHLAB-GOLD","Windows Management Instrumentation Service subsystems initialized successfully"
"9/8/2026 6:00:54 PM","8198","Error","Microsoft-Windows-Security-SPP","CRASHLAB-GOLD","License Activation (slui.exe) failed with the following error code: hr=0x803F7001 Command-line arguments: RuleId=31e71c49-8da7-4a2f-ad92-45d98a1c79ba;Action=AutoActivate;AppId=55c92734-d682-4d71-983e-d6ec3f16059f;SkuId=4de7cb65-cdf1-4de9-8ae8-e3cce27b9f2c;NotificationInterval=1440;Trigger=UserLogon;SessionId=1"
"9/8/2026 6:00:54 PM","1003","Information","Microsoft-Windows-Security-SPP","CRASHLAB-GOLD","The Software Protection service has completed licensing status check. Application Id=55c92734-d682-4d71-983e-d6ec3f16059f Licensing Status= 1: 01eb852c-424d-4060-94b8-c10d799d7364, 1, 0 [(0 [0xC004F014, 0, 0], [(?)(?)(?)(?)(?)(?)(?)(?)])(1 )(2 )(3 )] 2: 040fa323-92b1-4baf-97a2-5b67feaefddb, 1, 0 [(0 [0xC004F014, 0, 0], [(?)(?)(?)(?)(?)(?)(?)(?)])(1 )(2 )(3 )] 3: 0724cb7d-3437-4cb7-93cb-830375d0079d, 1, 0 [(0 [0xC004F014, 0, 0], [(?)(?)(?)(?)(?)(?)(?)(?)])(1 )(2 )(3 )] 4: 0ad2ac98-7bb9-4201-8d92-312299201369, 1, 0 [(0 [0xC004F014, 0, 0], [(?)(?)(?)(?)(?)(?)(?)(?)])(1 )(2 )(3 )] 5: 19de9b2f-0166-4abb-9534-56ea69a80edb, 1, 0 [(0 [0xC004F014, 0, 0], [(?)(?)(?)(?)(?)(?)(?)(?)])(1 )(2 )(3 )] 6: 1a9a717a-cf13-4ba5-83c3-0fe25fa868d5, 1, 0 [(0 [0xC004F014, 0, 0], [(?)(?)(?)(?)(?)(?)(?)(?)])(1 )(2 )(3 )] 7: 221a02da-e2a1-4b75-864c-0a4410a33fdf, 1, 0 [(0 [0xC004F014, 0, 0], [(?)(?)(?)(?)(?)(?)(?)(?)])(1 )(2 )(3 )] 8: 265f3fad-6a1c-4bdd-ae30-c75efa556ccb, 1, 0 [(0 [0xC004F014, 0, 0], [(?)(?)(?)(?)(?)(?)(?)(?)])(1 )(2 )(3 )] 9: 291ece0e-9c38-40ca-a9e1-32cc7ec19507, 1, 0 [(0 [0xC004F014, 0, 0], [(?)(?)(?)(?)(?)(?)(?)(?)])(1 )(2 )(3 )] 10: 2936d1d2-913a-4542-b54e-ce5a602a2a38, 1, 0 [(0 [0xC004F014, 0, 0], [(?)(?)(?)(?)(?)(?)(?)(?)])(1 )(2 )(3 )] 11: 2c293c26-a45a-4a2a-a350-c69a67097529, 1, 0 [(0 [0xC004F014, 0, 0], [(?)(?)(?)(?)(?)(?)(?)(?)])(1 )(2 )(3 )] 12: 2de67392-b7a7-462a-b1ca-108dd189f588, 1, 0 [(0 [0xC004F014, 0, 0], [(?)(?)(?)(?)(?)(?)(?)(?)])(1 )(2 )(3 )] 13: 2ffd8952-423e-4903-b993-72a1aa44cf82, 1, 0 [(0 [0xC004F014, 0, 0], [(?)(?)(?)(?)(?)(?)(?)(?)])(1 )(2 )(3 )] 14: 30a42c86-b7a0-4a34-8c90-ff177cb2acb7, 1, 0 [(0 [0xC004F014, 0, 0], [(?)(?)(?)(?)(?)(?)(?)(?)])(1 )(2 )(3 )] 15: 345a5db0-d94f-4e3b-a0c0-7c42f7bc3ebf, 1, 0 [(0 [0xC004F014, 0, 0], [(?)(?)(?)(?)(?)(?)(?)(?)])(1 )(2 )(3 )] 16: 3502365a-f88a-4ba4-822a-5769d3073b65, 1, 0 [(0 [0xC004F014, 0, 0], [(?)(?)(?)(?)(?)(?)(?)(?)])(1 )(2 )(3 )] 17: 377333b1-8b5d-48d6-9679-1225c872d37c, 1, 0 [(0 [0xC004F014, 0, 0], [(?)(?)(?)(?)(?)(?)(?)(?)])(1 )(2 )(3 )] 18: 3df374ef-d444-4494-a5a1-4b0d9fd0e203, 1, 0 [(0 [0xC004F014, 0, 0], [(?)(?)(?)(?)(?)(?)(?)(?)])(1 )(2 )(3 )] 19: 3ebce241-ea87-4946-8a4f-80d00e921dff, 1, 0 [(0 [0xC004F014, 0, 0], [(?)(?)(?)(?)(?)(?)(?)(?)])(1 )(2 )(3 )] 20: 3f1afc82-f8ac-4f6c-8005-1d233e606eee, 1, 0 [(0 [0xC004F014, 0, 0], [(?)(?)(?)(?)(?)(?)(?)(?)])(1 )(2 )(3 )] 21: 4322a811-697c-44dc-865e-3e2fdcb86009, 1, 0 [(0 [0xC004F014, 0, 0], [(?)(?)(?)(?)(?)(?)(?)(?)])(1 )(2 )(3 )] 22: 49cd895b-53b2-4dc4-a5f7-b18aa019ad37, 1, 0 [(0 [0xC004F014, 0, 0], [(?)(?)(?)(?)(?)(?)(?)(?)])(1 )(2 )(3 )] 23: 4de7cb65-cdf1-4de9-8ae8-e3cce27b9f2c, 1, 1 [(0 )(1 )(2 [0xC004E003, 0, 0], [( 1 0xC004F034)( 1 0xC004F034)(?)(?)(?)(?)(?)(?)])(3 [0x00000000, 0, 0], [( 6 0xC004F009 0 0)( 1 0x00000000)( 6 0xC004F009 0 0)(?)(?)(?)( 10 0x00000000 msft:rm/algorithm/flags/1.0)( 11 0x00000000 0xC004F034)])] 24: 4f3da0d2-271d-4508-ae81-626b60809a38, 1, 0 [(0 [0xC004F014, 0, 0], [(?)(?)(?)(?)(?)(?)(?)(?)])(1 )(2 )(3 )] 25: 5d78c4e9-aeb3-4b40-8ac2-6a6005e0ad6d, 1, 0 [(0 [0xC004F014, 0, 0], [(?)(?)(?)(?)(?)(?)(?)(?)])(1 )(2 )(3 )] 26: 60b3ec1b-9545-4921-821f-311b129dd6f6, 1, 0 [(0 [0xC004F014, 0, 0], [(?)(?)(?)(?)(?)(?)(?)(?)])(1 )(2 )(3 )] 27: 613d217f-7f13-4268-9907-1662339531cd, 1, 0 [(0 [0xC004F014, 0, 0], [(?)(?)(?)(?)(?)(?)(?)(?)])(1 )(2 )(3 )] 28: 62f0c100-9c53-4e02-b886-a3528ddfe7f6, 1, 0 [(0 [0xC004F014, 0, 0], [(?)(?)(?)(?)(?)(?)(?)(?)])(1 )(2 )(3 )] 29: 6365275e-368d-46ca-a0ef-fc0404119333, 1, 0 [(0 [0xC004F014, 0, 0], [(?)(?)(?)(?)(?)(?)(?)(?)])(1 )(2 )(3 )] 30: 721f9237-9341-4453-a661-09e8baa6cca5, 1, 0 [(0 [0xC004F014, 0, 0], [(?)(?)(?)(?)(?)(?)(?)(?)])(1 )(2 )(3 )] 31: 73111121-5638-40f6-bc11-f1d7b0d64300, 1, 0 [(0 [0xC004F014, 0, 0], [(?)(?)(?)(?)(?)(?)(?)(?)])(1 )(2 )(3 )] 32: 7a802526-4c94-4bd1-ba14-835a1aca2120, 1, 0 [(0 [0xC004F014, 0, 0], [(?)(?)(?)(?)(?)(?)(?)(?)])(1 )(2 )(3 )] 33: 7cb546c0-c7d5-44d8-9a5c-69ecdd782b69, 1, 0 [(0 [0xC004F014, 0, 0], [(?)(?)(?)(?)(?)(?)(?)(?)])(1 )(2 )(3 )] 34: 80083eae-7031-4394-9e88-4901973d56fe, 1, 0 [(0 [0xC004F014, 0, 0], [(?)(?)(?)(?)(?)(?)(?)(?)])(1 )(2 )(3 )] 35: 82bbc092-bc50-4e16-8e18-b74fc486aec3, 1, 0 [(0 [0xC004F014, 0, 0], [(?)(?)(?)(?)(?)(?)(?)(?)])(1 )(2 )(3 )] 36: 8ab9bdd1-1f67-4997-82d9-8878520837d9, 1, 0 [(0 [0xC004F014, 0, 0], [(?)(?)(?)(?)(?)(?)(?)(?)])(1 )(2 )(3 )] 37: 8b351c9c-f398-4515-9900-09df49427262, 1, 0 [(0 [0xC004F014, 0, 0], [(?)(?)(?)(?)(?)(?)(?)(?)])(1 )(2 )(3 )] 38: 90da7373-1c51-430b-bf26-c97e9c5cdc31, 1, 0 [(0 [0xC004F014, 0, 0], [(?)(?)(?)(?)(?)(?)(?)(?)])(1 )(2 )(3 )] 39: 92fb8726-92a8-4ffc-94ce-f82e07444653, 1, 0 [(0 [0xC004F014, 0, 0], [(?)(?)(?)(?)(?)(?)(?)(?)])(1 )(2 )(3 )] 40: 95dca82f-385d-4d39-b85b-5c73fa285d6f, 1, 0 [(0 [0xC004F014, 0, 0], [(?)(?)(?)(?)(?)(?)(?)(?)])(1 )(2 )(3 )] 41: 97cde3ae-e908-4b59-ac96-a17645c5b57e, 1, 0 [(0 [0xC004F014, 0, 0], [(?)(?)(?)(?)(?)(?)(?)(?)])(1 )(2 )(3 )] 42: a48938aa-62fa-4966-9d44-9f04da3f72f2, 1, 0 [(0 [0xC004F014, 0, 0], [(?)(?)(?)(?)(?)(?)(?)(?)])(1 )(2 )(3 )] 43: b0773a15-df3a-4312-9ad2-83d69648e356, 1, 0 [(0 [0xC004F014, 0, 0], [(?)(?)(?)(?)(?)(?)(?)(?)])(1 )(2 )(3 )] 44: b4bfe195-541e-4e64-ad23-6177f19e395e, 1, 0 [(0 [0xC004F014, 0, 0], [(?)(?)(?)(?)(?)(?)(?)(?)])(1 )(2 )(3 )] 45: b68e61d2-68ca-4757-be45-0cc2f3e68eee, 1, 0 [(0 [0xC004F014, 0, 0], [(?)(?)(?)(?)(?)(?)(?)(?)])(1 )(2 )(3 )] 46: bd3762d7-270d-4760-8fb3-d829ca45278a, 1, 0 [(0 [0xC004F014, 0, 0], [(?)(?)(?)(?)(?)(?)(?)(?)])(1 )(2 )(3 )] 47: c86d5194-4840-4dae-9c1c-0301003a5ab0, 1, 0 [(0 [0xC004F014, 0, 0], [(?)(?)(?)(?)(?)(?)(?)(?)])(1 )(2 )(3 )] 48: ca7df2e3-5ea0-47b8-9ac1-b1be4d8edd69, 1, 0 [(0 [0xC004F014, 0, 0], [(?)(?)(?)(?)(?)(?)(?)(?)])(1 )(2 )(3 )] 49: d552befb-48cc-4327-8f39-47d2d94f987c, 1, 0 [(0 [0xC004F014, 0, 0], [(?)(?)(?)(?)(?)(?)(?)(?)])(1 )(2 )(3 )] 50: d6eadb3b-5ca8-4a6b-986e-35b550756111, 1, 0 [(0 [0xC004F014, 0, 0], [(?)(?)(?)(?)(?)(?)(?)(?)])(1 )(2 )(3 )] 51: df96023b-dcd9-4be2-afa0-c6c871159ebe, 1, 0 [(0 [0xC004F014, 0, 0], [(?)(?)(?)(?)(?)(?)(?)(?)])(1 )(2 )(3 )] 52: e0c42288-980c-4788-a014-c080d2e1926e, 1, 0 [(0 [0xC004F014, 0, 0], [(?)(?)(?)(?)(?)(?)(?)(?)])(1 )(2 )(3 )] 53: e4db50ea-bda1-4566-b047-0ca50abc6f07, 1, 0 [(0 [0xC004F014, 0, 0], [(?)(?)(?)(?)(?)(?)(?)(?)])(1 )(2 )(3 )] 54: e558417a-5123-4f6f-91e7-385c1c7ca9d4, 1, 0 [(0 [0xC004F014, 0, 0], [(?)(?)(?)(?)(?)(?)(?)(?)])(1 )(2 )(3 )] 55: e7a950a2-e548-4f10-bf16-02ec848e0643, 1, 0 [(0 [0xC004F014, 0, 0], [(?)(?)(?)(?)(?)(?)(?)(?)])(1 )(2 )(3 )] 56: eb6d346f-1c60-4643-b960-40ec31596c45, 1, 0 [(0 [0xC004F014, 0, 0], [(?)(?)(?)(?)(?)(?)(?)(?)])(1 )(2 )(3 )] 57: ec868e65-fadf-4759-b23e-93fe37f2cc29, 1, 0 [(0 [0xC004F014, 0, 0], [(?)(?)(?)(?)(?)(?)(?)(?)])(1 )(2 )(3 )] 58: ef51e000-2659-4f25-8345-3de70a9cf4c4, 1, 0 [(0 [0xC004F014, 0, 0], [(?)(?)(?)(?)(?)(?)(?)(?)])(1 )(2 )(3 )] 59: f7af7d09-40e4-419c-a49b-eae366689ebd, 1, 0 [(0 [0xC004F014, 0, 0], [(?)(?)(?)(?)(?)(?)(?)(?)])(1 )(2 )(3 )] 60: fa755fe6-6739-40b9-8d84-6d0ea3b6d1ab, 1, 0 [(0 [0xC004F014, 0, 0], [(?)(?)(?)(?)(?)(?)(?)(?)])(1 )(2 )(3 )] 61: fe74f55b-0338-41d6-b267-4a201abe7285, 1, 0 [(0 [0xC004F014, 0, 0], [(?)(?)(?)(?)(?)(?)(?)(?)])(1 )(2 )(3 )]"
"9/8/2026 6:00:53 PM","1003","Information","Microsoft-Windows-Security-SPP","CRASHLAB-GOLD","The Software Protection service has completed licensing status check. Application Id=55c92734-d682-4d71-983e-d6ec3f16059f Licensing Status= 1: 01eb852c-424d-4060-94b8-c10d799d7364, 1, 0 [(0 [0xC004F014, 0, 0], [(?)(?)(?)(?)(?)(?)(?)(?)])(1 )(2 )(3 )] 2: 040fa323-92b1-4baf-97a2-5b67feaefddb, 1, 0 [(0 [0xC004F014, 0, 0], [(?)(?)(?)(?)(?)(?)(?)(?)])(1 )(2 )(3 )] 3: 0724cb7d-3437-4cb7-93cb-830375d0079d, 1, 0 [(0 [0xC004F014, 0, 0], [(?)(?)(?)(?)(?)(?)(?)(?)])(1 )(2 )(3 )] 4: 0ad2ac98-7bb9-4201-8d92-312299201369, 1, 0 [(0 [0xC004F014, 0, 0], [(?)(?)(?)(?)(?)(?)(?)(?)])(1 )(2 )(3 )] 5: 19de9b2f-0166-4abb-9534-56ea69a80edb, 1, 0 [(0 [0xC004F014, 0, 0], [(?)(?)(?)(?)(?)(?)(?)(?)])(1 )(2 )(3 )] 6: 1a9a717a-cf13-4ba5-83c3-0fe25fa868d5, 1, 0 [(0 [0xC004F014, 0, 0], [(?)(?)(?)(?)(?)(?)(?)(?)])(1 )(2 )(3 )] 7: 221a02da-e2a1-4b75-864c-0a4410a33fdf, 1, 0 [(0 [0xC004F014, 0, 0], [(?)(?)(?)(?)(?)(?)(?)(?)])(1 )(2 )(3 )] 8: 265f3fad-6a1c-4bdd-ae30-c75efa556ccb, 1, 0 [(0 [0xC004F014, 0, 0], [(?)(?)(?)(?)(?)(?)(?)(?)])(1 )(2 )(3 )] 9: 291ece0e-9c38-40ca-a9e1-32cc7ec19507, 1, 0 [(0 [0xC004F014, 0, 0], [(?)(?)(?)(?)(?)(?)(?)(?)])(1 )(2 )(3 )] 10: 2936d1d2-913a-4542-b54e-ce5a602a2a38, 1, 0 [(0 [0xC004F014, 0, 0], [(?)(?)(?)(?)(?)(?)(?)(?)])(1 )(2 )(3 )] 11: 2c293c26-a45a-4a2a-a350-c69a67097529, 1, 0 [(0 [0xC004F014, 0, 0], [(?)(?)(?)(?)(?)(?)(?)(?)])(1 )(2 )(3 )] 12: 2de67392-b7a7-462a-b1ca-108dd189f588, 1, 0 [(0 [0xC004F014, 0, 0], [(?)(?)(?)(?)(?)(?)(?)(?)])(1 )(2 )(3 )] 13: 2ffd8952-423e-4903-b993-72a1aa44cf82, 1, 0 [(0 [0xC004F014, 0, 0], [(?)(?)(?)(?)(?)(?)(?)(?)])(1 )(2 )(3 )] 14: 30a42c86-b7a0-4a34-8c90-ff177cb2acb7, 1, 0 [(0 [0xC004F014, 0, 0], [(?)(?)(?)(?)(?)(?)(?)(?)])(1 )(2 )(3 )] 15: 345a5db0-d94f-4e3b-a0c0-7c42f7bc3ebf, 1, 0 [(0 [0xC004F014, 0, 0], [(?)(?)(?)(?)(?)(?)(?)(?)])(1 )(2 )(3 )] 16: 3502365a-f88a-4ba4-822a-5769d3073b65, 1, 0 [(0 [0xC004F014, 0, 0], [(?)(?)(?)(?)(?)(?)(?)(?)])(1 )(2 )(3 )] 17: 377333b1-8b5d-48d6-9679-1225c872d37c, 1, 0 [(0 [0xC004F014, 0, 0], [(?)(?)(?)(?)(?)(?)(?)(?)])(1 )(2 )(3 )] 18: 3df374ef-d444-4494-a5a1-4b0d9fd0e203, 1, 0 [(0 [0xC004F014, 0, 0], [(?)(?)(?)(?)(?)(?)(?)(?)])(1 )(2 )(3 )] 19: 3ebce241-ea87-4946-8a4f-80d00e921dff, 1, 0 [(0 [0xC004F014, 0, 0], [(?)(?)(?)(?)(?)(?)(?)(?)])(1 )(2 )(3 )] 20: 3f1afc82-f8ac-4f6c-8005-1d233e606eee, 1, 0 [(0 [0xC004F014, 0, 0], [(?)(?)(?)(?)(?)(?)(?)(?)])(1 )(2 )(3 )] 21: 4322a811-697c-44dc-865e-3e2fdcb86009, 1, 0 [(0 [0xC004F014, 0, 0], [(?)(?)(?)(?)(?)(?)(?)(?)])(1 )(2 )(3 )] 22: 49cd895b-53b2-4dc4-a5f7-b18aa019ad37, 1, 0 [(0 [0xC004F014, 0, 0], [(?)(?)(?)(?)(?)(?)(?)(?)])(1 )(2 )(3 )] 23: 4de7cb65-cdf1-4de9-8ae8-e3cce27b9f2c, 1, 1 [(0 )(1 )(2 [0xC004E003, 0, 0], [( 1 0xC004F034)( 1 0xC004F034)(?)(?)(?)(?)(?)(?)])(3 [0x00000000, 0, 0], [( 6 0xC004F009 0 0)( 1 0x00000000)( 6 0xC004F009 0 0)(?)(?)(?)( 10 0x00000000 msft:rm/algorithm/flags/1.0)( 11 0x00000000 0xC004F034)])] 24: 4f3da0d2-271d-4508-ae81-626b60809a38, 1, 0 [(0 [0xC004F014, 0, 0], [(?)(?)(?)(?)(?)(?)(?)(?)])(1 )(2 )(3 )] 25: 5d78c4e9-aeb3-4b40-8ac2-6a6005e0ad6d, 1, 0 [(0 [0xC004F014, 0, 0], [(?)(?)(?)(?)(?)(?)(?)(?)])(1 )(2 )(3 )] 26: 60b3ec1b-9545-4921-821f-311b129dd6f6, 1, 0 [(0 [0xC004F014, 0, 0], [(?)(?)(?)(?)(?)(?)(?)(?)])(1 )(2 )(3 )] 27: 613d217f-7f13-4268-9907-1662339531cd, 1, 0 [(0 [0xC004F014, 0, 0], [(?)(?)(?)(?)(?)(?)(?)(?)])(1 )(2 )(3 )] 28: 62f0c100-9c53-4e02-b886-a3528ddfe7f6, 1, 0 [(0 [0xC004F014, 0, 0], [(?)(?)(?)(?)(?)(?)(?)(?)])(1 )(2 )(3 )] 29: 6365275e-368d-46ca-a0ef-fc0404119333, 1, 0 [(0 [0xC004F014, 0, 0], [(?)(?)(?)(?)(?)(?)(?)(?)])(1 )(2 )(3 )] 30: 721f9237-9341-4453-a661-09e8baa6cca5, 1, 0 [(0 [0xC004F014, 0, 0], [(?)(?)(?)(?)(?)(?)(?)(?)])(1 )(2 )(3 )] 31: 73111121-5638-40f6-bc11-f1d7b0d64300, 1, 0 [(0 [0xC004F014, 0, 0], [(?)(?)(?)(?)(?)(?)(?)(?)])(1 )(2 )(3 )] 32: 7a802526-4c94-4bd1-ba14-835a1aca2120, 1, 0 [(0 [0xC004F014, 0, 0], [(?)(?)(?)(?)(?)(?)(?)(?)])(1 )(2 )(3 )] 33: 7cb546c0-c7d5-44d8-9a5c-69ecdd782b69, 1, 0 [(0 [0xC004F014, 0, 0], [(?)(?)(?)(?)(?)(?)(?)(?)])(1 )(2 )(3 )] 34: 80083eae-7031-4394-9e88-4901973d56fe, 1, 0 [(0 [0xC004F014, 0, 0], [(?)(?)(?)(?)(?)(?)(?)(?)])(1 )(2 )(3 )] 35: 82bbc092-bc50-4e16-8e18-b74fc486aec3, 1, 0 [(0 [0xC004F014, 0, 0], [(?)(?)(?)(?)(?)(?)(?)(?)])(1 )(2 )(3 )] 36: 8ab9bdd1-1f67-4997-82d9-8878520837d9, 1, 0 [(0 [0xC004F014, 0, 0], [(?)(?)(?)(?)(?)(?)(?)(?)])(1 )(2 )(3 )] 37: 8b351c9c-f398-4515-9900-09df49427262, 1, 0 [(0 [0xC004F014, 0, 0], [(?)(?)(?)(?)(?)(?)(?)(?)])(1 )(2 )(3 )] 38: 90da7373-1c51-430b-bf26-c97e9c5cdc31, 1, 0 [(0 [0xC004F014, 0, 0], [(?)(?)(?)(?)(?)(?)(?)(?)])(1 )(2 )(3 )] 39: 92fb8726-92a8-4ffc-94ce-f82e07444653, 1, 0 [(0 [0xC004F014, 0, 0], [(?)(?)(?)(?)(?)(?)(?)(?)])(1 )(2 )(3 )] 40: 95dca82f-385d-4d39-b85b-5c73fa285d6f, 1, 0 [(0 [0xC004F014, 0, 0], [(?)(?)(?)(?)(?)(?)(?)(?)])(1 )(2 )(3 )] 41: 97cde3ae-e908-4b59-ac96-a17645c5b57e, 1, 0 [(0 [0xC004F014, 0, 0], [(?)(?)(?)(?)(?)(?)(?)(?)])(1 )(2 )(3 )] 42: a48938aa-62fa-4966-9d44-9f04da3f72f2, 1, 0 [(0 [0xC004F014, 0, 0], [(?)(?)(?)(?)(?)(?)(?)(?)])(1 )(2 )(3 )] 43: b0773a15-df3a-4312-9ad2-83d69648e356, 1, 0 [(0 [0xC004F014, 0, 0], [(?)(?)(?)(?)(?)(?)(?)(?)])(1 )(2 )(3 )] 44: b4bfe195-541e-4e64-ad23-6177f19e395e, 1, 0 [(0 [0xC004F014, 0, 0], [(?)(?)(?)(?)(?)(?)(?)(?)])(1 )(2 )(3 )] 45: b68e61d2-68ca-4757-be45-0cc2f3e68eee, 1, 0 [(0 [0xC004F014, 0, 0], [(?)(?)(?)(?)(?)(?)(?)(?)])(1 )(2 )(3 )] 46: bd3762d7-270d-4760-8fb3-d829ca45278a, 1, 0 [(0 [0xC004F014, 0, 0], [(?)(?)(?)(?)(?)(?)(?)(?)])(1 )(2 )(3 )] 47: c86d5194-4840-4dae-9c1c-0301003a5ab0, 1, 0 [(0 [0xC004F014, 0, 0], [(?)(?)(?)(?)(?)(?)(?)(?)])(1 )(2 )(3 )] 48: ca7df2e3-5ea0-47b8-9ac1-b1be4d8edd69, 1, 0 [(0 [0xC004F014, 0, 0], [(?)(?)(?)(?)(?)(?)(?)(?)])(1 )(2 )(3 )] 49: d552befb-48cc-4327-8f39-47d2d94f987c, 1, 0 [(0 [0xC004F014, 0, 0], [(?)(?)(?)(?)(?)(?)(?)(?)])(1 )(2 )(3 )] 50: d6eadb3b-5ca8-4a6b-986e-35b550756111, 1, 0 [(0 [0xC004F014, 0, 0], [(?)(?)(?)(?)(?)(?)(?)(?)])(1 )(2 )(3 )] 51: df96023b-dcd9-4be2-afa0-c6c871159ebe, 1, 0 [(0 [0xC004F014, 0, 0], [(?)(?)(?)(?)(?)(?)(?)(?)])(1 )(2 )(3 )] 52: e0c42288-980c-4788-a014-c080d2e1926e, 1, 0 [(0 [0xC004F014, 0, 0], [(?)(?)(?)(?)(?)(?)(?)(?)])(1 )(2 )(3 )] 53: e4db50ea-bda1-4566-b047-0ca50abc6f07, 1, 0 [(0 [0xC004F014, 0, 0], [(?)(?)(?)(?)(?)(?)(?)(?)])(1 )(2 )(3 )] 54: e558417a-5123-4f6f-91e7-385c1c7ca9d4, 1, 0 [(0 [0xC004F014, 0, 0], [(?)(?)(?)(?)(?)(?)(?)(?)])(1 )(2 )(3 )] 55: e7a950a2-e548-4f10-bf16-02ec848e0643, 1, 0 [(0 [0xC004F014, 0, 0], [(?)(?)(?)(?)(?)(?)(?)(?)])(1 )(2 )(3 )] 56: eb6d346f-1c60-4643-b960-40ec31596c45, 1, 0 [(0 [0xC004F014, 0, 0], [(?)(?)(?)(?)(?)(?)(?)(?)])(1 )(2 )(3 )] 57: ec868e65-fadf-4759-b23e-93fe37f2cc29, 1, 0 [(0 [0xC004F014, 0, 0], [(?)(?)(?)(?)(?)(?)(?)(?)])(1 )(2 )(3 )] 58: ef51e000-2659-4f25-8345-3de70a9cf4c4, 1, 0 [(0 [0xC004F014, 0, 0], [(?)(?)(?)(?)(?)(?)(?)(?)])(1 )(2 )(3 )] 59: f7af7d09-40e4-419c-a49b-eae366689ebd, 1, 0 [(0 [0xC004F014, 0, 0], [(?)(?)(?)(?)(?)(?)(?)(?)])(1 )(2 )(3 )] 60: fa755fe6-6739-40b9-8d84-6d0ea3b6d1ab, 1, 0 [(0 [0xC004F014, 0, 0], [(?)(?)(?)(?)(?)(?)(?)(?)])(1 )(2 )(3 )] 61: fe74f55b-0338-41d6-b267-4a201abe7285, 1, 0 [(0 [0xC004F014, 0, 0], [(?)(?)(?)(?)(?)(?)(?)(?)])(1 )(2 )(3 )]"
"9/8/2026 6:00:52 PM","1003","Information","Microsoft-Windows-Search","CRASHLAB-GOLD","The Windows Search Service started."
"9/8/2026 6:00:44 PM","1001","Information","Windows Error Reporting","CRASHLAB-GOLD","Fault bucket INVALID_REQUEST, type 0 Event Name: WindowsServicingFailureInfo Response: Not available Cab Id: 0 Problem signature: P1: 10.0.26100.8035:1 P2: Error: 0x800F0821 Failed to download FOD from Windows Update. P3: File: capabilitymanager.cpp(4177) - CCbsCapabilityManager::RetrieveCapabilities P4: P5: P6: P7: P8: P9: P10: Attached files: \\?\C:\ProgramData\Microsoft\Windows\WER\Temp\WER.880e26d6-0a0c-4877-9ed8-791fa72b8a17.tmp.WERInternalMetadata.xml These files may be available here: \\?\C:\ProgramData\Microsoft\Windows\WER\ReportArchive\Critical_10.0.26100.8035__9c463e746e902338394e3ef48e5890518b579732_00000000_3f279daa-2d1d-4712-8735-3d0ad142f418 Analysis symbol: Rechecking for solution: 0 Report Id: 3f279daa-2d1d-4712-8735-3d0ad142f418 Report Status: 268435456 Hashed bucket: Cab Guid: 0"
"9/8/2026 6:00:45 PM","6000","Information","Microsoft-Windows-Winlogon","CRASHLAB-GOLD","The winlogon notification subscriber <SessionEnv> was unavailable to handle a notification event."
"9/8/2026 6:00:45 PM","6003","Information","Microsoft-Windows-Winlogon","CRASHLAB-GOLD","The winlogon notification subscriber <SessionEnv> was unavailable to handle a critical notification event."
"9/8/2026 6:00:42 PM","8198","Error","Microsoft-Windows-Security-SPP","CRASHLAB-GOLD","License Activation (slui.exe) failed with the following error code: hr=0x8007139F Command-line arguments: RuleId=31e71c49-8da7-4a2f-ad92-45d98a1c79ba;Action=AutoActivate;AppId=55c92734-d682-4d71-983e-d6ec3f16059f;SkuId=4de7cb65-cdf1-4de9-8ae8-e3cce27b9f2c;NotificationInterval=1440;Trigger=NetworkAvailable"
"9/8/2026 6:00:42 PM","1003","Information","Microsoft-Windows-Security-SPP","CRASHLAB-GOLD","The Software Protection service has completed licensing status check. Application Id=55c92734-d682-4d71-983e-d6ec3f16059f Licensing Status= 1: 01eb852c-424d-4060-94b8-c10d799d7364, 1, 0 [(0 [0xC004F014, 0, 0], [(?)(?)(?)(?)(?)(?)(?)(?)])(1 )(2 )(3 )] 2: 040fa323-92b1-4baf-97a2-5b67feaefddb, 1, 0 [(0 [0xC004F014, 0, 0], [(?)(?)(?)(?)(?)(?)(?)(?)])(1 )(2 )(3 )] 3: 0724cb7d-3437-4cb7-93cb-830375d0079d, 1, 0 [(0 [0xC004F014, 0, 0], [(?)(?)(?)(?)(?)(?)(?)(?)])(1 )(2 )(3 )] 4: 0ad2ac98-7bb9-4201-8d92-312299201369, 1, 0 [(0 [0xC004F014, 0, 0], [(?)(?)(?)(?)(?)(?)(?)(?)])(1 )(2 )(3 )] 5: 19de9b2f-0166-4abb-9534-56ea69a80edb, 1, 0 [(0 [0xC004F014, 0, 0], [(?)(?)(?)(?)(?)(?)(?)(?)])(1 )(2 )(3 )] 6: 1a9a717a-cf13-4ba5-83c3-0fe25fa868d5, 1, 0 [(0 [0xC004F014, 0, 0], [(?)(?)(?)(?)(?)(?)(?)(?)])(1 )(2 )(3 )] 7: 221a02da-e2a1-4b75-864c-0a4410a33fdf, 1, 0 [(0 [0xC004F014, 0, 0], [(?)(?)(?)(?)(?)(?)(?)(?)])(1 )(2 )(3 )] 8: 265f3fad-6a1c-4bdd-ae30-c75efa556ccb, 1, 0 [(0 [0xC004F014, 0, 0], [(?)(?)(?)(?)(?)(?)(?)(?)])(1 )(2 )(3 )] 9: 291ece0e-9c38-40ca-a9e1-32cc7ec19507, 1, 0 [(0 [0xC004F014, 0, 0], [(?)(?)(?)(?)(?)(?)(?)(?)])(1 )(2 )(3 )] 10: 2936d1d2-913a-4542-b54e-ce5a602a2a38, 1, 0 [(0 [0xC004F014, 0, 0], [(?)(?)(?)(?)(?)(?)(?)(?)])(1 )(2 )(3 )] 11: 2c293c26-a45a-4a2a-a350-c69a67097529, 1, 0 [(0 [0xC004F014, 0, 0], [(?)(?)(?)(?)(?)(?)(?)(?)])(1 )(2 )(3 )] 12: 2de67392-b7a7-462a-b1ca-108dd189f588, 1, 0 [(0 [0xC004F014, 0, 0], [(?)(?)(?)(?)(?)(?)(?)(?)])(1 )(2 )(3 )] 13: 2ffd8952-423e-4903-b993-72a1aa44cf82, 1, 0 [(0 [0xC004F014, 0, 0], [(?)(?)(?)(?)(?)(?)(?)(?)])(1 )(2 )(3 )] 14: 30a42c86-b7a0-4a34-8c90-ff177cb2acb7, 1, 0 [(0 [0xC004F014, 0, 0], [(?)(?)(?)(?)(?)(?)(?)(?)])(1 )(2 )(3 )] 15: 345a5db0-d94f-4e3b-a0c0-7c42f7bc3ebf, 1, 0 [(0 [0xC004F014, 0, 0], [(?)(?)(?)(?)(?)(?)(?)(?)])(1 )(2 )(3 )] 16: 3502365a-f88a-4ba4-822a-5769d3073b65, 1, 0 [(0 [0xC004F014, 0, 0], [(?)(?)(?)(?)(?)(?)(?)(?)])(1 )(2 )(3 )] 17: 377333b1-8b5d-48d6-9679-1225c872d37c, 1, 0 [(0 [0xC004F014, 0, 0], [(?)(?)(?)(?)(?)(?)(?)(?)])(1 )(2 )(3 )] 18: 3df374ef-d444-4494-a5a1-4b0d9fd0e203, 1, 0 [(0 [0xC004F014, 0, 0], [(?)(?)(?)(?)(?)(?)(?)(?)])(1 )(2 )(3 )] 19: 3ebce241-ea87-4946-8a4f-80d00e921dff, 1, 0 [(0 [0xC004F014, 0, 0], [(?)(?)(?)(?)(?)(?)(?)(?)])(1 )(2 )(3 )] 20: 3f1afc82-f8ac-4f6c-8005-1d233e606eee, 1, 0 [(0 [0xC004F014, 0, 0], [(?)(?)(?)(?)(?)(?)(?)(?)])(1 )(2 )(3 )] 21: 4322a811-697c-44dc-865e-3e2fdcb86009, 1, 0 [(0 [0xC004F014, 0, 0], [(?)(?)(?)(?)(?)(?)(?)(?)])(1 )(2 )(3 )] 22: 49cd895b-53b2-4dc4-a5f7-b18aa019ad37, 1, 0 [(0 [0xC004F014, 0, 0], [(?)(?)(?)(?)(?)(?)(?)(?)])(1 )(2 )(3 )] 23: 4de7cb65-cdf1-4de9-8ae8-e3cce27b9f2c, 1, 1 [(0 )(1 )(2 [0xC004E003, 0, 0], [( 1 0xC004F034)( 1 0xC004F034)(?)(?)(?)(?)(?)(?)])(3 [0x00000000, 0, 0], [( 6 0xC004F009 0 0)( 1 0x00000000)( 6 0xC004F009 0 0)(?)(?)(?)( 10 0x00000000 msft:rm/algorithm/flags/1.0)( 11 0x00000000 0xC004F034)])] 24: 4f3da0d2-271d-4508-ae81-626b60809a38, 1, 0 [(0 [0xC004F014, 0, 0], [(?)(?)(?)(?)(?)(?)(?)(?)])(1 )(2 )(3 )] 25: 5d78c4e9-aeb3-4b40-8ac2-6a6005e0ad6d, 1, 0 [(0 [0xC004F014, 0, 0], [(?)(?)(?)(?)(?)(?)(?)(?)])(1 )(2 )(3 )] 26: 60b3ec1b-9545-4921-821f-311b129dd6f6, 1, 0 [(0 [0xC004F014, 0, 0], [(?)(?)(?)(?)(?)(?)(?)(?)])(1 )(2 )(3 )] 27: 613d217f-7f13-4268-9907-1662339531cd, 1, 0 [(0 [0xC004F014, 0, 0], [(?)(?)(?)(?)(?)(?)(?)(?)])(1 )(2 )(3 )] 28: 62f0c100-9c53-4e02-b886-a3528ddfe7f6, 1, 0 [(0 [0xC004F014, 0, 0], [(?)(?)(?)(?)(?)(?)(?)(?)])(1 )(2 )(3 )] 29: 6365275e-368d-46ca-a0ef-fc0404119333, 1, 0 [(0 [0xC004F014, 0, 0], [(?)(?)(?)(?)(?)(?)(?)(?)])(1 )(2 )(3 )] 30: 721f9237-9341-4453-a661-09e8baa6cca5, 1, 0 [(0 [0xC004F014, 0, 0], [(?)(?)(?)(?)(?)(?)(?)(?)])(1 )(2 )(3 )] 31: 73111121-5638-40f6-bc11-f1d7b0d64300, 1, 0 [(0 [0xC004F014, 0, 0], [(?)(?)(?)(?)(?)(?)(?)(?)])(1 )(2 )(3 )] 32: 7a802526-4c94-4bd1-ba14-835a1aca2120, 1, 0 [(0 [0xC004F014, 0, 0], [(?)(?)(?)(?)(?)(?)(?)(?)])(1 )(2 )(3 )] 33: 7cb546c0-c7d5-44d8-9a5c-69ecdd782b69, 1, 0 [(0 [0xC004F014, 0, 0], [(?)(?)(?)(?)(?)(?)(?)(?)])(1 )(2 )(3 )] 34: 80083eae-7031-4394-9e88-4901973d56fe, 1, 0 [(0 [0xC004F014, 0, 0], [(?)(?)(?)(?)(?)(?)(?)(?)])(1 )(2 )(3 )] 35: 82bbc092-bc50-4e16-8e18-b74fc486aec3, 1, 0 [(0 [0xC004F014, 0, 0], [(?)(?)(?)(?)(?)(?)(?)(?)])(1 )(2 )(3 )] 36: 8ab9bdd1-1f67-4997-82d9-8878520837d9, 1, 0 [(0 [0xC004F014, 0, 0], [(?)(?)(?)(?)(?)(?)(?)(?)])(1 )(2 )(3 )] 37: 8b351c9c-f398-4515-9900-09df49427262, 1, 0 [(0 [0xC004F014, 0, 0], [(?)(?)(?)(?)(?)(?)(?)(?)])(1 )(2 )(3 )] 38: 90da7373-1c51-430b-bf26-c97e9c5cdc31, 1, 0 [(0 [0xC004F014, 0, 0], [(?)(?)(?)(?)(?)(?)(?)(?)])(1 )(2 )(3 )] 39: 92fb8726-92a8-4ffc-94ce-f82e07444653, 1, 0 [(0 [0xC004F014, 0, 0], [(?)(?)(?)(?)(?)(?)(?)(?)])(1 )(2 )(3 )] 40: 95dca82f-385d-4d39-b85b-5c73fa285d6f, 1, 0 [(0 [0xC004F014, 0, 0], [(?)(?)(?)(?)(?)(?)(?)(?)])(1 )(2 )(3 )] 41: 97cde3ae-e908-4b59-ac96-a17645c5b57e, 1, 0 [(0 [0xC004F014, 0, 0], [(?)(?)(?)(?)(?)(?)(?)(?)])(1 )(2 )(3 )] 42: a48938aa-62fa-4966-9d44-9f04da3f72f2, 1, 0 [(0 [0xC004F014, 0, 0], [(?)(?)(?)(?)(?)(?)(?)(?)])(1 )(2 )(3 )] 43: b0773a15-df3a-4312-9ad2-83d69648e356, 1, 0 [(0 [0xC004F014, 0, 0], [(?)(?)(?)(?)(?)(?)(?)(?)])(1 )(2 )(3 )] 44: b4bfe195-541e-4e64-ad23-6177f19e395e, 1, 0 [(0 [0xC004F014, 0, 0], [(?)(?)(?)(?)(?)(?)(?)(?)])(1 )(2 )(3 )] 45: b68e61d2-68ca-4757-be45-0cc2f3e68eee, 1, 0 [(0 [0xC004F014, 0, 0], [(?)(?)(?)(?)(?)(?)(?)(?)])(1 )(2 )(3 )] 46: bd3762d7-270d-4760-8fb3-d829ca45278a, 1, 0 [(0 [0xC004F014, 0, 0], [(?)(?)(?)(?)(?)(?)(?)(?)])(1 )(2 )(3 )] 47: c86d5194-4840-4dae-9c1c-0301003a5ab0, 1, 0 [(0 [0xC004F014, 0, 0], [(?)(?)(?)(?)(?)(?)(?)(?)])(1 )(2 )(3 )] 48: ca7df2e3-5ea0-47b8-9ac1-b1be4d8edd69, 1, 0 [(0 [0xC004F014, 0, 0], [(?)(?)(?)(?)(?)(?)(?)(?)])(1 )(2 )(3 )] 49: d552befb-48cc-4327-8f39-47d2d94f987c, 1, 0 [(0 [0xC004F014, 0, 0], [(?)(?)(?)(?)(?)(?)(?)(?)])(1 )(2 )(3 )] 50: d6eadb3b-5ca8-4a6b-986e-35b550756111, 1, 0 [(0 [0xC004F014, 0, 0], [(?)(?)(?)(?)(?)(?)(?)(?)])(1 )(2 )(3 )] 51: df96023b-dcd9-4be2-afa0-c6c871159ebe, 1, 0 [(0 [0xC004F014, 0, 0], [(?)(?)(?)(?)(?)(?)(?)(?)])(1 )(2 )(3 )] 52: e0c42288-980c-4788-a014-c080d2e1926e, 1, 0 [(0 [0xC004F014, 0, 0], [(?)(?)(?)(?)(?)(?)(?)(?)])(1 )(2 )(3 )] 53: e4db50ea-bda1-4566-b047-0ca50abc6f07, 1, 0 [(0 [0xC004F014, 0, 0], [(?)(?)(?)(?)(?)(?)(?)(?)])(1 )(2 )(3 )] 54: e558417a-5123-4f6f-91e7-385c1c7ca9d4, 1, 0 [(0 [0xC004F014, 0, 0], [(?)(?)(?)(?)(?)(?)(?)(?)])(1 )(2 )(3 )] 55: e7a950a2-e548-4f10-bf16-02ec848e0643, 1, 0 [(0 [0xC004F014, 0, 0], [(?)(?)(?)(?)(?)(?)(?)(?)])(1 )(2 )(3 )] 56: eb6d346f-1c60-4643-b960-40ec31596c45, 1, 0 [(0 [0xC004F014, 0, 0], [(?)(?)(?)(?)(?)(?)(?)(?)])(1 )(2 )(3 )] 57: ec868e65-fadf-4759-b23e-93fe37f2cc29, 1, 0 [(0 [0xC004F014, 0, 0], [(?)(?)(?)(?)(?)(?)(?)(?)])(1 )(2 )(3 )] 58: ef51e000-2659-4f25-8345-3de70a9cf4c4, 1, 0 [(0 [0xC004F014, 0, 0], [(?)(?)(?)(?)(?)(?)(?)(?)])(1 )(2 )(3 )] 59: f7af7d09-40e4-419c-a49b-eae366689ebd, 1, 0 [(0 [0xC004F014, 0, 0], [(?)(?)(?)(?)(?)(?)(?)(?)])(1 )(2 )(3 )] 60: fa755fe6-6739-40b9-8d84-6d0ea3b6d1ab, 1, 0 [(0 [0xC004F014, 0, 0], [(?)(?)(?)(?)(?)(?)(?)(?)])(1 )(2 )(3 )] 61: fe74f55b-0338-41d6-b267-4a201abe7285, 1, 0 [(0 [0xC004F014, 0, 0], [(?)(?)(?)(?)(?)(?)(?)(?)])(1 )(2 )(3 )]"
"9/8/2026 6:00:41 PM","902","Information","Microsoft-Windows-Security-SPP","CRASHLAB-GOLD","The Software Protection service has started. 10.0.26100.8036"
"9/8/2026 6:00:41 PM","1003","Information","Microsoft-Windows-Security-SPP","CRASHLAB-GOLD","The Software Protection service has completed licensing status check. Application Id=55c92734-d682-4d71-983e-d6ec3f16059f Licensing Status= 1: 01eb852c-424d-4060-94b8-c10d799d7364, 1, 0 [(0 [0xC004F014, 0, 0], [(?)(?)(?)(?)(?)(?)(?)(?)])(1 )(2 )(3 )] 2: 040fa323-92b1-4baf-97a2-5b67feaefddb, 1, 0 [(0 [0xC004F014, 0, 0], [(?)(?)(?)(?)(?)(?)(?)(?)])(1 )(2 )(3 )] 3: 0724cb7d-3437-4cb7-93cb-830375d0079d, 1, 0 [(0 [0xC004F014, 0, 0], [(?)(?)(?)(?)(?)(?)(?)(?)])(1 )(2 )(3 )] 4: 0ad2ac98-7bb9-4201-8d92-312299201369, 1, 0 [(0 [0xC004F014, 0, 0], [(?)(?)(?)(?)(?)(?)(?)(?)])(1 )(2 )(3 )] 5: 19de9b2f-0166-4abb-9534-56ea69a80edb, 1, 0 [(0 [0xC004F014, 0, 0], [(?)(?)(?)(?)(?)(?)(?)(?)])(1 )(2 )(3 )] 6: 1a9a717a-cf13-4ba5-83c3-0fe25fa868d5, 1, 0 [(0 [0xC004F014, 0, 0], [(?)(?)(?)(?)(?)(?)(?)(?)])(1 )(2 )(3 )] 7: 221a02da-e2a1-4b75-864c-0a4410a33fdf, 1, 0 [(0 [0xC004F014, 0, 0], [(?)(?)(?)(?)(?)(?)(?)(?)])(1 )(2 )(3 )] 8: 265f3fad-6a1c-4bdd-ae30-c75efa556ccb, 1, 0 [(0 [0xC004F014, 0, 0], [(?)(?)(?)(?)(?)(?)(?)(?)])(1 )(2 )(3 )] 9: 291ece0e-9c38-40ca-a9e1-32cc7ec19507, 1, 0 [(0 [0xC004F014, 0, 0], [(?)(?)(?)(?)(?)(?)(?)(?)])(1 )(2 )(3 )] 10: 2936d1d2-913a-4542-b54e-ce5a602a2a38, 1, 0 [(0 [0xC004F014, 0, 0], [(?)(?)(?)(?)(?)(?)(?)(?)])(1 )(2 )(3 )] 11: 2c293c26-a45a-4a2a-a350-c69a67097529, 1, 0 [(0 [0xC004F014, 0, 0], [(?)(?)(?)(?)(?)(?)(?)(?)])(1 )(2 )(3 )] 12: 2de67392-b7a7-462a-b1ca-108dd189f588, 1, 0 [(0 [0xC004F014, 0, 0], [(?)(?)(?)(?)(?)(?)(?)(?)])(1 )(2 )(3 )] 13: 2ffd8952-423e-4903-b993-72a1aa44cf82, 1, 0 [(0 [0xC004F014, 0, 0], [(?)(?)(?)(?)(?)(?)(?)(?)])(1 )(2 )(3 )] 14: 30a42c86-b7a0-4a34-8c90-ff177cb2acb7, 1, 0 [(0 [0xC004F014, 0, 0], [(?)(?)(?)(?)(?)(?)(?)(?)])(1 )(2 )(3 )] 15: 345a5db0-d94f-4e3b-a0c0-7c42f7bc3ebf, 1, 0 [(0 [0xC004F014, 0, 0], [(?)(?)(?)(?)(?)(?)(?)(?)])(1 )(2 )(3 )] 16: 3502365a-f88a-4ba4-822a-5769d3073b65, 1, 0 [(0 [0xC004F014, 0, 0], [(?)(?)(?)(?)(?)(?)(?)(?)])(1 )(2 )(3 )] 17: 377333b1-8b5d-48d6-9679-1225c872d37c, 1, 0 [(0 [0xC004F014, 0, 0], [(?)(?)(?)(?)(?)(?)(?)(?)])(1 )(2 )(3 )] 18: 3df374ef-d444-4494-a5a1-4b0d9fd0e203, 1, 0 [(0 [0xC004F014, 0, 0], [(?)(?)(?)(?)(?)(?)(?)(?)])(1 )(2 )(3 )] 19: 3ebce241-ea87-4946-8a4f-80d00e921dff, 1, 0 [(0 [0xC004F014, 0, 0], [(?)(?)(?)(?)(?)(?)(?)(?)])(1 )(2 )(3 )] 20: 3f1afc82-f8ac-4f6c-8005-1d233e606eee, 1, 0 [(0 [0xC004F014, 0, 0], [(?)(?)(?)(?)(?)(?)(?)(?)])(1 )(2 )(3 )] 21: 4322a811-697c-44dc-865e-3e2fdcb86009, 1, 0 [(0 [0xC004F014, 0, 0], [(?)(?)(?)(?)(?)(?)(?)(?)])(1 )(2 )(3 )] 22: 49cd895b-53b2-4dc4-a5f7-b18aa019ad37, 1, 0 [(0 [0xC004F014, 0, 0], [(?)(?)(?)(?)(?)(?)(?)(?)])(1 )(2 )(3 )] 23: 4de7cb65-cdf1-4de9-8ae8-e3cce27b9f2c, 1, 1 [(0 )(1 )(2 [0xC004E003, 0, 0], [( 1 0xC004F034)( 1 0xC004F034)(?)(?)(?)(?)(?)(?)])(3 [0x00000000, 0, 0], [( 6 0xC004F009 0 0)( 1 0x00000000)( 6 0xC004F009 0 0)(?)(?)(?)( 10 0x00000000 msft:rm/algorithm/flags/1.0)( 11 0x00000000 0xC004F034)])] 24: 4f3da0d2-271d-4508-ae81-626b60809a38, 1, 0 [(0 [0xC004F014, 0, 0], [(?)(?)(?)(?)(?)(?)(?)(?)])(1 )(2 )(3 )] 25: 5d78c4e9-aeb3-4b40-8ac2-6a6005e0ad6d, 1, 0 [(0 [0xC004F014, 0, 0], [(?)(?)(?)(?)(?)(?)(?)(?)])(1 )(2 )(3 )] 26: 60b3ec1b-9545-4921-821f-311b129dd6f6, 1, 0 [(0 [0xC004F014, 0, 0], [(?)(?)(?)(?)(?)(?)(?)(?)])(1 )(2 )(3 )] 27: 613d217f-7f13-4268-9907-1662339531cd, 1, 0 [(0 [0xC004F014, 0, 0], [(?)(?)(?)(?)(?)(?)(?)(?)])(1 )(2 )(3 )] 28: 62f0c100-9c53-4e02-b886-a3528ddfe7f6, 1, 0 [(0 [0xC004F014, 0, 0], [(?)(?)(?)(?)(?)(?)(?)(?)])(1 )(2 )(3 )] 29: 6365275e-368d-46ca-a0ef-fc0404119333, 1, 0 [(0 [0xC004F014, 0, 0], [(?)(?)(?)(?)(?)(?)(?)(?)])(1 )(2 )(3 )] 30: 721f9237-9341-4453-a661-09e8baa6cca5, 1, 0 [(0 [0xC004F014, 0, 0], [(?)(?)(?)(?)(?)(?)(?)(?)])(1 )(2 )(3 )] 31: 73111121-5638-40f6-bc11-f1d7b0d64300, 1, 0 [(0 [0xC004F014, 0, 0], [(?)(?)(?)(?)(?)(?)(?)(?)])(1 )(2 )(3 )] 32: 7a802526-4c94-4bd1-ba14-835a1aca2120, 1, 0 [(0 [0xC004F014, 0, 0], [(?)(?)(?)(?)(?)(?)(?)(?)])(1 )(2 )(3 )] 33: 7cb546c0-c7d5-44d8-9a5c-69ecdd782b69, 1, 0 [(0 [0xC004F014, 0, 0], [(?)(?)(?)(?)(?)(?)(?)(?)])(1 )(2 )(3 )] 34: 80083eae-7031-4394-9e88-4901973d56fe, 1, 0 [(0 [0xC004F014, 0, 0], [(?)(?)(?)(?)(?)(?)(?)(?)])(1 )(2 )(3 )] 35: 82bbc092-bc50-4e16-8e18-b74fc486aec3, 1, 0 [(0 [0xC004F014, 0, 0], [(?)(?)(?)(?)(?)(?)(?)(?)])(1 )(2 )(3 )] 36: 8ab9bdd1-1f67-4997-82d9-8878520837d9, 1, 0 [(0 [0xC004F014, 0, 0], [(?)(?)(?)(?)(?)(?)(?)(?)])(1 )(2 )(3 )] 37: 8b351c9c-f398-4515-9900-09df49427262, 1, 0 [(0 [0xC004F014, 0, 0], [(?)(?)(?)(?)(?)(?)(?)(?)])(1 )(2 )(3 )] 38: 90da7373-1c51-430b-bf26-c97e9c5cdc31, 1, 0 [(0 [0xC004F014, 0, 0], [(?)(?)(?)(?)(?)(?)(?)(?)])(1 )(2 )(3 )] 39: 92fb8726-92a8-4ffc-94ce-f82e07444653, 1, 0 [(0 [0xC004F014, 0, 0], [(?)(?)(?)(?)(?)(?)(?)(?)])(1 )(2 )(3 )] 40: 95dca82f-385d-4d39-b85b-5c73fa285d6f, 1, 0 [(0 [0xC004F014, 0, 0], [(?)(?)(?)(?)(?)(?)(?)(?)])(1 )(2 )(3 )] 41: 97cde3ae-e908-4b59-ac96-a17645c5b57e, 1, 0 [(0 [0xC004F014, 0, 0], [(?)(?)(?)(?)(?)(?)(?)(?)])(1 )(2 )(3 )] 42: a48938aa-62fa-4966-9d44-9f04da3f72f2, 1, 0 [(0 [0xC004F014, 0, 0], [(?)(?)(?)(?)(?)(?)(?)(?)])(1 )(2 )(3 )] 43: b0773a15-df3a-4312-9ad2-83d69648e356, 1, 0 [(0 [0xC004F014, 0, 0], [(?)(?)(?)(?)(?)(?)(?)(?)])(1 )(2 )(3 )] 44: b4bfe195-541e-4e64-ad23-6177f19e395e, 1, 0 [(0 [0xC004F014, 0, 0], [(?)(?)(?)(?)(?)(?)(?)(?)])(1 )(2 )(3 )] 45: b68e61d2-68ca-4757-be45-0cc2f3e68eee, 1, 0 [(0 [0xC004F014, 0, 0], [(?)(?)(?)(?)(?)(?)(?)(?)])(1 )(2 )(3 )] 46: bd3762d7-270d-4760-8fb3-d829ca45278a, 1, 0 [(0 [0xC004F014, 0, 0], [(?)(?)(?)(?)(?)(?)(?)(?)])(1 )(2 )(3 )] 47: c86d5194-4840-4dae-9c1c-0301003a5ab0, 1, 0 [(0 [0xC004F014, 0, 0], [(?)(?)(?)(?)(?)(?)(?)(?)])(1 )(2 )(3 )] 48: ca7df2e3-5ea0-47b8-9ac1-b1be4d8edd69, 1, 0 [(0 [0xC004F014, 0, 0], [(?)(?)(?)(?)(?)(?)(?)(?)])(1 )(2 )(3 )] 49: d552befb-48cc-4327-8f39-47d2d94f987c, 1, 0 [(0 [0xC004F014, 0, 0], [(?)(?)(?)(?)(?)(?)(?)(?)])(1 )(2 )(3 )] 50: d6eadb3b-5ca8-4a6b-986e-35b550756111, 1, 0 [(0 [0xC004F014, 0, 0], [(?)(?)(?)(?)(?)(?)(?)(?)])(1 )(2 )(3 )] 51: df96023b-dcd9-4be2-afa0-c6c871159ebe, 1, 0 [(0 [0xC004F014, 0, 0], [(?)(?)(?)(?)(?)(?)(?)(?)])(1 )(2 )(3 )] 52: e0c42288-980c-4788-a014-c080d2e1926e, 1, 0 [(0 [0xC004F014, 0, 0], [(?)(?)(?)(?)(?)(?)(?)(?)])(1 )(2 )(3 )] 53: e4db50ea-bda1-4566-b047-0ca50abc6f07, 1, 0 [(0 [0xC004F014, 0, 0], [(?)(?)(?)(?)(?)(?)(?)(?)])(1 )(2 )(3 )] 54: e558417a-5123-4f6f-91e7-385c1c7ca9d4, 1, 0 [(0 [0xC004F014, 0, 0], [(?)(?)(?)(?)(?)(?)(?)(?)])(1 )(2 )(3 )] 55: e7a950a2-e548-4f10-bf16-02ec848e0643, 1, 0 [(0 [0xC004F014, 0, 0], [(?)(?)(?)(?)(?)(?)(?)(?)])(1 )(2 )(3 )] 56: eb6d346f-1c60-4643-b960-40ec31596c45, 1, 0 [(0 [0xC004F014, 0, 0], [(?)(?)(?)(?)(?)(?)(?)(?)])(1 )(2 )(3 )] 57: ec868e65-fadf-4759-b23e-93fe37f2cc29, 1, 0 [(0 [0xC004F014, 0, 0], [(?)(?)(?)(?)(?)(?)(?)(?)])(1 )(2 )(3 )] 58: ef51e000-2659-4f25-8345-3de70a9cf4c4, 1, 0 [(0 [0xC004F014, 0, 0], [(?)(?)(?)(?)(?)(?)(?)(?)])(1 )(2 )(3 )] 59: f7af7d09-40e4-419c-a49b-eae366689ebd, 1, 0 [(0 [0xC004F014, 0, 0], [(?)(?)(?)(?)(?)(?)(?)(?)])(1 )(2 )(3 )] 60: fa755fe6-6739-40b9-8d84-6d0ea3b6d1ab, 1, 0 [(0 [0xC004F014, 0, 0], [(?)(?)(?)(?)(?)(?)(?)(?)])(1 )(2 )(3 )] 61: fe74f55b-0338-41d6-b267-4a201abe7285, 1, 0 [(0 [0xC004F014, 0, 0], [(?)(?)(?)(?)(?)(?)(?)(?)])(1 )(2 )(3 )]"
"9/8/2026 6:00:41 PM","1066","Information","Microsoft-Windows-Security-SPP","CRASHLAB-GOLD","Initialization status for service objects. C:\WINDOWS\system32\sppwinob.dll, msft:spp/windowsfunctionality/agent/7.0, 0x00000000, 0x00000000 C:\WINDOWS\system32\sppobjs.dll, msft:rm/algorithm/inherited/1.0, 0x00000000, 0x00000000 C:\WINDOWS\system32\sppobjs.dll, msft:rm/algorithm/phone/1.0, 0x00000000, 0x00000000 C:\WINDOWS\system32\sppobjs.dll, msft:rm/algorithm/pkey/detect, 0x00000000, 0x00000000 C:\WINDOWS\system32\sppobjs.dll, msft:spp/ActionScheduler/1.0, 0x00000000, 0x00000000 C:\WINDOWS\system32\sppobjs.dll, msft:spp/TaskScheduler/1.0, 0x00000000, 0x00000000 C:\WINDOWS\system32\sppobjs.dll, msft:spp/statecollector/pkey, 0x00000000, 0x00000000 C:\WINDOWS\system32\sppobjs.dll, msft:spp/volume/services/kms/1.0, 0x00000000, 0x00000000 C:\WINDOWS\system32\sppobjs.dll, msft:spp/volume/services/kms/activationinfo/1.0, 0x00000000, 0x00000000"
"9/8/2026 6:00:41 PM","16394","Information","Microsoft-Windows-Security-SPP","CRASHLAB-GOLD","Offline downlevel migration succeeded."
"9/8/2026 6:00:41 PM","900","Information","Microsoft-Windows-Security-SPP","CRASHLAB-GOLD","The Software Protection service is starting. Parameters:TriggerStarted:6"
"9/8/2026 6:00:40 PM","5615","Information","Microsoft-Windows-WMI","CRASHLAB-GOLD","Windows Management Instrumentation Service started sucessfully"
"9/8/2026 6:00:39 PM","4625","Information","Microsoft-Windows-EventSystem","CRASHLAB-GOLD","The EventSystem sub system is suppressing duplicate event log entries for a duration of 86400 seconds. The suppression timeout can be controlled by a REG_DWORD value named SuppressDuplicateDuration under the following registry key: HKLM\Software\Microsoft\EventSystem\EventLog."
"9/8/2026 6:00:39 PM","1531","Information","Microsoft-Windows-User Profiles Service","CRASHLAB-GOLD","The User Profile Service has started successfully."
"9/8/2026 5:58:12 PM","1532","Information","Microsoft-Windows-User Profiles Service","CRASHLAB-GOLD","The User Profile Service has stopped."
"9/8/2026 5:57:35 PM","1001","Information","Windows Error Reporting","CRASHLAB-GOLD","Fault bucket , type 0 Event Name: WindowsServicingFailureInfo Response: Not available Cab Id: 0 Problem signature: P1: 10.0.26100.8035:1 P2: Error: 0x800F0821 Failed to download FOD from Windows Update. P3: File: capabilitymanager.cpp(4177) - CCbsCapabilityManager::RetrieveCapabilities P4: P5: P6: P7: P8: P9: P10: Attached files: \\?\C:\Windows\Logs\CBS\CBS.log \\?\C:\Windows\Logs\CBS\container.etl \\?\C:\WINDOWS\servicing\Sessions\Sessions.xml \\?\C:\WINDOWS\servicing\Sessions\31277045_1374484724.xml \\?\C:\WINDOWS\WinSxs\poqexec.log \\?\C:\WINDOWS\system32\LogFiles\Scm\SCM.EVM \\?\C:\WINDOWS\Logs\Cbs\FilterList.log These files may be available here: NULL Analysis symbol: Rechecking for solution: 0 Report Id: 3f279daa-2d1d-4712-8735-3d0ad142f418 Report Status: 262148 Hashed bucket: Cab Guid: 0"
"9/8/2026 5:57:35 PM","1001","Information","Windows Error Reporting","CRASHLAB-GOLD","Fault bucket , type 0 Event Name: WindowsServicingFailureInfo Response: Not available Cab Id: 0 Problem signature: P1: 10.0.26100.8035:1 P2: Error: 0x800F0821 Failed to download FOD from Windows Update. P3: File: capabilitymanager.cpp(4177) - CCbsCapabilityManager::RetrieveCapabilities P4: P5: P6: P7: P8: P9: P10: Attached files: These files may be available here: \\?\C:\ProgramData\Microsoft\Windows\WER\ReportQueue\Critical_10.0.26100.8035__9c463e746e902338394e3ef48e5890518b579732_00000000_3f279daa-2d1d-4712-8735-3d0ad142f418 Analysis symbol: Rechecking for solution: 0 Report Id: 3f279daa-2d1d-4712-8735-3d0ad142f418 Report Status: 4 Hashed bucket: Cab Guid: 0"
"9/8/2026 5:57:25 PM","6000","Information","Microsoft-Windows-Winlogon","CRASHLAB-GOLD","The winlogon notification subscriber <SessionEnv> was unavailable to handle a notification event."
"9/8/2026 5:57:25 PM","6000","Information","Microsoft-Windows-Winlogon","CRASHLAB-GOLD","The winlogon notification subscriber <WSearch> was unavailable to handle a notification event."
"9/8/2026 5:56:33 PM","1001","Information","Windows Error Reporting","CRASHLAB-GOLD","Fault bucket , type 0 Event Name: AppxDeploymentFailureBlue Response: Not available Cab Id: 0 Problem signature: P1: 80073CF3 P2: 41 P3: 0 P4: NONE P5: 10.0.26100.8036 P6: 628 P7: P8: P9: P10: Attached files: These files may be available here: NULL Analysis symbol: Rechecking for solution: 0 Report Id: caa1d9ea-5011-408e-aac7-42d247de203e Report Status: 2147483648 Hashed bucket: Cab Guid: 0"
"9/8/2026 5:56:29 PM","2562",,"Microsoft-Windows-AppXDeploymentServer/Operational","CRASHLAB-GOLD",""
"9/8/2026 5:51:59 PM","2562",,"Microsoft-Windows-AppXDeploymentServer/Operational","CRASHLAB-GOLD",""
"9/8/2026 5:51:58 PM","2562",,"Microsoft-Windows-AppXDeploymentServer/Operational","CRASHLAB-GOLD",""
"9/8/2026 5:51:58 PM","2562",,"Microsoft-Windows-AppXDeploymentServer/Operational","CRASHLAB-GOLD",""
"9/8/2026 5:51:53 PM","16384","Information","Microsoft-Windows-Security-SPP","CRASHLAB-GOLD","Successfully scheduled Software Protection service for re-start at 2026-09-10T00:35:52Z. Reason: RulesEngine."
"9/8/2026 5:51:42 PM","2562",,"Microsoft-Windows-AppXDeploymentServer/Operational","CRASHLAB-GOLD",""
"9/8/2026 5:51:31 PM","1001","Information","Windows Error Reporting","CRASHLAB-GOLD","Fault bucket 1932070320946010017, type 5 Event Name: StoreAgentInstallFailure1 Response: Not available Cab Id: 0 Problem signature: P1: Update;UsoClient-SearchForUpdatesWithPausedAddAsync P2: 80073d02 P3: 26200 P4: 8037 P5: Windows.Desktop P6: P P7: P8: P9: P10: Attached files: \\?\C:\ProgramData\Microsoft\Windows\WER\Temp\WER.73304a7e-0fcd-400b-bc24-d4c7e9b96e28.tmp.WERInternalMetadata.xml These files may be available here: \\?\C:\ProgramData\Microsoft\Windows\WER\ReportArchive\NonCritical_Update;UsoClient_a6d4e35e2fe82a62db439251f7685d95904bf3c8_00000000_c408493b-1fe2-4bc2-a118-28411ddc15ab Analysis symbol: Rechecking for solution: 0 Report Id: c408493b-1fe2-4bc2-a118-28411ddc15ab Report Status: 268435456 Hashed bucket: 867ab19af3b9709b3ad017b8690fd7a1 Cab Guid: 0"
"9/8/2026 5:51:30 PM","1001","Information","Windows Error Reporting","CRASHLAB-GOLD","Fault bucket 1401251272552470005, type 5 Event Name: StoreAgentInstallFailure1 Response: Not available Cab Id: 0 Problem signature: P1: Update;UsoClient-SearchForUpdatesWithPausedAddAsync P2: 80240016 P3: 26200 P4: 8037 P5: Windows.Desktop P6: 3 P7: P8: P9: P10: Attached files: \\?\C:\ProgramData\Microsoft\Windows\WER\Temp\WER.0fa2a045-e477-4ad7-9ac3-979e75e5042f.tmp.WERInternalMetadata.xml These files may be available here: \\?\C:\ProgramData\Microsoft\Windows\WER\ReportArchive\NonCritical_Update;UsoClient_4240ea5ebdd53de4e96423197ef5d4bdde19fba_00000000_8c34c226-0e07-4062-8ee0-fe1ea161b28f Analysis symbol: Rechecking for solution: 0 Report Id: 8c34c226-0e07-4062-8ee0-fe1ea161b28f Report Status: 268435456 Hashed bucket: 8e99fcce19d83fb5b3723e9bb58dd5f5 Cab Guid: 0"
"9/8/2026 5:51:30 PM","1001","Information","Windows Error Reporting","CRASHLAB-GOLD","Fault bucket 1760962031499326062, type 5 Event Name: StoreAgentInstallFailure1 Response: Not available Cab Id: 0 Problem signature: P1: Update;UsoClient-SearchForUpdatesWithPausedAddAsync P2: 80240016 P3: 26200 P4: 8037 P5: Windows.Desktop P6: P P7: P8: P9: P10: Attached files: \\?\C:\ProgramData\Microsoft\Windows\WER\Temp\WER.9337acfb-932a-4c04-922e-4b4975e7ff0d.tmp.WERInternalMetadata.xml These files may be available here: \\?\C:\ProgramData\Microsoft\Windows\WER\ReportArchive\NonCritical_Update;UsoClient_cf5c055f8d343835f9ae8e04e73bc28fe5b630_00000000_41a5e00c-28d4-43a5-b1fb-33157ceebc54 Analysis symbol: Rechecking for solution: 0 Report Id: 41a5e00c-28d4-43a5-b1fb-33157ceebc54 Report Status: 268435456 Hashed bucket: 4290de9718d0e031a87031a33e77b26e Cab Guid: 0"
"9/8/2026 5:51:29 PM","1001","Information","Windows Error Reporting","CRASHLAB-GOLD","Fault bucket , type 0 Event Name: StoreAgentInstallFailure1 Response: Not available Cab Id: 0 Problem signature: P1: Update;UsoClient-SearchForUpdatesWithPausedAddAsync P2: 80073d02 P3: 26200 P4: 8037 P5: Windows.Desktop P6: P P7: P8: P9: P10: Attached files: These files may be available here: \\?\C:\ProgramData\Microsoft\Windows\WER\ReportQueue\NonCritical_Update;UsoClient_a6d4e35e2fe82a62db439251f7685d95904bf3c8_00000000_c408493b-1fe2-4bc2-a118-28411ddc15ab Analysis symbol: Rechecking for solution: 0 Report Id: c408493b-1fe2-4bc2-a118-28411ddc15ab Report Status: 4 Hashed bucket: Cab Guid: 0"
"9/8/2026 5:51:27 PM","2562",,"Microsoft-Windows-AppXDeploymentServer/Operational","CRASHLAB-GOLD",""
"9/8/2026 5:51:27 PM","2562",,"Microsoft-Windows-AppXDeploymentServer/Operational","CRASHLAB-GOLD",""
"9/8/2026 5:51:20 PM","2562",,"Microsoft-Windows-AppXDeploymentServer/Operational","CRASHLAB-GOLD",""
"9/8/2026 5:51:18 PM","16394","Information","Microsoft-Windows-Security-SPP","CRASHLAB-GOLD","Offline downlevel migration succeeded."
"9/8/2026 5:51:14 PM","1001","Information","Windows Error Reporting","CRASHLAB-GOLD","Fault bucket , type 0 Event Name: StoreAgentInstallFailure1 Response: Not available Cab Id: 0 Problem signature: P1: Update;UsoClient-SearchForUpdatesWithPausedAddAsync P2: 80240016 P3: 26200 P4: 8037 P5: Windows.Desktop P6: 3 P7: P8: P9: P10: Attached files: These files may be available here: \\?\C:\ProgramData\Microsoft\Windows\WER\ReportQueue\NonCritical_Update;UsoClient_4240ea5ebdd53de4e96423197ef5d4bdde19fba_00000000_8c34c226-0e07-4062-8ee0-fe1ea161b28f Analysis symbol: Rechecking for solution: 0 Report Id: 8c34c226-0e07-4062-8ee0-fe1ea161b28f Report Status: 4 Hashed bucket: Cab Guid: 0"
"9/8/2026 5:51:14 PM","1001","Information","Windows Error Reporting","CRASHLAB-GOLD","Fault bucket , type 0 Event Name: StoreAgentInstallFailure1 Response: Not available Cab Id: 0 Problem signature: P1: Update;UsoClient-SearchForUpdatesWithPausedAddAsync P2: 80240016 P3: 26200 P4: 8037 P5: Windows.Desktop P6: P P7: P8: P9: P10: Attached files: These files may be available here: \\?\C:\ProgramData\Microsoft\Windows\WER\ReportQueue\NonCritical_Update;UsoClient_cf5c055f8d343835f9ae8e04e73bc28fe5b630_00000000_41a5e00c-28d4-43a5-b1fb-33157ceebc54 Analysis symbol: Rechecking for solution: 0 Report Id: 41a5e00c-28d4-43a5-b1fb-33157ceebc54 Report Status: 4 Hashed bucket: Cab Guid: 0"
"9/8/2026 5:51:07 PM","2562",,"Microsoft-Windows-AppXDeploymentServer/Operational","CRASHLAB-GOLD",""
"9/8/2026 5:50:13 PM","8224","Information","VSS","CRASHLAB-GOLD","The VSS service is shutting down due to idle timeout."
"9/8/2026 5:43:59 PM","16384","Information","Microsoft-Windows-Security-SPP","CRASHLAB-GOLD","Successfully scheduled Software Protection service for re-start at 2026-09-10T00:35:58Z. Reason: RulesEngine."
"9/8/2026 5:43:31 PM","16394","Information","Microsoft-Windows-Security-SPP","CRASHLAB-GOLD","Offline downlevel migration succeeded."
"9/8/2026 5:42:22 PM","24","Warning","Microsoft-Windows-AppModel-State","CRASHLAB-GOLD","Repair of state locations for operation InitializeDataChangedSignaler against package Microsoft.Windows.ShellExperienceHost_cw5n1h2txyewy with error -2147024894 returned Error Code: 0"
"9/8/2026 5:42:22 PM","23","Warning","Microsoft-Windows-AppModel-State","CRASHLAB-GOLD","Triggered repair of state locations because operation InitializeDataChangedSignaler against package Microsoft.Windows.ShellExperienceHost_cw5n1h2txyewy hit error -2147024894."
"9/8/2026 5:42:06 PM","1001","Information","Windows Error Reporting","CRASHLAB-GOLD","Fault bucket , type 0 Event Name: AppxDeploymentFailureBlue Response: Not available Cab Id: 0 Problem signature: P1: 80073CF3 P2: 41 P3: 0 P4: NONE P5: 10.0.26100.8036 P6: 628 P7: P8: P9: P10: Attached files: These files may be available here: NULL Analysis symbol: Rechecking for solution: 0 Report Id: 94e05e84-709e-46be-b652-7b1c11410eb9 Report Status: 2147483648 Hashed bucket: Cab Guid: 0"
"9/8/2026 5:39:34 PM","16384","Information","Microsoft-Windows-Security-SPP","CRASHLAB-GOLD","Successfully scheduled Software Protection service for re-start at 2026-09-10T00:35:34Z. Reason: RulesEngine."
"9/8/2026 5:39:06 PM","15","Information","SecurityCenter","CRASHLAB-GOLD","Updated Windows Defender status successfully to SECURITY_PRODUCT_STATE_ON."
"9/8/2026 5:39:03 PM","1","Information","SecurityCenter","CRASHLAB-GOLD","The Windows Security Center Service has started."
"9/8/2026 5:39:02 PM","16394","Information","Microsoft-Windows-Security-SPP","CRASHLAB-GOLD","Offline downlevel migration succeeded."
"9/8/2026 5:39:02 PM","900","Information","Microsoft-Windows-Security-SPP","CRASHLAB-GOLD","The Software Protection service is starting. Parameters:<explicit>"
"9/8/2026 5:39:01 PM","0","Information","edgeupdate","CRASHLAB-GOLD","Service stopped."
"9/8/2026 5:37:34 PM","256","Information","Edge","CRASHLAB-GOLD","[2944:8204:0908/173734.139:INFO:chrome\browser\extensions\extension_garbage_collector.cc:188] Garbage collection for extensions on file thread is complete."
"9/8/2026 5:37:18 PM","903","Information","Microsoft-Windows-Security-SPP","CRASHLAB-GOLD","The Software Protection service has stopped."
"9/8/2026 5:37:18 PM","16384","Information","Microsoft-Windows-Security-SPP","CRASHLAB-GOLD","Successfully scheduled Software Protection service for re-start at 2026-09-10T00:36:18Z. Reason: RulesEngine."
"9/8/2026 5:37:00 PM","2562",,"Microsoft-Windows-AppXDeploymentServer/Operational","CRASHLAB-GOLD",""
"9/8/2026 5:36:35 PM","8198","Error","Microsoft-Windows-Security-SPP","CRASHLAB-GOLD","License Activation (slui.exe) failed with the following error code: hr=0x803F7001 Command-line arguments: RuleId=31e71c49-8da7-4a2f-ad92-45d98a1c79ba;Action=AutoActivate;AppId=55c92734-d682-4d71-983e-d6ec3f16059f;SkuId=4de7cb65-cdf1-4de9-8ae8-e3cce27b9f2c;NotificationInterval=1440;Trigger=UserLogon;SessionId=1"
"9/8/2026 5:36:35 PM","1003","Information","Microsoft-Windows-Security-SPP","CRASHLAB-GOLD","The Software Protection service has completed licensing status check. Application Id=55c92734-d682-4d71-983e-d6ec3f16059f Licensing Status= 1: 01eb852c-424d-4060-94b8-c10d799d7364, 1, 0 [(0 [0xC004F014, 0, 0], [(?)(?)(?)(?)(?)(?)(?)(?)])(1 )(2 )(3 )] 2: 040fa323-92b1-4baf-97a2-5b67feaefddb, 1, 0 [(0 [0xC004F014, 0, 0], [(?)(?)(?)(?)(?)(?)(?)(?)])(1 )(2 )(3 )] 3: 0724cb7d-3437-4cb7-93cb-830375d0079d, 1, 0 [(0 [0xC004F014, 0, 0], [(?)(?)(?)(?)(?)(?)(?)(?)])(1 )(2 )(3 )] 4: 0ad2ac98-7bb9-4201-8d92-312299201369, 1, 0 [(0 [0xC004F014, 0, 0], [(?)(?)(?)(?)(?)(?)(?)(?)])(1 )(2 )(3 )] 5: 19de9b2f-0166-4abb-9534-56ea69a80edb, 1, 0 [(0 [0xC004F014, 0, 0], [(?)(?)(?)(?)(?)(?)(?)(?)])(1 )(2 )(3 )] 6: 1a9a717a-cf13-4ba5-83c3-0fe25fa868d5, 1, 0 [(0 [0xC004F014, 0, 0], [(?)(?)(?)(?)(?)(?)(?)(?)])(1 )(2 )(3 )] 7: 221a02da-e2a1-4b75-864c-0a4410a33fdf, 1, 0 [(0 [0xC004F014, 0, 0], [(?)(?)(?)(?)(?)(?)(?)(?)])(1 )(2 )(3 )] 8: 265f3fad-6a1c-4bdd-ae30-c75efa556ccb, 1, 0 [(0 [0xC004F014, 0, 0], [(?)(?)(?)(?)(?)(?)(?)(?)])(1 )(2 )(3 )] 9: 291ece0e-9c38-40ca-a9e1-32cc7ec19507, 1, 0 [(0 [0xC004F014, 0, 0], [(?)(?)(?)(?)(?)(?)(?)(?)])(1 )(2 )(3 )] 10: 2936d1d2-913a-4542-b54e-ce5a602a2a38, 1, 0 [(0 [0xC004F014, 0, 0], [(?)(?)(?)(?)(?)(?)(?)(?)])(1 )(2 )(3 )] 11: 2c293c26-a45a-4a2a-a350-c69a67097529, 1, 0 [(0 [0xC004F014, 0, 0], [(?)(?)(?)(?)(?)(?)(?)(?)])(1 )(2 )(3 )] 12: 2de67392-b7a7-462a-b1ca-108dd189f588, 1, 0 [(0 [0xC004F014, 0, 0], [(?)(?)(?)(?)(?)(?)(?)(?)])(1 )(2 )(3 )] 13: 2ffd8952-423e-4903-b993-72a1aa44cf82, 1, 0 [(0 [0xC004F014, 0, 0], [(?)(?)(?)(?)(?)(?)(?)(?)])(1 )(2 )(3 )] 14: 30a42c86-b7a0-4a34-8c90-ff177cb2acb7, 1, 0 [(0 [0xC004F014, 0, 0], [(?)(?)(?)(?)(?)(?)(?)(?)])(1 )(2 )(3 )] 15: 345a5db0-d94f-4e3b-a0c0-7c42f7bc3ebf, 1, 0 [(0 [0xC004F014, 0, 0], [(?)(?)(?)(?)(?)(?)(?)(?)])(1 )(2 )(3 )] 16: 3502365a-f88a-4ba4-822a-5769d3073b65, 1, 0 [(0 [0xC004F014, 0, 0], [(?)(?)(?)(?)(?)(?)(?)(?)])(1 )(2 )(3 )] 17: 377333b1-8b5d-48d6-9679-1225c872d37c, 1, 0 [(0 [0xC004F014, 0, 0], [(?)(?)(?)(?)(?)(?)(?)(?)])(1 )(2 )(3 )] 18: 3df374ef-d444-4494-a5a1-4b0d9fd0e203, 1, 0 [(0 [0xC004F014, 0, 0], [(?)(?)(?)(?)(?)(?)(?)(?)])(1 )(2 )(3 )] 19: 3ebce241-ea87-4946-8a4f-80d00e921dff, 1, 0 [(0 [0xC004F014, 0, 0], [(?)(?)(?)(?)(?)(?)(?)(?)])(1 )(2 )(3 )] 20: 3f1afc82-f8ac-4f6c-8005-1d233e606eee, 1, 0 [(0 [0xC004F014, 0, 0], [(?)(?)(?)(?)(?)(?)(?)(?)])(1 )(2 )(3 )] 21: 4322a811-697c-44dc-865e-3e2fdcb86009, 1, 0 [(0 [0xC004F014, 0, 0], [(?)(?)(?)(?)(?)(?)(?)(?)])(1 )(2 )(3 )] 22: 49cd895b-53b2-4dc4-a5f7-b18aa019ad37, 1, 0 [(0 [0xC004F014, 0, 0], [(?)(?)(?)(?)(?)(?)(?)(?)])(1 )(2 )(3 )] 23: 4de7cb65-cdf1-4de9-8ae8-e3cce27b9f2c, 1, 1 [(0 )(1 )(2 [0xC004E003, 0, 0], [( 1 0xC004F034)( 1 0xC004F034)(?)(?)(?)(?)(?)(?)])(3 [0x00000000, 0, 0], [( 6 0xC004F009 0 0)( 1 0x00000000)( 6 0xC004F009 0 0)(?)(?)(?)( 10 0x00000000 msft:rm/algorithm/flags/1.0)( 11 0x00000000 0xC004F034)])] 24: 4f3da0d2-271d-4508-ae81-626b60809a38, 1, 0 [(0 [0xC004F014, 0, 0], [(?)(?)(?)(?)(?)(?)(?)(?)])(1 )(2 )(3 )] 25: 5d78c4e9-aeb3-4b40-8ac2-6a6005e0ad6d, 1, 0 [(0 [0xC004F014, 0, 0], [(?)(?)(?)(?)(?)(?)(?)(?)])(1 )(2 )(3 )] 26: 60b3ec1b-9545-4921-821f-311b129dd6f6, 1, 0 [(0 [0xC004F014, 0, 0], [(?)(?)(?)(?)(?)(?)(?)(?)])(1 )(2 )(3 )] 27: 613d217f-7f13-4268-9907-1662339531cd, 1, 0 [(0 [0xC004F014, 0, 0], [(?)(?)(?)(?)(?)(?)(?)(?)])(1 )(2 )(3 )] 28: 62f0c100-9c53-4e02-b886-a3528ddfe7f6, 1, 0 [(0 [0xC004F014, 0, 0], [(?)(?)(?)(?)(?)(?)(?)(?)])(1 )(2 )(3 )] 29: 6365275e-368d-46ca-a0ef-fc0404119333, 1, 0 [(0 [0xC004F014, 0, 0], [(?)(?)(?)(?)(?)(?)(?)(?)])(1 )(2 )(3 )] 30: 721f9237-9341-4453-a661-09e8baa6cca5, 1, 0 [(0 [0xC004F014, 0, 0], [(?)(?)(?)(?)(?)(?)(?)(?)])(1 )(2 )(3 )] 31: 73111121-5638-40f6-bc11-f1d7b0d64300, 1, 0 [(0 [0xC004F014, 0, 0], [(?)(?)(?)(?)(?)(?)(?)(?)])(1 )(2 )(3 )] 32: 7a802526-4c94-4bd1-ba14-835a1aca2120, 1, 0 [(0 [0xC004F014, 0, 0], [(?)(?)(?)(?)(?)(?)(?)(?)])(1 )(2 )(3 )] 33: 7cb546c0-c7d5-44d8-9a5c-69ecdd782b69, 1, 0 [(0 [0xC004F014, 0, 0], [(?)(?)(?)(?)(?)(?)(?)(?)])(1 )(2 )(3 )] 34: 80083eae-7031-4394-9e88-4901973d56fe, 1, 0 [(0 [0xC004F014, 0, 0], [(?)(?)(?)(?)(?)(?)(?)(?)])(1 )(2 )(3 )] 35: 82bbc092-bc50-4e16-8e18-b74fc486aec3, 1, 0 [(0 [0xC004F014, 0, 0], [(?)(?)(?)(?)(?)(?)(?)(?)])(1 )(2 )(3 )] 36: 8ab9bdd1-1f67-4997-82d9-8878520837d9, 1, 0 [(0 [0xC004F014, 0, 0], [(?)(?)(?)(?)(?)(?)(?)(?)])(1 )(2 )(3 )] 37: 8b351c9c-f398-4515-9900-09df49427262, 1, 0 [(0 [0xC004F014, 0, 0], [(?)(?)(?)(?)(?)(?)(?)(?)])(1 )(2 )(3 )] 38: 90da7373-1c51-430b-bf26-c97e9c5cdc31, 1, 0 [(0 [0xC004F014, 0, 0], [(?)(?)(?)(?)(?)(?)(?)(?)])(1 )(2 )(3 )] 39: 92fb8726-92a8-4ffc-94ce-f82e07444653, 1, 0 [(0 [0xC004F014, 0, 0], [(?)(?)(?)(?)(?)(?)(?)(?)])(1 )(2 )(3 )] 40: 95dca82f-385d-4d39-b85b-5c73fa285d6f, 1, 0 [(0 [0xC004F014, 0, 0], [(?)(?)(?)(?)(?)(?)(?)(?)])(1 )(2 )(3 )] 41: 97cde3ae-e908-4b59-ac96-a17645c5b57e, 1, 0 [(0 [0xC004F014, 0, 0], [(?)(?)(?)(?)(?)(?)(?)(?)])(1 )(2 )(3 )] 42: a48938aa-62fa-4966-9d44-9f04da3f72f2, 1, 0 [(0 [0xC004F014, 0, 0], [(?)(?)(?)(?)(?)(?)(?)(?)])(1 )(2 )(3 )] 43: b0773a15-df3a-4312-9ad2-83d69648e356, 1, 0 [(0 [0xC004F014, 0, 0], [(?)(?)(?)(?)(?)(?)(?)(?)])(1 )(2 )(3 )] 44: b4bfe195-541e-4e64-ad23-6177f19e395e, 1, 0 [(0 [0xC004F014, 0, 0], [(?)(?)(?)(?)(?)(?)(?)(?)])(1 )(2 )(3 )] 45: b68e61d2-68ca-4757-be45-0cc2f3e68eee, 1, 0 [(0 [0xC004F014, 0, 0], [(?)(?)(?)(?)(?)(?)(?)(?)])(1 )(2 )(3 )] 46: bd3762d7-270d-4760-8fb3-d829ca45278a, 1, 0 [(0 [0xC004F014, 0, 0], [(?)(?)(?)(?)(?)(?)(?)(?)])(1 )(2 )(3 )] 47: c86d5194-4840-4dae-9c1c-0301003a5ab0, 1, 0 [(0 [0xC004F014, 0, 0], [(?)(?)(?)(?)(?)(?)(?)(?)])(1 )(2 )(3 )] 48: ca7df2e3-5ea0-47b8-9ac1-b1be4d8edd69, 1, 0 [(0 [0xC004F014, 0, 0], [(?)(?)(?)(?)(?)(?)(?)(?)])(1 )(2 )(3 )] 49: d552befb-48cc-4327-8f39-47d2d94f987c, 1, 0 [(0 [0xC004F014, 0, 0], [(?)(?)(?)(?)(?)(?)(?)(?)])(1 )(2 )(3 )] 50: d6eadb3b-5ca8-4a6b-986e-35b550756111, 1, 0 [(0 [0xC004F014, 0, 0], [(?)(?)(?)(?)(?)(?)(?)(?)])(1 )(2 )(3 )] 51: df96023b-dcd9-4be2-afa0-c6c871159ebe, 1, 0 [(0 [0xC004F014, 0, 0], [(?)(?)(?)(?)(?)(?)(?)(?)])(1 )(2 )(3 )] 52: e0c42288-980c-4788-a014-c080d2e1926e, 1, 0 [(0 [0xC004F014, 0, 0], [(?)(?)(?)(?)(?)(?)(?)(?)])(1 )(2 )(3 )] 53: e4db50ea-bda1-4566-b047-0ca50abc6f07, 1, 0 [(0 [0xC004F014, 0, 0], [(?)(?)(?)(?)(?)(?)(?)(?)])(1 )(2 )(3 )] 54: e558417a-5123-4f6f-91e7-385c1c7ca9d4, 1, 0 [(0 [0xC004F014, 0, 0], [(?)(?)(?)(?)(?)(?)(?)(?)])(1 )(2 )(3 )] 55: e7a950a2-e548-4f10-bf16-02ec848e0643, 1, 0 [(0 [0xC004F014, 0, 0], [(?)(?)(?)(?)(?)(?)(?)(?)])(1 )(2 )(3 )] 56: eb6d346f-1c60-4643-b960-40ec31596c45, 1, 0 [(0 [0xC004F014, 0, 0], [(?)(?)(?)(?)(?)(?)(?)(?)])(1 )(2 )(3 )] 57: ec868e65-fadf-4759-b23e-93fe37f2cc29, 1, 0 [(0 [0xC004F014, 0, 0], [(?)(?)(?)(?)(?)(?)(?)(?)])(1 )(2 )(3 )] 58: ef51e000-2659-4f25-8345-3de70a9cf4c4, 1, 0 [(0 [0xC004F014, 0, 0], [(?)(?)(?)(?)(?)(?)(?)(?)])(1 )(2 )(3 )] 59: f7af7d09-40e4-419c-a49b-eae366689ebd, 1, 0 [(0 [0xC004F014, 0, 0], [(?)(?)(?)(?)(?)(?)(?)(?)])(1 )(2 )(3 )] 60: fa755fe6-6739-40b9-8d84-6d0ea3b6d1ab, 1, 0 [(0 [0xC004F014, 0, 0], [(?)(?)(?)(?)(?)(?)(?)(?)])(1 )(2 )(3 )] 61: fe74f55b-0338-41d6-b267-4a201abe7285, 1, 0 [(0 [0xC004F014, 0, 0], [(?)(?)(?)(?)(?)(?)(?)(?)])(1 )(2 )(3 )]"
"9/8/2026 5:36:34 PM","1003","Information","Microsoft-Windows-Security-SPP","CRASHLAB-GOLD","The Software Protection service has completed licensing status check. Application Id=55c92734-d682-4d71-983e-d6ec3f16059f Licensing Status= 1: 01eb852c-424d-4060-94b8-c10d799d7364, 1, 0 [(0 [0xC004F014, 0, 0], [(?)(?)(?)(?)(?)(?)(?)(?)])(1 )(2 )(3 )] 2: 040fa323-92b1-4baf-97a2-5b67feaefddb, 1, 0 [(0 [0xC004F014, 0, 0], [(?)(?)(?)(?)(?)(?)(?)(?)])(1 )(2 )(3 )] 3: 0724cb7d-3437-4cb7-93cb-830375d0079d, 1, 0 [(0 [0xC004F014, 0, 0], [(?)(?)(?)(?)(?)(?)(?)(?)])(1 )(2 )(3 )] 4: 0ad2ac98-7bb9-4201-8d92-312299201369, 1, 0 [(0 [0xC004F014, 0, 0], [(?)(?)(?)(?)(?)(?)(?)(?)])(1 )(2 )(3 )] 5: 19de9b2f-0166-4abb-9534-56ea69a80edb, 1, 0 [(0 [0xC004F014, 0, 0], [(?)(?)(?)(?)(?)(?)(?)(?)])(1 )(2 )(3 )] 6: 1a9a717a-cf13-4ba5-83c3-0fe25fa868d5, 1, 0 [(0 [0xC004F014, 0, 0], [(?)(?)(?)(?)(?)(?)(?)(?)])(1 )(2 )(3 )] 7: 221a02da-e2a1-4b75-864c-0a4410a33fdf, 1, 0 [(0 [0xC004F014, 0, 0], [(?)(?)(?)(?)(?)(?)(?)(?)])(1 )(2 )(3 )] 8: 265f3fad-6a1c-4bdd-ae30-c75efa556ccb, 1, 0 [(0 [0xC004F014, 0, 0], [(?)(?)(?)(?)(?)(?)(?)(?)])(1 )(2 )(3 )] 9: 291ece0e-9c38-40ca-a9e1-32cc7ec19507, 1, 0 [(0 [0xC004F014, 0, 0], [(?)(?)(?)(?)(?)(?)(?)(?)])(1 )(2 )(3 )] 10: 2936d1d2-913a-4542-b54e-ce5a602a2a38, 1, 0 [(0 [0xC004F014, 0, 0], [(?)(?)(?)(?)(?)(?)(?)(?)])(1 )(2 )(3 )] 11: 2c293c26-a45a-4a2a-a350-c69a67097529, 1, 0 [(0 [0xC004F014, 0, 0], [(?)(?)(?)(?)(?)(?)(?)(?)])(1 )(2 )(3 )] 12: 2de67392-b7a7-462a-b1ca-108dd189f588, 1, 0 [(0 [0xC004F014, 0, 0], [(?)(?)(?)(?)(?)(?)(?)(?)])(1 )(2 )(3 )] 13: 2ffd8952-423e-4903-b993-72a1aa44cf82, 1, 0 [(0 [0xC004F014, 0, 0], [(?)(?)(?)(?)(?)(?)(?)(?)])(1 )(2 )(3 )] 14: 30a42c86-b7a0-4a34-8c90-ff177cb2acb7, 1, 0 [(0 [0xC004F014, 0, 0], [(?)(?)(?)(?)(?)(?)(?)(?)])(1 )(2 )(3 )] 15: 345a5db0-d94f-4e3b-a0c0-7c42f7bc3ebf, 1, 0 [(0 [0xC004F014, 0, 0], [(?)(?)(?)(?)(?)(?)(?)(?)])(1 )(2 )(3 )] 16: 3502365a-f88a-4ba4-822a-5769d3073b65, 1, 0 [(0 [0xC004F014, 0, 0], [(?)(?)(?)(?)(?)(?)(?)(?)])(1 )(2 )(3 )] 17: 377333b1-8b5d-48d6-9679-1225c872d37c, 1, 0 [(0 [0xC004F014, 0, 0], [(?)(?)(?)(?)(?)(?)(?)(?)])(1 )(2 )(3 )] 18: 3df374ef-d444-4494-a5a1-4b0d9fd0e203, 1, 0 [(0 [0xC004F014, 0, 0], [(?)(?)(?)(?)(?)(?)(?)(?)])(1 )(2 )(3 )] 19: 3ebce241-ea87-4946-8a4f-80d00e921dff, 1, 0 [(0 [0xC004F014, 0, 0], [(?)(?)(?)(?)(?)(?)(?)(?)])(1 )(2 )(3 )] 20: 3f1afc82-f8ac-4f6c-8005-1d233e606eee, 1, 0 [(0 [0xC004F014, 0, 0], [(?)(?)(?)(?)(?)(?)(?)(?)])(1 )(2 )(3 )] 21: 4322a811-697c-44dc-865e-3e2fdcb86009, 1, 0 [(0 [0xC004F014, 0, 0], [(?)(?)(?)(?)(?)(?)(?)(?)])(1 )(2 )(3 )] 22: 49cd895b-53b2-4dc4-a5f7-b18aa019ad37, 1, 0 [(0 [0xC004F014, 0, 0], [(?)(?)(?)(?)(?)(?)(?)(?)])(1 )(2 )(3 )] 23: 4de7cb65-cdf1-4de9-8ae8-e3cce27b9f2c, 1, 1 [(0 )(1 )(2 [0xC004E003, 0, 0], [( 1 0xC004F034)( 1 0xC004F034)(?)(?)(?)(?)(?)(?)])(3 [0x00000000, 0, 0], [( 6 0xC004F009 0 0)( 1 0x00000000)( 6 0xC004F009 0 0)(?)(?)(?)( 10 0x00000000 msft:rm/algorithm/flags/1.0)( 11 0x00000000 0xC004F034)])] 24: 4f3da0d2-271d-4508-ae81-626b60809a38, 1, 0 [(0 [0xC004F014, 0, 0], [(?)(?)(?)(?)(?)(?)(?)(?)])(1 )(2 )(3 )] 25: 5d78c4e9-aeb3-4b40-8ac2-6a6005e0ad6d, 1, 0 [(0 [0xC004F014, 0, 0], [(?)(?)(?)(?)(?)(?)(?)(?)])(1 )(2 )(3 )] 26: 60b3ec1b-9545-4921-821f-311b129dd6f6, 1, 0 [(0 [0xC004F014, 0, 0], [(?)(?)(?)(?)(?)(?)(?)(?)])(1 )(2 )(3 )] 27: 613d217f-7f13-4268-9907-1662339531cd, 1, 0 [(0 [0xC004F014, 0, 0], [(?)(?)(?)(?)(?)(?)(?)(?)])(1 )(2 )(3 )] 28: 62f0c100-9c53-4e02-b886-a3528ddfe7f6, 1, 0 [(0 [0xC004F014, 0, 0], [(?)(?)(?)(?)(?)(?)(?)(?)])(1 )(2 )(3 )] 29: 6365275e-368d-46ca-a0ef-fc0404119333, 1, 0 [(0 [0xC004F014, 0, 0], [(?)(?)(?)(?)(?)(?)(?)(?)])(1 )(2 )(3 )] 30: 721f9237-9341-4453-a661-09e8baa6cca5, 1, 0 [(0 [0xC004F014, 0, 0], [(?)(?)(?)(?)(?)(?)(?)(?)])(1 )(2 )(3 )] 31: 73111121-5638-40f6-bc11-f1d7b0d64300, 1, 0 [(0 [0xC004F014, 0, 0], [(?)(?)(?)(?)(?)(?)(?)(?)])(1 )(2 )(3 )] 32: 7a802526-4c94-4bd1-ba14-835a1aca2120, 1, 0 [(0 [0xC004F014, 0, 0], [(?)(?)(?)(?)(?)(?)(?)(?)])(1 )(2 )(3 )] 33: 7cb546c0-c7d5-44d8-9a5c-69ecdd782b69, 1, 0 [(0 [0xC004F014, 0, 0], [(?)(?)(?)(?)(?)(?)(?)(?)])(1 )(2 )(3 )] 34: 80083eae-7031-4394-9e88-4901973d56fe, 1, 0 [(0 [0xC004F014, 0, 0], [(?)(?)(?)(?)(?)(?)(?)(?)])(1 )(2 )(3 )] 35: 82bbc092-bc50-4e16-8e18-b74fc486aec3, 1, 0 [(0 [0xC004F014, 0, 0], [(?)(?)(?)(?)(?)(?)(?)(?)])(1 )(2 )(3 )] 36: 8ab9bdd1-1f67-4997-82d9-8878520837d9, 1, 0 [(0 [0xC004F014, 0, 0], [(?)(?)(?)(?)(?)(?)(?)(?)])(1 )(2 )(3 )] 37: 8b351c9c-f398-4515-9900-09df49427262, 1, 0 [(0 [0xC004F014, 0, 0], [(?)(?)(?)(?)(?)(?)(?)(?)])(1 )(2 )(3 )] 38: 90da7373-1c51-430b-bf26-c97e9c5cdc31, 1, 0 [(0 [0xC004F014, 0, 0], [(?)(?)(?)(?)(?)(?)(?)(?)])(1 )(2 )(3 )] 39: 92fb8726-92a8-4ffc-94ce-f82e07444653, 1, 0 [(0 [0xC004F014, 0, 0], [(?)(?)(?)(?)(?)(?)(?)(?)])(1 )(2 )(3 )] 40: 95dca82f-385d-4d39-b85b-5c73fa285d6f, 1, 0 [(0 [0xC004F014, 0, 0], [(?)(?)(?)(?)(?)(?)(?)(?)])(1 )(2 )(3 )] 41: 97cde3ae-e908-4b59-ac96-a17645c5b57e, 1, 0 [(0 [0xC004F014, 0, 0], [(?)(?)(?)(?)(?)(?)(?)(?)])(1 )(2 )(3 )] 42: a48938aa-62fa-4966-9d44-9f04da3f72f2, 1, 0 [(0 [0xC004F014, 0, 0], [(?)(?)(?)(?)(?)(?)(?)(?)])(1 )(2 )(3 )] 43: b0773a15-df3a-4312-9ad2-83d69648e356, 1, 0 [(0 [0xC004F014, 0, 0], [(?)(?)(?)(?)(?)(?)(?)(?)])(1 )(2 )(3 )] 44: b4bfe195-541e-4e64-ad23-6177f19e395e, 1, 0 [(0 [0xC004F014, 0, 0], [(?)(?)(?)(?)(?)(?)(?)(?)])(1 )(2 )(3 )] 45: b68e61d2-68ca-4757-be45-0cc2f3e68eee, 1, 0 [(0 [0xC004F014, 0, 0], [(?)(?)(?)(?)(?)(?)(?)(?)])(1 )(2 )(3 )] 46: bd3762d7-270d-4760-8fb3-d829ca45278a, 1, 0 [(0 [0xC004F014, 0, 0], [(?)(?)(?)(?)(?)(?)(?)(?)])(1 )(2 )(3 )] 47: c86d5194-4840-4dae-9c1c-0301003a5ab0, 1, 0 [(0 [0xC004F014, 0, 0], [(?)(?)(?)(?)(?)(?)(?)(?)])(1 )(2 )(3 )] 48: ca7df2e3-5ea0-47b8-9ac1-b1be4d8edd69, 1, 0 [(0 [0xC004F014, 0, 0], [(?)(?)(?)(?)(?)(?)(?)(?)])(1 )(2 )(3 )] 49: d552befb-48cc-4327-8f39-47d2d94f987c, 1, 0 [(0 [0xC004F014, 0, 0], [(?)(?)(?)(?)(?)(?)(?)(?)])(1 )(2 )(3 )] 50: d6eadb3b-5ca8-4a6b-986e-35b550756111, 1, 0 [(0 [0xC004F014, 0, 0], [(?)(?)(?)(?)(?)(?)(?)(?)])(1 )(2 )(3 )] 51: df96023b-dcd9-4be2-afa0-c6c871159ebe, 1, 0 [(0 [0xC004F014, 0, 0], [(?)(?)(?)(?)(?)(?)(?)(?)])(1 )(2 )(3 )] 52: e0c42288-980c-4788-a014-c080d2e1926e, 1, 0 [(0 [0xC004F014, 0, 0], [(?)(?)(?)(?)(?)(?)(?)(?)])(1 )(2 )(3 )] 53: e4db50ea-bda1-4566-b047-0ca50abc6f07, 1, 0 [(0 [0xC004F014, 0, 0], [(?)(?)(?)(?)(?)(?)(?)(?)])(1 )(2 )(3 )] 54: e558417a-5123-4f6f-91e7-385c1c7ca9d4, 1, 0 [(0 [0xC004F014, 0, 0], [(?)(?)(?)(?)(?)(?)(?)(?)])(1 )(2 )(3 )] 55: e7a950a2-e548-4f10-bf16-02ec848e0643, 1, 0 [(0 [0xC004F014, 0, 0], [(?)(?)(?)(?)(?)(?)(?)(?)])(1 )(2 )(3 )] 56: eb6d346f-1c60-4643-b960-40ec31596c45, 1, 0 [(0 [0xC004F014, 0, 0], [(?)(?)(?)(?)(?)(?)(?)(?)])(1 )(2 )(3 )] 57: ec868e65-fadf-4759-b23e-93fe37f2cc29, 1, 0 [(0 [0xC004F014, 0, 0], [(?)(?)(?)(?)(?)(?)(?)(?)])(1 )(2 )(3 )] 58: ef51e000-2659-4f25-8345-3de70a9cf4c4, 1, 0 [(0 [0xC004F014, 0, 0], [(?)(?)(?)(?)(?)(?)(?)(?)])(1 )(2 )(3 )] 59: f7af7d09-40e4-419c-a49b-eae366689ebd, 1, 0 [(0 [0xC004F014, 0, 0], [(?)(?)(?)(?)(?)(?)(?)(?)])(1 )(2 )(3 )] 60: fa755fe6-6739-40b9-8d84-6d0ea3b6d1ab, 1, 0 [(0 [0xC004F014, 0, 0], [(?)(?)(?)(?)(?)(?)(?)(?)])(1 )(2 )(3 )] 61: fe74f55b-0338-41d6-b267-4a201abe7285, 1, 0 [(0 [0xC004F014, 0, 0], [(?)(?)(?)(?)(?)(?)(?)(?)])(1 )(2 )(3 )]"
"9/8/2026 5:36:32 PM","902","Information","Microsoft-Windows-Security-SPP","CRASHLAB-GOLD","The Software Protection service has started. 10.0.26100.8036"
"9/8/2026 5:36:32 PM","1003","Information","Microsoft-Windows-Security-SPP","CRASHLAB-GOLD","The Software Protection service has completed licensing status check. Application Id=55c92734-d682-4d71-983e-d6ec3f16059f Licensing Status= 1: 01eb852c-424d-4060-94b8-c10d799d7364, 1, 0 [(0 [0xC004F014, 0, 0], [(?)(?)(?)(?)(?)(?)(?)(?)])(1 )(2 )(3 )] 2: 040fa323-92b1-4baf-97a2-5b67feaefddb, 1, 0 [(0 [0xC004F014, 0, 0], [(?)(?)(?)(?)(?)(?)(?)(?)])(1 )(2 )(3 )] 3: 0724cb7d-3437-4cb7-93cb-830375d0079d, 1, 0 [(0 [0xC004F014, 0, 0], [(?)(?)(?)(?)(?)(?)(?)(?)])(1 )(2 )(3 )] 4: 0ad2ac98-7bb9-4201-8d92-312299201369, 1, 0 [(0 [0xC004F014, 0, 0], [(?)(?)(?)(?)(?)(?)(?)(?)])(1 )(2 )(3 )] 5: 19de9b2f-0166-4abb-9534-56ea69a80edb, 1, 0 [(0 [0xC004F014, 0, 0], [(?)(?)(?)(?)(?)(?)(?)(?)])(1 )(2 )(3 )] 6: 1a9a717a-cf13-4ba5-83c3-0fe25fa868d5, 1, 0 [(0 [0xC004F014, 0, 0], [(?)(?)(?)(?)(?)(?)(?)(?)])(1 )(2 )(3 )] 7: 221a02da-e2a1-4b75-864c-0a4410a33fdf, 1, 0 [(0 [0xC004F014, 0, 0], [(?)(?)(?)(?)(?)(?)(?)(?)])(1 )(2 )(3 )] 8: 265f3fad-6a1c-4bdd-ae30-c75efa556ccb, 1, 0 [(0 [0xC004F014, 0, 0], [(?)(?)(?)(?)(?)(?)(?)(?)])(1 )(2 )(3 )] 9: 291ece0e-9c38-40ca-a9e1-32cc7ec19507, 1, 0 [(0 [0xC004F014, 0, 0], [(?)(?)(?)(?)(?)(?)(?)(?)])(1 )(2 )(3 )] 10: 2936d1d2-913a-4542-b54e-ce5a602a2a38, 1, 0 [(0 [0xC004F014, 0, 0], [(?)(?)(?)(?)(?)(?)(?)(?)])(1 )(2 )(3 )] 11: 2c293c26-a45a-4a2a-a350-c69a67097529, 1, 0 [(0 [0xC004F014, 0, 0], [(?)(?)(?)(?)(?)(?)(?)(?)])(1 )(2 )(3 )] 12: 2de67392-b7a7-462a-b1ca-108dd189f588, 1, 0 [(0 [0xC004F014, 0, 0], [(?)(?)(?)(?)(?)(?)(?)(?)])(1 )(2 )(3 )] 13: 2ffd8952-423e-4903-b993-72a1aa44cf82, 1, 0 [(0 [0xC004F014, 0, 0], [(?)(?)(?)(?)(?)(?)(?)(?)])(1 )(2 )(3 )] 14: 30a42c86-b7a0-4a34-8c90-ff177cb2acb7, 1, 0 [(0 [0xC004F014, 0, 0], [(?)(?)(?)(?)(?)(?)(?)(?)])(1 )(2 )(3 )] 15: 345a5db0-d94f-4e3b-a0c0-7c42f7bc3ebf, 1, 0 [(0 [0xC004F014, 0, 0], [(?)(?)(?)(?)(?)(?)(?)(?)])(1 )(2 )(3 )] 16: 3502365a-f88a-4ba4-822a-5769d3073b65, 1, 0 [(0 [0xC004F014, 0, 0], [(?)(?)(?)(?)(?)(?)(?)(?)])(1 )(2 )(3 )] 17: 377333b1-8b5d-48d6-9679-1225c872d37c, 1, 0 [(0 [0xC004F014, 0, 0], [(?)(?)(?)(?)(?)(?)(?)(?)])(1 )(2 )(3 )] 18: 3df374ef-d444-4494-a5a1-4b0d9fd0e203, 1, 0 [(0 [0xC004F014, 0, 0], [(?)(?)(?)(?)(?)(?)(?)(?)])(1 )(2 )(3 )] 19: 3ebce241-ea87-4946-8a4f-80d00e921dff, 1, 0 [(0 [0xC004F014, 0, 0], [(?)(?)(?)(?)(?)(?)(?)(?)])(1 )(2 )(3 )] 20: 3f1afc82-f8ac-4f6c-8005-1d233e606eee, 1, 0 [(0 [0xC004F014, 0, 0], [(?)(?)(?)(?)(?)(?)(?)(?)])(1 )(2 )(3 )] 21: 4322a811-697c-44dc-865e-3e2fdcb86009, 1, 0 [(0 [0xC004F014, 0, 0], [(?)(?)(?)(?)(?)(?)(?)(?)])(1 )(2 )(3 )] 22: 49cd895b-53b2-4dc4-a5f7-b18aa019ad37, 1, 0 [(0 [0xC004F014, 0, 0], [(?)(?)(?)(?)(?)(?)(?)(?)])(1 )(2 )(3 )] 23: 4de7cb65-cdf1-4de9-8ae8-e3cce27b9f2c, 1, 0 [(0 )(1 )(2 [0xC004E003, 0, 0], [( 1 0xC004F034)( 1 0xC004F034)(?)(?)(?)(?)(?)(?)])(3 [0x00000000, 0, 0], [( 6 0xC004F009 0 0)( 1 0x00000000)( 6 0xC004F009 0 0)(?)(?)(?)( 10 0x00000000 msft:rm/algorithm/flags/1.0)( 11 0x00000000 0xC004F034)])] 24: 4f3da0d2-271d-4508-ae81-626b60809a38, 1, 0 [(0 [0xC004F014, 0, 0], [(?)(?)(?)(?)(?)(?)(?)(?)])(1 )(2 )(3 )] 25: 5d78c4e9-aeb3-4b40-8ac2-6a6005e0ad6d, 1, 0 [(0 [0xC004F014, 0, 0], [(?)(?)(?)(?)(?)(?)(?)(?)])(1 )(2 )(3 )] 26: 60b3ec1b-9545-4921-821f-311b129dd6f6, 1, 0 [(0 [0xC004F014, 0, 0], [(?)(?)(?)(?)(?)(?)(?)(?)])(1 )(2 )(3 )] 27: 613d217f-7f13-4268-9907-1662339531cd, 1, 0 [(0 [0xC004F014, 0, 0], [(?)(?)(?)(?)(?)(?)(?)(?)])(1 )(2 )(3 )] 28: 62f0c100-9c53-4e02-b886-a3528ddfe7f6, 1, 0 [(0 [0xC004F014, 0, 0], [(?)(?)(?)(?)(?)(?)(?)(?)])(1 )(2 )(3 )] 29: 6365275e-368d-46ca-a0ef-fc0404119333, 1, 0 [(0 [0xC004F014, 0, 0], [(?)(?)(?)(?)(?)(?)(?)(?)])(1 )(2 )(3 )] 30: 721f9237-9341-4453-a661-09e8baa6cca5, 1, 0 [(0 [0xC004F014, 0, 0], [(?)(?)(?)(?)(?)(?)(?)(?)])(1 )(2 )(3 )] 31: 73111121-5638-40f6-bc11-f1d7b0d64300, 1, 0 [(0 [0xC004F014, 0, 0], [(?)(?)(?)(?)(?)(?)(?)(?)])(1 )(2 )(3 )] 32: 7a802526-4c94-4bd1-ba14-835a1aca2120, 1, 0 [(0 [0xC004F014, 0, 0], [(?)(?)(?)(?)(?)(?)(?)(?)])(1 )(2 )(3 )] 33: 7cb546c0-c7d5-44d8-9a5c-69ecdd782b69, 1, 0 [(0 [0xC004F014, 0, 0], [(?)(?)(?)(?)(?)(?)(?)(?)])(1 )(2 )(3 )] 34: 80083eae-7031-4394-9e88-4901973d56fe, 1, 0 [(0 [0xC004F014, 0, 0], [(?)(?)(?)(?)(?)(?)(?)(?)])(1 )(2 )(3 )] 35: 82bbc092-bc50-4e16-8e18-b74fc486aec3, 1, 0 [(0 [0xC004F014, 0, 0], [(?)(?)(?)(?)(?)(?)(?)(?)])(1 )(2 )(3 )] 36: 8ab9bdd1-1f67-4997-82d9-8878520837d9, 1, 0 [(0 [0xC004F014, 0, 0], [(?)(?)(?)(?)(?)(?)(?)(?)])(1 )(2 )(3 )] 37: 8b351c9c-f398-4515-9900-09df49427262, 1, 0 [(0 [0xC004F014, 0, 0], [(?)(?)(?)(?)(?)(?)(?)(?)])(1 )(2 )(3 )] 38: 90da7373-1c51-430b-bf26-c97e9c5cdc31, 1, 0 [(0 [0xC004F014, 0, 0], [(?)(?)(?)(?)(?)(?)(?)(?)])(1 )(2 )(3 )] 39: 92fb8726-92a8-4ffc-94ce-f82e07444653, 1, 0 [(0 [0xC004F014, 0, 0], [(?)(?)(?)(?)(?)(?)(?)(?)])(1 )(2 )(3 )] 40: 95dca82f-385d-4d39-b85b-5c73fa285d6f, 1, 0 [(0 [0xC004F014, 0, 0], [(?)(?)(?)(?)(?)(?)(?)(?)])(1 )(2 )(3 )] 41: 97cde3ae-e908-4b59-ac96-a17645c5b57e, 1, 0 [(0 [0xC004F014, 0, 0], [(?)(?)(?)(?)(?)(?)(?)(?)])(1 )(2 )(3 )] 42: a48938aa-62fa-4966-9d44-9f04da3f72f2, 1, 0 [(0 [0xC004F014, 0, 0], [(?)(?)(?)(?)(?)(?)(?)(?)])(1 )(2 )(3 )] 43: b0773a15-df3a-4312-9ad2-83d69648e356, 1, 0 [(0 [0xC004F014, 0, 0], [(?)(?)(?)(?)(?)(?)(?)(?)])(1 )(2 )(3 )] 44: b4bfe195-541e-4e64-ad23-6177f19e395e, 1, 0 [(0 [0xC004F014, 0, 0], [(?)(?)(?)(?)(?)(?)(?)(?)])(1 )(2 )(3 )] 45: b68e61d2-68ca-4757-be45-0cc2f3e68eee, 1, 0 [(0 [0xC004F014, 0, 0], [(?)(?)(?)(?)(?)(?)(?)(?)])(1 )(2 )(3 )] 46: bd3762d7-270d-4760-8fb3-d829ca45278a, 1, 0 [(0 [0xC004F014, 0, 0], [(?)(?)(?)(?)(?)(?)(?)(?)])(1 )(2 )(3 )] 47: c86d5194-4840-4dae-9c1c-0301003a5ab0, 1, 0 [(0 [0xC004F014, 0, 0], [(?)(?)(?)(?)(?)(?)(?)(?)])(1 )(2 )(3 )] 48: ca7df2e3-5ea0-47b8-9ac1-b1be4d8edd69, 1, 0 [(0 [0xC004F014, 0, 0], [(?)(?)(?)(?)(?)(?)(?)(?)])(1 )(2 )(3 )] 49: d552befb-48cc-4327-8f39-47d2d94f987c, 1, 0 [(0 [0xC004F014, 0, 0], [(?)(?)(?)(?)(?)(?)(?)(?)])(1 )(2 )(3 )] 50: d6eadb3b-5ca8-4a6b-986e-35b550756111, 1, 0 [(0 [0xC004F014, 0, 0], [(?)(?)(?)(?)(?)(?)(?)(?)])(1 )(2 )(3 )] 51: df96023b-dcd9-4be2-afa0-c6c871159ebe, 1, 0 [(0 [0xC004F014, 0, 0], [(?)(?)(?)(?)(?)(?)(?)(?)])(1 )(2 )(3 )] 52: e0c42288-980c-4788-a014-c080d2e1926e, 1, 0 [(0 [0xC004F014, 0, 0], [(?)(?)(?)(?)(?)(?)(?)(?)])(1 )(2 )(3 )] 53: e4db50ea-bda1-4566-b047-0ca50abc6f07, 1, 0 [(0 [0xC004F014, 0, 0], [(?)(?)(?)(?)(?)(?)(?)(?)])(1 )(2 )(3 )] 54: e558417a-5123-4f6f-91e7-385c1c7ca9d4, 1, 0 [(0 [0xC004F014, 0, 0], [(?)(?)(?)(?)(?)(?)(?)(?)])(1 )(2 )(3 )] 55: e7a950a2-e548-4f10-bf16-02ec848e0643, 1, 0 [(0 [0xC004F014, 0, 0], [(?)(?)(?)(?)(?)(?)(?)(?)])(1 )(2 )(3 )] 56: eb6d346f-1c60-4643-b960-40ec31596c45, 1, 0 [(0 [0xC004F014, 0, 0], [(?)(?)(?)(?)(?)(?)(?)(?)])(1 )(2 )(3 )] 57: ec868e65-fadf-4759-b23e-93fe37f2cc29, 1, 0 [(0 [0xC004F014, 0, 0], [(?)(?)(?)(?)(?)(?)(?)(?)])(1 )(2 )(3 )] 58: ef51e000-2659-4f25-8345-3de70a9cf4c4, 1, 0 [(0 [0xC004F014, 0, 0], [(?)(?)(?)(?)(?)(?)(?)(?)])(1 )(2 )(3 )] 59: f7af7d09-40e4-419c-a49b-eae366689ebd, 1, 0 [(0 [0xC004F014, 0, 0], [(?)(?)(?)(?)(?)(?)(?)(?)])(1 )(2 )(3 )] 60: fa755fe6-6739-40b9-8d84-6d0ea3b6d1ab, 1, 0 [(0 [0xC004F014, 0, 0], [(?)(?)(?)(?)(?)(?)(?)(?)])(1 )(2 )(3 )] 61: fe74f55b-0338-41d6-b267-4a201abe7285, 1, 0 [(0 [0xC004F014, 0, 0], [(?)(?)(?)(?)(?)(?)(?)(?)])(1 )(2 )(3 )]"
"9/8/2026 5:36:32 PM","1034","Information","Microsoft-Windows-Security-SPP","CRASHLAB-GOLD","Duplicate definition of policy found. Policy name=Security-SPP-WriteWauMarker Priority=500"
"9/8/2026 5:36:32 PM","1034","Information","Microsoft-Windows-Security-SPP","CRASHLAB-GOLD","Duplicate definition of policy found. Policy name=AAD-AddDeviceJoinUserToAdminGroup-Policy Priority=100"
"9/8/2026 5:36:32 PM","1034","Information","Microsoft-Windows-Security-SPP","CRASHLAB-GOLD","Duplicate definition of policy found. Policy name=AAD-AddDeviceJoinUserToAdminGroup-Policy Priority=100"
"9/8/2026 5:36:32 PM","1034","Information","Microsoft-Windows-Security-SPP","CRASHLAB-GOLD","Duplicate definition of policy found. Policy name=AAD-AddDeviceJoinUserToAdminGroup-Policy Priority=100"
"9/8/2026 5:36:32 PM","1034","Information","Microsoft-Windows-Security-SPP","CRASHLAB-GOLD","Duplicate definition of policy found. Policy name=AAD-AddDeviceJoinUserToAdminGroup-Policy Priority=100"
"9/8/2026 5:36:32 PM","1034","Information","Microsoft-Windows-Security-SPP","CRASHLAB-GOLD","Duplicate definition of policy found. Policy name=AAD-AddDeviceJoinUserToAdminGroup-Policy Priority=100"
"9/8/2026 5:36:32 PM","1034","Information","Microsoft-Windows-Security-SPP","CRASHLAB-GOLD","Duplicate definition of policy found. Policy name=AAD-AddDeviceJoinUserToAdminGroup-Policy Priority=100"
"9/8/2026 5:36:32 PM","1034","Information","Microsoft-Windows-Security-SPP","CRASHLAB-GOLD","Duplicate definition of policy found. Policy name=AAD-AddDeviceJoinUserToAdminGroup-Policy Priority=100"
"9/8/2026 5:36:32 PM","1034","Information","Microsoft-Windows-Security-SPP","CRASHLAB-GOLD","Duplicate definition of policy found. Policy name=AAD-AddDeviceJoinUserToAdminGroup-Policy Priority=100"
"9/8/2026 5:36:32 PM","1034","Information","Microsoft-Windows-Security-SPP","CRASHLAB-GOLD","Duplicate definition of policy found. Policy name=AAD-AddDeviceJoinUserToAdminGroup-Policy Priority=100"
"9/8/2026 5:36:32 PM","1034","Information","Microsoft-Windows-Security-SPP","CRASHLAB-GOLD","Duplicate definition of policy found. Policy name=AAD-AddDeviceJoinUserToAdminGroup-Policy Priority=100"
"9/8/2026 5:36:32 PM","1034","Information","Microsoft-Windows-Security-SPP","CRASHLAB-GOLD","Duplicate definition of policy found. Policy name=AAD-AddDeviceJoinUserToAdminGroup-Policy Priority=100"
"9/8/2026 5:36:31 PM","1066","Information","Microsoft-Windows-Security-SPP","CRASHLAB-GOLD","Initialization status for service objects. C:\WINDOWS\system32\sppwinob.dll, msft:spp/windowsfunctionality/agent/7.0, 0x00000000, 0x00000000 C:\WINDOWS\system32\sppobjs.dll, msft:rm/algorithm/inherited/1.0, 0x00000000, 0x00000000 C:\WINDOWS\system32\sppobjs.dll, msft:rm/algorithm/phone/1.0, 0x00000000, 0x00000000 C:\WINDOWS\system32\sppobjs.dll, msft:rm/algorithm/pkey/detect, 0x00000000, 0x00000000 C:\WINDOWS\system32\sppobjs.dll, msft:spp/ActionScheduler/1.0, 0x00000000, 0x00000000 C:\WINDOWS\system32\sppobjs.dll, msft:spp/TaskScheduler/1.0, 0x00000000, 0x00000000 C:\WINDOWS\system32\sppobjs.dll, msft:spp/statecollector/pkey, 0x00000000, 0x00000000 C:\WINDOWS\system32\sppobjs.dll, msft:spp/volume/services/kms/1.0, 0x00000000, 0x00000000 C:\WINDOWS\system32\sppobjs.dll, msft:spp/volume/services/kms/activationinfo/1.0, 0x00000000, 0x00000000"
"9/8/2026 5:36:31 PM","16394","Information","Microsoft-Windows-Security-SPP","CRASHLAB-GOLD","Offline downlevel migration succeeded."
"9/8/2026 5:36:31 PM","900","Information","Microsoft-Windows-Security-SPP","CRASHLAB-GOLD","The Software Protection service is starting. Parameters:TriggerStarted:6"
"9/8/2026 5:36:27 PM","1","Information","Microsoft-Windows-Search-ProfileNotify","CRASHLAB-GOLD","Windows Search Service indexed data for user 'S-1-5-21-3827045323-3528195103-341004652-1000' successfully removed in response to user profile deletion."
"9/8/2026 5:36:27 PM","1","Information","Microsoft-Windows-Search-ProfileNotify","CRASHLAB-GOLD","Windows Search Service indexed data for user 'S-1-5-21-3827045323-3528195103-341004652-1000' successfully removed in response to user profile deletion."
"9/8/2026 5:36:27 PM","1003","Information","Microsoft-Windows-Search","CRASHLAB-GOLD","The Windows Search Service started."
"9/8/2026 5:36:27 PM","5617","Information","Microsoft-Windows-WMI","CRASHLAB-GOLD","Windows Management Instrumentation Service subsystems initialized successfully"
"9/8/2026 5:36:11 PM","5615","Information","Microsoft-Windows-WMI","CRASHLAB-GOLD","Windows Management Instrumentation Service started sucessfully"
"9/8/2026 5:35:59 PM","1531","Information","Microsoft-Windows-User Profiles Service","CRASHLAB-GOLD","The User Profile Service has started successfully."
"9/8/2026 5:36:08 PM","6000","Information","Microsoft-Windows-Winlogon","CRASHLAB-GOLD","The winlogon notification subscriber <SessionEnv> was unavailable to handle a notification event."
"9/8/2026 5:36:13 PM","1532","Information","Microsoft-Windows-User Profiles Service","CRASHLAB-GOLD","The User Profile Service has stopped."
"9/8/2026 5:36:11 PM","6000","Information","Microsoft-Windows-Winlogon","CRASHLAB-GOLD","The winlogon notification subscriber <SessionEnv> was unavailable to handle a notification event."
"9/8/2026 5:36:11 PM","6000","Information","Microsoft-Windows-Winlogon","CRASHLAB-GOLD","The winlogon notification subscriber <WSearch> was unavailable to handle a notification event."
"9/8/2026 5:35:43 PM","4097","Information","Microsoft-Windows-CAPI2","CRASHLAB-GOLD","Successful auto update of third-party root certificate:: Subject: <CN=VeriSign Class 3 Public Primary Certification Authority - G5, OU=""(c) 2006 VeriSign, Inc. - For authorized use only"", OU=VeriSign Trust Network, O=""VeriSign, Inc."", C=US> Sha1 thumbprint: <4EB6D578499B1CCF5F581EAD56BE3D9B6744A5E5>."
"9/8/2026 5:35:43 PM","4097","Information","Microsoft-Windows-CAPI2","CRASHLAB-GOLD","Successful auto update of third-party root certificate:: Subject: <CN=DigiCert Trusted Root G4, OU=www.digicert.com, O=DigiCert Inc, C=US> Sha1 thumbprint: <DDFB16CD4931C973A2037D3FC83A4D7D775D05E4>."
"9/8/2026 5:35:36 PM","1001","Information","Windows Error Reporting","CRASHLAB-GOLD","Fault bucket 1843794042315799779, type 5 Event Name: StoreAgentDownloadFailure1 Response: Not available Cab Id: 0 Problem signature: P1: Acquisition;setup-StartProductInstallWithOptionsAsync P2: 8024001e P3: 26200 P4: 8037 P5: Windows.Desktop P6: L P7: P8: P9: P10: Attached files: \\?\C:\ProgramData\Microsoft\Windows\WER\Temp\WER.3654bbaf-03d0-4e72-8f20-d18c16414ecc.tmp.WERInternalMetadata.xml These files may be available here: \\?\C:\ProgramData\Microsoft\Windows\WER\ReportArchive\NonCritical_Acquisition;setu_9c165341cab489d75d2bffb7bd44b624dd33fc_00000000_f3d944e9-82a3-431f-8add-ff6beb631b7f Analysis symbol: Rechecking for solution: 0 Report Id: f3d944e9-82a3-431f-8add-ff6beb631b7f Report Status: 268435462 Hashed bucket: 2d31a9e64e7a5355e99678e9a336fce3 Cab Guid: 0"
"9/8/2026 5:35:36 PM","1001","Information","Windows Error Reporting","CRASHLAB-GOLD","Fault bucket 1820297090164620044, type 5 Event Name: crashpad_log Response: Not available Cab Id: 0 Problem signature: P1: setup.exe P2: 152.0.4191.66 P3: EdgeInstallerError|msedge P4: 0x220 P5: P6: P7: P8: P9: P10: Attached files: \\?\C:\ProgramData\Microsoft\Windows\WER\Temp\WER.677575cf-8afd-4224-917c-484519aa118e.tmp.WERInternalMetadata.xml These files may be available here: \\?\C:\ProgramData\Microsoft\Windows\WER\ReportArchive\NonCritical_setup.exe_53b587e644b9c50766a25b49161f4677c4cbc6_00000000_c4389e64-0406-4d1b-813f-376210b76e94 Analysis symbol: Rechecking for solution: 0 Report Id: c4389e64-0406-4d1b-813f-376210b76e94 Report Status: 268435462 Hashed bucket: a201bb692e66aa728942fe8f24f07b0c Cab Guid: 0"
"9/8/2026 5:35:21 PM","256","Information","Edge","CRASHLAB-GOLD","[7824:4812:0908/173521.247:INFO:chrome\browser\extensions\extension_garbage_collector.cc:188] Garbage collection for extensions on file thread is complete."
"9/8/2026 5:35:08 PM","15","Information","SecurityCenter","CRASHLAB-GOLD","Updated Windows Defender status successfully to SECURITY_PRODUCT_STATE_ON."
"9/8/2026 5:35:01 PM","15","Information","SecurityCenter","CRASHLAB-GOLD","Updated Windows Defender status successfully to SECURITY_PRODUCT_STATE_ON."
"9/8/2026 5:34:59 PM","1","Information","SecurityCenter","CRASHLAB-GOLD","The Windows Security Center Service has started."
"9/8/2026 5:34:57 PM","0","Information","edgeupdate","CRASHLAB-GOLD","Service stopped."
"9/8/2026 5:34:30 PM","8198","Error","Microsoft-Windows-Security-SPP","CRASHLAB-GOLD","License Activation (slui.exe) failed with the following error code: hr=0x803F7001 Command-line arguments: RuleId=31e71c49-8da7-4a2f-ad92-45d98a1c79ba;Action=AutoActivate;AppId=55c92734-d682-4d71-983e-d6ec3f16059f;SkuId=4de7cb65-cdf1-4de9-8ae8-e3cce27b9f2c;NotificationInterval=1440;Trigger=NetworkAvailable"
"9/8/2026 5:34:30 PM","1003","Information","Microsoft-Windows-Security-SPP","CRASHLAB-GOLD","The Software Protection service has completed licensing status check. Application Id=55c92734-d682-4d71-983e-d6ec3f16059f Licensing Status= 1: 01eb852c-424d-4060-94b8-c10d799d7364, 1, 0 [(0 [0xC004F014, 0, 0], [(?)(?)(?)(?)(?)(?)(?)(?)])(1 )(2 )(3 )] 2: 040fa323-92b1-4baf-97a2-5b67feaefddb, 1, 0 [(0 [0xC004F014, 0, 0], [(?)(?)(?)(?)(?)(?)(?)(?)])(1 )(2 )(3 )] 3: 0724cb7d-3437-4cb7-93cb-830375d0079d, 1, 0 [(0 [0xC004F014, 0, 0], [(?)(?)(?)(?)(?)(?)(?)(?)])(1 )(2 )(3 )] 4: 0ad2ac98-7bb9-4201-8d92-312299201369, 1, 0 [(0 [0xC004F014, 0, 0], [(?)(?)(?)(?)(?)(?)(?)(?)])(1 )(2 )(3 )] 5: 19de9b2f-0166-4abb-9534-56ea69a80edb, 1, 0 [(0 [0xC004F014, 0, 0], [(?)(?)(?)(?)(?)(?)(?)(?)])(1 )(2 )(3 )] 6: 1a9a717a-cf13-4ba5-83c3-0fe25fa868d5, 1, 0 [(0 [0xC004F014, 0, 0], [(?)(?)(?)(?)(?)(?)(?)(?)])(1 )(2 )(3 )] 7: 221a02da-e2a1-4b75-864c-0a4410a33fdf, 1, 0 [(0 [0xC004F014, 0, 0], [(?)(?)(?)(?)(?)(?)(?)(?)])(1 )(2 )(3 )] 8: 265f3fad-6a1c-4bdd-ae30-c75efa556ccb, 1, 0 [(0 [0xC004F014, 0, 0], [(?)(?)(?)(?)(?)(?)(?)(?)])(1 )(2 )(3 )] 9: 291ece0e-9c38-40ca-a9e1-32cc7ec19507, 1, 0 [(0 [0xC004F014, 0, 0], [(?)(?)(?)(?)(?)(?)(?)(?)])(1 )(2 )(3 )] 10: 2936d1d2-913a-4542-b54e-ce5a602a2a38, 1, 0 [(0 [0xC004F014, 0, 0], [(?)(?)(?)(?)(?)(?)(?)(?)])(1 )(2 )(3 )] 11: 2c293c26-a45a-4a2a-a350-c69a67097529, 1, 0 [(0 [0xC004F014, 0, 0], [(?)(?)(?)(?)(?)(?)(?)(?)])(1 )(2 )(3 )] 12: 2de67392-b7a7-462a-b1ca-108dd189f588, 1, 0 [(0 [0xC004F014, 0, 0], [(?)(?)(?)(?)(?)(?)(?)(?)])(1 )(2 )(3 )] 13: 2ffd8952-423e-4903-b993-72a1aa44cf82, 1, 0 [(0 [0xC004F014, 0, 0], [(?)(?)(?)(?)(?)(?)(?)(?)])(1 )(2 )(3 )] 14: 30a42c86-b7a0-4a34-8c90-ff177cb2acb7, 1, 0 [(0 [0xC004F014, 0, 0], [(?)(?)(?)(?)(?)(?)(?)(?)])(1 )(2 )(3 )] 15: 345a5db0-d94f-4e3b-a0c0-7c42f7bc3ebf, 1, 0 [(0 [0xC004F014, 0, 0], [(?)(?)(?)(?)(?)(?)(?)(?)])(1 )(2 )(3 )] 16: 3502365a-f88a-4ba4-822a-5769d3073b65, 1, 0 [(0 [0xC004F014, 0, 0], [(?)(?)(?)(?)(?)(?)(?)(?)])(1 )(2 )(3 )] 17: 377333b1-8b5d-48d6-9679-1225c872d37c, 1, 0 [(0 [0xC004F014, 0, 0], [(?)(?)(?)(?)(?)(?)(?)(?)])(1 )(2 )(3 )] 18: 3df374ef-d444-4494-a5a1-4b0d9fd0e203, 1, 0 [(0 [0xC004F014, 0, 0], [(?)(?)(?)(?)(?)(?)(?)(?)])(1 )(2 )(3 )] 19: 3ebce241-ea87-4946-8a4f-80d00e921dff, 1, 0 [(0 [0xC004F014, 0, 0], [(?)(?)(?)(?)(?)(?)(?)(?)])(1 )(2 )(3 )] 20: 3f1afc82-f8ac-4f6c-8005-1d233e606eee, 1, 0 [(0 [0xC004F014, 0, 0], [(?)(?)(?)(?)(?)(?)(?)(?)])(1 )(2 )(3 )] 21: 4322a811-697c-44dc-865e-3e2fdcb86009, 1, 0 [(0 [0xC004F014, 0, 0], [(?)(?)(?)(?)(?)(?)(?)(?)])(1 )(2 )(3 )] 22: 49cd895b-53b2-4dc4-a5f7-b18aa019ad37, 1, 0 [(0 [0xC004F014, 0, 0], [(?)(?)(?)(?)(?)(?)(?)(?)])(1 )(2 )(3 )] 23: 4de7cb65-cdf1-4de9-8ae8-e3cce27b9f2c, 1, 1 [(0 )(1 )(2 [0xC004E003, 0, 0], [( 1 0xC004F034)( 1 0xC004F034)(?)(?)(?)(?)(?)(?)])(3 [0x00000000, 0, 0], [( 6 0xC004F009 0 0)( 1 0x00000000)( 6 0xC004F009 0 0)(?)(?)(?)( 10 0x00000000 msft:rm/algorithm/flags/1.0)( 11 0x00000000 0xC004F034)])] 24: 4f3da0d2-271d-4508-ae81-626b60809a38, 1, 0 [(0 [0xC004F014, 0, 0], [(?)(?)(?)(?)(?)(?)(?)(?)])(1 )(2 )(3 )] 25: 5d78c4e9-aeb3-4b40-8ac2-6a6005e0ad6d, 1, 0 [(0 [0xC004F014, 0, 0], [(?)(?)(?)(?)(?)(?)(?)(?)])(1 )(2 )(3 )] 26: 60b3ec1b-9545-4921-821f-311b129dd6f6, 1, 0 [(0 [0xC004F014, 0, 0], [(?)(?)(?)(?)(?)(?)(?)(?)])(1 )(2 )(3 )] 27: 613d217f-7f13-4268-9907-1662339531cd, 1, 0 [(0 [0xC004F014, 0, 0], [(?)(?)(?)(?)(?)(?)(?)(?)])(1 )(2 )(3 )] 28: 62f0c100-9c53-4e02-b886-a3528ddfe7f6, 1, 0 [(0 [0xC004F014, 0, 0], [(?)(?)(?)(?)(?)(?)(?)(?)])(1 )(2 )(3 )] 29: 6365275e-368d-46ca-a0ef-fc0404119333, 1, 0 [(0 [0xC004F014, 0, 0], [(?)(?)(?)(?)(?)(?)(?)(?)])(1 )(2 )(3 )] 30: 721f9237-9341-4453-a661-09e8baa6cca5, 1, 0 [(0 [0xC004F014, 0, 0], [(?)(?)(?)(?)(?)(?)(?)(?)])(1 )(2 )(3 )] 31: 73111121-5638-40f6-bc11-f1d7b0d64300, 1, 0 [(0 [0xC004F014, 0, 0], [(?)(?)(?)(?)(?)(?)(?)(?)])(1 )(2 )(3 )] 32: 7a802526-4c94-4bd1-ba14-835a1aca2120, 1, 0 [(0 [0xC004F014, 0, 0], [(?)(?)(?)(?)(?)(?)(?)(?)])(1 )(2 )(3 )] 33: 7cb546c0-c7d5-44d8-9a5c-69ecdd782b69, 1, 0 [(0 [0xC004F014, 0, 0], [(?)(?)(?)(?)(?)(?)(?)(?)])(1 )(2 )(3 )] 34: 80083eae-7031-4394-9e88-4901973d56fe, 1, 0 [(0 [0xC004F014, 0, 0], [(?)(?)(?)(?)(?)(?)(?)(?)])(1 )(2 )(3 )] 35: 82bbc092-bc50-4e16-8e18-b74fc486aec3, 1, 0 [(0 [0xC004F014, 0, 0], [(?)(?)(?)(?)(?)(?)(?)(?)])(1 )(2 )(3 )] 36: 8ab9bdd1-1f67-4997-82d9-8878520837d9, 1, 0 [(0 [0xC004F014, 0, 0], [(?)(?)(?)(?)(?)(?)(?)(?)])(1 )(2 )(3 )] 37: 8b351c9c-f398-4515-9900-09df49427262, 1, 0 [(0 [0xC004F014, 0, 0], [(?)(?)(?)(?)(?)(?)(?)(?)])(1 )(2 )(3 )] 38: 90da7373-1c51-430b-bf26-c97e9c5cdc31, 1, 0 [(0 [0xC004F014, 0, 0], [(?)(?)(?)(?)(?)(?)(?)(?)])(1 )(2 )(3 )] 39: 92fb8726-92a8-4ffc-94ce-f82e07444653, 1, 0 [(0 [0xC004F014, 0, 0], [(?)(?)(?)(?)(?)(?)(?)(?)])(1 )(2 )(3 )] 40: 95dca82f-385d-4d39-b85b-5c73fa285d6f, 1, 0 [(0 [0xC004F014, 0, 0], [(?)(?)(?)(?)(?)(?)(?)(?)])(1 )(2 )(3 )] 41: 97cde3ae-e908-4b59-ac96-a17645c5b57e, 1, 0 [(0 [0xC004F014, 0, 0], [(?)(?)(?)(?)(?)(?)(?)(?)])(1 )(2 )(3 )] 42: a48938aa-62fa-4966-9d44-9f04da3f72f2, 1, 0 [(0 [0xC004F014, 0, 0], [(?)(?)(?)(?)(?)(?)(?)(?)])(1 )(2 )(3 )] 43: b0773a15-df3a-4312-9ad2-83d69648e356, 1, 0 [(0 [0xC004F014, 0, 0], [(?)(?)(?)(?)(?)(?)(?)(?)])(1 )(2 )(3 )] 44: b4bfe195-541e-4e64-ad23-6177f19e395e, 1, 0 [(0 [0xC004F014, 0, 0], [(?)(?)(?)(?)(?)(?)(?)(?)])(1 )(2 )(3 )] 45: b68e61d2-68ca-4757-be45-0cc2f3e68eee, 1, 0 [(0 [0xC004F014, 0, 0], [(?)(?)(?)(?)(?)(?)(?)(?)])(1 )(2 )(3 )] 46: bd3762d7-270d-4760-8fb3-d829ca45278a, 1, 0 [(0 [0xC004F014, 0, 0], [(?)(?)(?)(?)(?)(?)(?)(?)])(1 )(2 )(3 )] 47: c86d5194-4840-4dae-9c1c-0301003a5ab0, 1, 0 [(0 [0xC004F014, 0, 0], [(?)(?)(?)(?)(?)(?)(?)(?)])(1 )(2 )(3 )] 48: ca7df2e3-5ea0-47b8-9ac1-b1be4d8edd69, 1, 0 [(0 [0xC004F014, 0, 0], [(?)(?)(?)(?)(?)(?)(?)(?)])(1 )(2 )(3 )] 49: d552befb-48cc-4327-8f39-47d2d94f987c, 1, 0 [(0 [0xC004F014, 0, 0], [(?)(?)(?)(?)(?)(?)(?)(?)])(1 )(2 )(3 )] 50: d6eadb3b-5ca8-4a6b-986e-35b550756111, 1, 0 [(0 [0xC004F014, 0, 0], [(?)(?)(?)(?)(?)(?)(?)(?)])(1 )(2 )(3 )] 51: df96023b-dcd9-4be2-afa0-c6c871159ebe, 1, 0 [(0 [0xC004F014, 0, 0], [(?)(?)(?)(?)(?)(?)(?)(?)])(1 )(2 )(3 )] 52: e0c42288-980c-4788-a014-c080d2e1926e, 1, 0 [(0 [0xC004F014, 0, 0], [(?)(?)(?)(?)(?)(?)(?)(?)])(1 )(2 )(3 )] 53: e4db50ea-bda1-4566-b047-0ca50abc6f07, 1, 0 [(0 [0xC004F014, 0, 0], [(?)(?)(?)(?)(?)(?)(?)(?)])(1 )(2 )(3 )] 54: e558417a-5123-4f6f-91e7-385c1c7ca9d4, 1, 0 [(0 [0xC004F014, 0, 0], [(?)(?)(?)(?)(?)(?)(?)(?)])(1 )(2 )(3 )] 55: e7a950a2-e548-4f10-bf16-02ec848e0643, 1, 0 [(0 [0xC004F014, 0, 0], [(?)(?)(?)(?)(?)(?)(?)(?)])(1 )(2 )(3 )] 56: eb6d346f-1c60-4643-b960-40ec31596c45, 1, 0 [(0 [0xC004F014, 0, 0], [(?)(?)(?)(?)(?)(?)(?)(?)])(1 )(2 )(3 )] 57: ec868e65-fadf-4759-b23e-93fe37f2cc29, 1, 0 [(0 [0xC004F014, 0, 0], [(?)(?)(?)(?)(?)(?)(?)(?)])(1 )(2 )(3 )] 58: ef51e000-2659-4f25-8345-3de70a9cf4c4, 1, 0 [(0 [0xC004F014, 0, 0], [(?)(?)(?)(?)(?)(?)(?)(?)])(1 )(2 )(3 )] 59: f7af7d09-40e4-419c-a49b-eae366689ebd, 1, 0 [(0 [0xC004F014, 0, 0], [(?)(?)(?)(?)(?)(?)(?)(?)])(1 )(2 )(3 )] 60: fa755fe6-6739-40b9-8d84-6d0ea3b6d1ab, 1, 0 [(0 [0xC004F014, 0, 0], [(?)(?)(?)(?)(?)(?)(?)(?)])(1 )(2 )(3 )] 61: fe74f55b-0338-41d6-b267-4a201abe7285, 1, 0 [(0 [0xC004F014, 0, 0], [(?)(?)(?)(?)(?)(?)(?)(?)])(1 )(2 )(3 )]"
"9/8/2026 5:34:30 PM","1003","Information","Microsoft-Windows-Security-SPP","CRASHLAB-GOLD","The Software Protection service has completed licensing status check. Application Id=55c92734-d682-4d71-983e-d6ec3f16059f Licensing Status= 1: 01eb852c-424d-4060-94b8-c10d799d7364, 1, 0 [(0 [0xC004F014, 0, 0], [(?)(?)(?)(?)(?)(?)(?)(?)])(1 )(2 )(3 )] 2: 040fa323-92b1-4baf-97a2-5b67feaefddb, 1, 0 [(0 [0xC004F014, 0, 0], [(?)(?)(?)(?)(?)(?)(?)(?)])(1 )(2 )(3 )] 3: 0724cb7d-3437-4cb7-93cb-830375d0079d, 1, 0 [(0 [0xC004F014, 0, 0], [(?)(?)(?)(?)(?)(?)(?)(?)])(1 )(2 )(3 )] 4: 0ad2ac98-7bb9-4201-8d92-312299201369, 1, 0 [(0 [0xC004F014, 0, 0], [(?)(?)(?)(?)(?)(?)(?)(?)])(1 )(2 )(3 )] 5: 19de9b2f-0166-4abb-9534-56ea69a80edb, 1, 0 [(0 [0xC004F014, 0, 0], [(?)(?)(?)(?)(?)(?)(?)(?)])(1 )(2 )(3 )] 6: 1a9a717a-cf13-4ba5-83c3-0fe25fa868d5, 1, 0 [(0 [0xC004F014, 0, 0], [(?)(?)(?)(?)(?)(?)(?)(?)])(1 )(2 )(3 )] 7: 221a02da-e2a1-4b75-864c-0a4410a33fdf, 1, 0 [(0 [0xC004F014, 0, 0], [(?)(?)(?)(?)(?)(?)(?)(?)])(1 )(2 )(3 )] 8: 265f3fad-6a1c-4bdd-ae30-c75efa556ccb, 1, 0 [(0 [0xC004F014, 0, 0], [(?)(?)(?)(?)(?)(?)(?)(?)])(1 )(2 )(3 )] 9: 291ece0e-9c38-40ca-a9e1-32cc7ec19507, 1, 0 [(0 [0xC004F014, 0, 0], [(?)(?)(?)(?)(?)(?)(?)(?)])(1 )(2 )(3 )] 10: 2936d1d2-913a-4542-b54e-ce5a602a2a38, 1, 0 [(0 [0xC004F014, 0, 0], [(?)(?)(?)(?)(?)(?)(?)(?)])(1 )(2 )(3 )] 11: 2c293c26-a45a-4a2a-a350-c69a67097529, 1, 0 [(0 [0xC004F014, 0, 0], [(?)(?)(?)(?)(?)(?)(?)(?)])(1 )(2 )(3 )] 12: 2de67392-b7a7-462a-b1ca-108dd189f588, 1, 0 [(0 [0xC004F014, 0, 0], [(?)(?)(?)(?)(?)(?)(?)(?)])(1 )(2 )(3 )] 13: 2ffd8952-423e-4903-b993-72a1aa44cf82, 1, 0 [(0 [0xC004F014, 0, 0], [(?)(?)(?)(?)(?)(?)(?)(?)])(1 )(2 )(3 )] 14: 30a42c86-b7a0-4a34-8c90-ff177cb2acb7, 1, 0 [(0 [0xC004F014, 0, 0], [(?)(?)(?)(?)(?)(?)(?)(?)])(1 )(2 )(3 )] 15: 345a5db0-d94f-4e3b-a0c0-7c42f7bc3ebf, 1, 0 [(0 [0xC004F014, 0, 0], [(?)(?)(?)(?)(?)(?)(?)(?)])(1 )(2 )(3 )] 16: 3502365a-f88a-4ba4-822a-5769d3073b65, 1, 0 [(0 [0xC004F014, 0, 0], [(?)(?)(?)(?)(?)(?)(?)(?)])(1 )(2 )(3 )] 17: 377333b1-8b5d-48d6-9679-1225c872d37c, 1, 0 [(0 [0xC004F014, 0, 0], [(?)(?)(?)(?)(?)(?)(?)(?)])(1 )(2 )(3 )] 18: 3df374ef-d444-4494-a5a1-4b0d9fd0e203, 1, 0 [(0 [0xC004F014, 0, 0], [(?)(?)(?)(?)(?)(?)(?)(?)])(1 )(2 )(3 )] 19: 3ebce241-ea87-4946-8a4f-80d00e921dff, 1, 0 [(0 [0xC004F014, 0, 0], [(?)(?)(?)(?)(?)(?)(?)(?)])(1 )(2 )(3 )] 20: 3f1afc82-f8ac-4f6c-8005-1d233e606eee, 1, 0 [(0 [0xC004F014, 0, 0], [(?)(?)(?)(?)(?)(?)(?)(?)])(1 )(2 )(3 )] 21: 4322a811-697c-44dc-865e-3e2fdcb86009, 1, 0 [(0 [0xC004F014, 0, 0], [(?)(?)(?)(?)(?)(?)(?)(?)])(1 )(2 )(3 )] 22: 49cd895b-53b2-4dc4-a5f7-b18aa019ad37, 1, 0 [(0 [0xC004F014, 0, 0], [(?)(?)(?)(?)(?)(?)(?)(?)])(1 )(2 )(3 )] 23: 4de7cb65-cdf1-4de9-8ae8-e3cce27b9f2c, 1, 1 [(0 )(1 )(2 [0xC004E003, 0, 0], [( 1 0xC004F034)( 1 0xC004F034)(?)(?)(?)(?)(?)(?)])(3 [0x00000000, 0, 0], [( 6 0xC004F009 0 0)( 1 0x00000000)( 6 0xC004F009 0 0)(?)(?)(?)( 10 0x00000000 msft:rm/algorithm/flags/1.0)( 11 0x00000000 0xC004F034)])] 24: 4f3da0d2-271d-4508-ae81-626b60809a38, 1, 0 [(0 [0xC004F014, 0, 0], [(?)(?)(?)(?)(?)(?)(?)(?)])(1 )(2 )(3 )] 25: 5d78c4e9-aeb3-4b40-8ac2-6a6005e0ad6d, 1, 0 [(0 [0xC004F014, 0, 0], [(?)(?)(?)(?)(?)(?)(?)(?)])(1 )(2 )(3 )] 26: 60b3ec1b-9545-4921-821f-311b129dd6f6, 1, 0 [(0 [0xC004F014, 0, 0], [(?)(?)(?)(?)(?)(?)(?)(?)])(1 )(2 )(3 )] 27: 613d217f-7f13-4268-9907-1662339531cd, 1, 0 [(0 [0xC004F014, 0, 0], [(?)(?)(?)(?)(?)(?)(?)(?)])(1 )(2 )(3 )] 28: 62f0c100-9c53-4e02-b886-a3528ddfe7f6, 1, 0 [(0 [0xC004F014, 0, 0], [(?)(?)(?)(?)(?)(?)(?)(?)])(1 )(2 )(3 )] 29: 6365275e-368d-46ca-a0ef-fc0404119333, 1, 0 [(0 [0xC004F014, 0, 0], [(?)(?)(?)(?)(?)(?)(?)(?)])(1 )(2 )(3 )] 30: 721f9237-9341-4453-a661-09e8baa6cca5, 1, 0 [(0 [0xC004F014, 0, 0], [(?)(?)(?)(?)(?)(?)(?)(?)])(1 )(2 )(3 )] 31: 73111121-5638-40f6-bc11-f1d7b0d64300, 1, 0 [(0 [0xC004F014, 0, 0], [(?)(?)(?)(?)(?)(?)(?)(?)])(1 )(2 )(3 )] 32: 7a802526-4c94-4bd1-ba14-835a1aca2120, 1, 0 [(0 [0xC004F014, 0, 0], [(?)(?)(?)(?)(?)(?)(?)(?)])(1 )(2 )(3 )] 33: 7cb546c0-c7d5-44d8-9a5c-69ecdd782b69, 1, 0 [(0 [0xC004F014, 0, 0], [(?)(?)(?)(?)(?)(?)(?)(?)])(1 )(2 )(3 )] 34: 80083eae-7031-4394-9e88-4901973d56fe, 1, 0 [(0 [0xC004F014, 0, 0], [(?)(?)(?)(?)(?)(?)(?)(?)])(1 )(2 )(3 )] 35: 82bbc092-bc50-4e16-8e18-b74fc486aec3, 1, 0 [(0 [0xC004F014, 0, 0], [(?)(?)(?)(?)(?)(?)(?)(?)])(1 )(2 )(3 )] 36: 8ab9bdd1-1f67-4997-82d9-8878520837d9, 1, 0 [(0 [0xC004F014, 0, 0], [(?)(?)(?)(?)(?)(?)(?)(?)])(1 )(2 )(3 )] 37: 8b351c9c-f398-4515-9900-09df49427262, 1, 0 [(0 [0xC004F014, 0, 0], [(?)(?)(?)(?)(?)(?)(?)(?)])(1 )(2 )(3 )] 38: 90da7373-1c51-430b-bf26-c97e9c5cdc31, 1, 0 [(0 [0xC004F014, 0, 0], [(?)(?)(?)(?)(?)(?)(?)(?)])(1 )(2 )(3 )] 39: 92fb8726-92a8-4ffc-94ce-f82e07444653, 1, 0 [(0 [0xC004F014, 0, 0], [(?)(?)(?)(?)(?)(?)(?)(?)])(1 )(2 )(3 )] 40: 95dca82f-385d-4d39-b85b-5c73fa285d6f, 1, 0 [(0 [0xC004F014, 0, 0], [(?)(?)(?)(?)(?)(?)(?)(?)])(1 )(2 )(3 )] 41: 97cde3ae-e908-4b59-ac96-a17645c5b57e, 1, 0 [(0 [0xC004F014, 0, 0], [(?)(?)(?)(?)(?)(?)(?)(?)])(1 )(2 )(3 )] 42: a48938aa-62fa-4966-9d44-9f04da3f72f2, 1, 0 [(0 [0xC004F014, 0, 0], [(?)(?)(?)(?)(?)(?)(?)(?)])(1 )(2 )(3 )] 43: b0773a15-df3a-4312-9ad2-83d69648e356, 1, 0 [(0 [0xC004F014, 0, 0], [(?)(?)(?)(?)(?)(?)(?)(?)])(1 )(2 )(3 )] 44: b4bfe195-541e-4e64-ad23-6177f19e395e, 1, 0 [(0 [0xC004F014, 0, 0], [(?)(?)(?)(?)(?)(?)(?)(?)])(1 )(2 )(3 )] 45: b68e61d2-68ca-4757-be45-0cc2f3e68eee, 1, 0 [(0 [0xC004F014, 0, 0], [(?)(?)(?)(?)(?)(?)(?)(?)])(1 )(2 )(3 )] 46: bd3762d7-270d-4760-8fb3-d829ca45278a, 1, 0 [(0 [0xC004F014, 0, 0], [(?)(?)(?)(?)(?)(?)(?)(?)])(1 )(2 )(3 )] 47: c86d5194-4840-4dae-9c1c-0301003a5ab0, 1, 0 [(0 [0xC004F014, 0, 0], [(?)(?)(?)(?)(?)(?)(?)(?)])(1 )(2 )(3 )] 48: ca7df2e3-5ea0-47b8-9ac1-b1be4d8edd69, 1, 0 [(0 [0xC004F014, 0, 0], [(?)(?)(?)(?)(?)(?)(?)(?)])(1 )(2 )(3 )] 49: d552befb-48cc-4327-8f39-47d2d94f987c, 1, 0 [(0 [0xC004F014, 0, 0], [(?)(?)(?)(?)(?)(?)(?)(?)])(1 )(2 )(3 )] 50: d6eadb3b-5ca8-4a6b-986e-35b550756111, 1, 0 [(0 [0xC004F014, 0, 0], [(?)(?)(?)(?)(?)(?)(?)(?)])(1 )(2 )(3 )] 51: df96023b-dcd9-4be2-afa0-c6c871159ebe, 1, 0 [(0 [0xC004F014, 0, 0], [(?)(?)(?)(?)(?)(?)(?)(?)])(1 )(2 )(3 )] 52: e0c42288-980c-4788-a014-c080d2e1926e, 1, 0 [(0 [0xC004F014, 0, 0], [(?)(?)(?)(?)(?)(?)(?)(?)])(1 )(2 )(3 )] 53: e4db50ea-bda1-4566-b047-0ca50abc6f07, 1, 0 [(0 [0xC004F014, 0, 0], [(?)(?)(?)(?)(?)(?)(?)(?)])(1 )(2 )(3 )] 54: e558417a-5123-4f6f-91e7-385c1c7ca9d4, 1, 0 [(0 [0xC004F014, 0, 0], [(?)(?)(?)(?)(?)(?)(?)(?)])(1 )(2 )(3 )] 55: e7a950a2-e548-4f10-bf16-02ec848e0643, 1, 0 [(0 [0xC004F014, 0, 0], [(?)(?)(?)(?)(?)(?)(?)(?)])(1 )(2 )(3 )] 56: eb6d346f-1c60-4643-b960-40ec31596c45, 1, 0 [(0 [0xC004F014, 0, 0], [(?)(?)(?)(?)(?)(?)(?)(?)])(1 )(2 )(3 )] 57: ec868e65-fadf-4759-b23e-93fe37f2cc29, 1, 0 [(0 [0xC004F014, 0, 0], [(?)(?)(?)(?)(?)(?)(?)(?)])(1 )(2 )(3 )] 58: ef51e000-2659-4f25-8345-3de70a9cf4c4, 1, 0 [(0 [0xC004F014, 0, 0], [(?)(?)(?)(?)(?)(?)(?)(?)])(1 )(2 )(3 )] 59: f7af7d09-40e4-419c-a49b-eae366689ebd, 1, 0 [(0 [0xC004F014, 0, 0], [(?)(?)(?)(?)(?)(?)(?)(?)])(1 )(2 )(3 )] 60: fa755fe6-6739-40b9-8d84-6d0ea3b6d1ab, 1, 0 [(0 [0xC004F014, 0, 0], [(?)(?)(?)(?)(?)(?)(?)(?)])(1 )(2 )(3 )] 61: fe74f55b-0338-41d6-b267-4a201abe7285, 1, 0 [(0 [0xC004F014, 0, 0], [(?)(?)(?)(?)(?)(?)(?)(?)])(1 )(2 )(3 )]"
"9/8/2026 5:34:29 PM","0","Information","edgeupdate","CRASHLAB-GOLD","Service stopped."
"9/8/2026 5:34:28 PM","1001","Information","Windows Error Reporting","CRASHLAB-GOLD","Fault bucket , type 0 Event Name: crashpad_log Response: Not available Cab Id: 0 Problem signature: P1: MicrosoftEdgeUpdate.exe P2: 1.3.265.7 P3: PostOOBEDiagnostics_0|edge-stable P4: 0x80040827 P5: P6: P7: P8: P9: P10: Attached files: \\?\C:\ProgramData\Microsoft\EdgeUpdate\Log\MicrosoftEdgeUpdate.log \\?\C:\Windows\SystemTemp\msedge_installer.log These files may be available here: NULL Analysis symbol: Rechecking for solution: 0 Report Id: e1ab6c3b-381e-45ff-95b2-034e86352847 Report Status: 268697600 Hashed bucket: Cab Guid: 0"
"9/8/2026 5:34:28 PM","1001","Information","Windows Error Reporting","CRASHLAB-GOLD","Fault bucket 1162112644065109136, type 5 Event Name: crashpad_log Response: Not available Cab Id: 0 Problem signature: P1: MicrosoftEdgeUpdate.exe P2: 1.3.265.7 P3: PostOOBEDiagnostics_0|edge-stable P4: 0x80040827 P5: P6: P7: P8: P9: P10: Attached files: \\?\C:\ProgramData\Microsoft\EdgeUpdate\Log\MicrosoftEdgeUpdate.log \\?\C:\Windows\SystemTemp\msedge_installer.log \\?\C:\ProgramData\Microsoft\Windows\WER\Temp\WER.3a7e19d7-5eb7-454b-97bd-f2f7068a3455.tmp.WERInternalMetadata.xml \\?\C:\ProgramData\Microsoft\Windows\WER\Temp\WER.8856d415-9df2-468c-915a-a2a166700889.tmp.csv \\?\C:\ProgramData\Microsoft\Windows\WER\Temp\WER.74d76fc6-d5d8-4815-a999-7d2589ba4c39.tmp.txt \\?\C:\ProgramData\Microsoft\Windows\WER\Temp\WER.312ca835-308a-41d8-a078-4bd17e450c1f.tmp.xml These files may be available here: \\?\C:\ProgramData\Microsoft\Windows\WER\ReportArchive\NonCritical_MicrosoftEdgeUpd_939c58abf2d18db46bb37e934df799b5a285cc2_00000000_e1ab6c3b-381e-45ff-95b2-034e86352847 Analysis symbol: Rechecking for solution: 0 Report Id: e1ab6c3b-381e-45ff-95b2-034e86352847 Report Status: 268435456 Hashed bucket: 61852a3bc59fe0b29020a74aea7da490 Cab Guid: 0"
"9/8/2026 5:34:27 PM","8198","Error","Microsoft-Windows-Security-SPP","CRASHLAB-GOLD","License Activation (slui.exe) failed with the following error code: hr=0x803F7001 Command-line arguments: RuleId=31e71c49-8da7-4a2f-ad92-45d98a1c79ba;Action=AutoActivate;AppId=55c92734-d682-4d71-983e-d6ec3f16059f;SkuId=4de7cb65-cdf1-4de9-8ae8-e3cce27b9f2c;NotificationInterval=1440;Trigger=UserLogon;SessionId=2"
"9/8/2026 5:34:27 PM","1003","Information","Microsoft-Windows-Security-SPP","CRASHLAB-GOLD","The Software Protection service has completed licensing status check. Application Id=55c92734-d682-4d71-983e-d6ec3f16059f Licensing Status= 1: 01eb852c-424d-4060-94b8-c10d799d7364, 1, 0 [(0 [0xC004F014, 0, 0], [(?)(?)(?)(?)(?)(?)(?)(?)])(1 )(2 )(3 )] 2: 040fa323-92b1-4baf-97a2-5b67feaefddb, 1, 0 [(0 [0xC004F014, 0, 0], [(?)(?)(?)(?)(?)(?)(?)(?)])(1 )(2 )(3 )] 3: 0724cb7d-3437-4cb7-93cb-830375d0079d, 1, 0 [(0 [0xC004F014, 0, 0], [(?)(?)(?)(?)(?)(?)(?)(?)])(1 )(2 )(3 )] 4: 0ad2ac98-7bb9-4201-8d92-312299201369, 1, 0 [(0 [0xC004F014, 0, 0], [(?)(?)(?)(?)(?)(?)(?)(?)])(1 )(2 )(3 )] 5: 19de9b2f-0166-4abb-9534-56ea69a80edb, 1, 0 [(0 [0xC004F014, 0, 0], [(?)(?)(?)(?)(?)(?)(?)(?)])(1 )(2 )(3 )] 6: 1a9a717a-cf13-4ba5-83c3-0fe25fa868d5, 1, 0 [(0 [0xC004F014, 0, 0], [(?)(?)(?)(?)(?)(?)(?)(?)])(1 )(2 )(3 )] 7: 221a02da-e2a1-4b75-864c-0a4410a33fdf, 1, 0 [(0 [0xC004F014, 0, 0], [(?)(?)(?)(?)(?)(?)(?)(?)])(1 )(2 )(3 )] 8: 265f3fad-6a1c-4bdd-ae30-c75efa556ccb, 1, 0 [(0 [0xC004F014, 0, 0], [(?)(?)(?)(?)(?)(?)(?)(?)])(1 )(2 )(3 )] 9: 291ece0e-9c38-40ca-a9e1-32cc7ec19507, 1, 0 [(0 [0xC004F014, 0, 0], [(?)(?)(?)(?)(?)(?)(?)(?)])(1 )(2 )(3 )] 10: 2936d1d2-913a-4542-b54e-ce5a602a2a38, 1, 0 [(0 [0xC004F014, 0, 0], [(?)(?)(?)(?)(?)(?)(?)(?)])(1 )(2 )(3 )] 11: 2c293c26-a45a-4a2a-a350-c69a67097529, 1, 0 [(0 [0xC004F014, 0, 0], [(?)(?)(?)(?)(?)(?)(?)(?)])(1 )(2 )(3 )] 12: 2de67392-b7a7-462a-b1ca-108dd189f588, 1, 0 [(0 [0xC004F014, 0, 0], [(?)(?)(?)(?)(?)(?)(?)(?)])(1 )(2 )(3 )] 13: 2ffd8952-423e-4903-b993-72a1aa44cf82, 1, 0 [(0 [0xC004F014, 0, 0], [(?)(?)(?)(?)(?)(?)(?)(?)])(1 )(2 )(3 )] 14: 30a42c86-b7a0-4a34-8c90-ff177cb2acb7, 1, 0 [(0 [0xC004F014, 0, 0], [(?)(?)(?)(?)(?)(?)(?)(?)])(1 )(2 )(3 )] 15: 345a5db0-d94f-4e3b-a0c0-7c42f7bc3ebf, 1, 0 [(0 [0xC004F014, 0, 0], [(?)(?)(?)(?)(?)(?)(?)(?)])(1 )(2 )(3 )] 16: 3502365a-f88a-4ba4-822a-5769d3073b65, 1, 0 [(0 [0xC004F014, 0, 0], [(?)(?)(?)(?)(?)(?)(?)(?)])(1 )(2 )(3 )] 17: 377333b1-8b5d-48d6-9679-1225c872d37c, 1, 0 [(0 [0xC004F014, 0, 0], [(?)(?)(?)(?)(?)(?)(?)(?)])(1 )(2 )(3 )] 18: 3df374ef-d444-4494-a5a1-4b0d9fd0e203, 1, 0 [(0 [0xC004F014, 0, 0], [(?)(?)(?)(?)(?)(?)(?)(?)])(1 )(2 )(3 )] 19: 3ebce241-ea87-4946-8a4f-80d00e921dff, 1, 0 [(0 [0xC004F014, 0, 0], [(?)(?)(?)(?)(?)(?)(?)(?)])(1 )(2 )(3 )] 20: 3f1afc82-f8ac-4f6c-8005-1d233e606eee, 1, 0 [(0 [0xC004F014, 0, 0], [(?)(?)(?)(?)(?)(?)(?)(?)])(1 )(2 )(3 )] 21: 4322a811-697c-44dc-865e-3e2fdcb86009, 1, 0 [(0 [0xC004F014, 0, 0], [(?)(?)(?)(?)(?)(?)(?)(?)])(1 )(2 )(3 )] 22: 49cd895b-53b2-4dc4-a5f7-b18aa019ad37, 1, 0 [(0 [0xC004F014, 0, 0], [(?)(?)(?)(?)(?)(?)(?)(?)])(1 )(2 )(3 )] 23: 4de7cb65-cdf1-4de9-8ae8-e3cce27b9f2c, 1, 1 [(0 )(1 )(2 [0xC004E003, 0, 0], [( 1 0xC004F034)( 1 0xC004F034)(?)(?)(?)(?)(?)(?)])(3 [0x00000000, 0, 0], [( 6 0xC004F009 0 0)( 1 0x00000000)( 6 0xC004F009 0 0)(?)(?)(?)( 10 0x00000000 msft:rm/algorithm/flags/1.0)( 11 0x00000000 0xC004F034)])] 24: 4f3da0d2-271d-4508-ae81-626b60809a38, 1, 0 [(0 [0xC004F014, 0, 0], [(?)(?)(?)(?)(?)(?)(?)(?)])(1 )(2 )(3 )] 25: 5d78c4e9-aeb3-4b40-8ac2-6a6005e0ad6d, 1, 0 [(0 [0xC004F014, 0, 0], [(?)(?)(?)(?)(?)(?)(?)(?)])(1 )(2 )(3 )] 26: 60b3ec1b-9545-4921-821f-311b129dd6f6, 1, 0 [(0 [0xC004F014, 0, 0], [(?)(?)(?)(?)(?)(?)(?)(?)])(1 )(2 )(3 )] 27: 613d217f-7f13-4268-9907-1662339531cd, 1, 0 [(0 [0xC004F014, 0, 0], [(?)(?)(?)(?)(?)(?)(?)(?)])(1 )(2 )(3 )] 28: 62f0c100-9c53-4e02-b886-a3528ddfe7f6, 1, 0 [(0 [0xC004F014, 0, 0], [(?)(?)(?)(?)(?)(?)(?)(?)])(1 )(2 )(3 )] 29: 6365275e-368d-46ca-a0ef-fc0404119333, 1, 0 [(0 [0xC004F014, 0, 0], [(?)(?)(?)(?)(?)(?)(?)(?)])(1 )(2 )(3 )] 30: 721f9237-9341-4453-a661-09e8baa6cca5, 1, 0 [(0 [0xC004F014, 0, 0], [(?)(?)(?)(?)(?)(?)(?)(?)])(1 )(2 )(3 )] 31: 73111121-5638-40f6-bc11-f1d7b0d64300, 1, 0 [(0 [0xC004F014, 0, 0], [(?)(?)(?)(?)(?)(?)(?)(?)])(1 )(2 )(3 )] 32: 7a802526-4c94-4bd1-ba14-835a1aca2120, 1, 0 [(0 [0xC004F014, 0, 0], [(?)(?)(?)(?)(?)(?)(?)(?)])(1 )(2 )(3 )] 33: 7cb546c0-c7d5-44d8-9a5c-69ecdd782b69, 1, 0 [(0 [0xC004F014, 0, 0], [(?)(?)(?)(?)(?)(?)(?)(?)])(1 )(2 )(3 )] 34: 80083eae-7031-4394-9e88-4901973d56fe, 1, 0 [(0 [0xC004F014, 0, 0], [(?)(?)(?)(?)(?)(?)(?)(?)])(1 )(2 )(3 )] 35: 82bbc092-bc50-4e16-8e18-b74fc486aec3, 1, 0 [(0 [0xC004F014, 0, 0], [(?)(?)(?)(?)(?)(?)(?)(?)])(1 )(2 )(3 )] 36: 8ab9bdd1-1f67-4997-82d9-8878520837d9, 1, 0 [(0 [0xC004F014, 0, 0], [(?)(?)(?)(?)(?)(?)(?)(?)])(1 )(2 )(3 )] 37: 8b351c9c-f398-4515-9900-09df49427262, 1, 0 [(0 [0xC004F014, 0, 0], [(?)(?)(?)(?)(?)(?)(?)(?)])(1 )(2 )(3 )] 38: 90da7373-1c51-430b-bf26-c97e9c5cdc31, 1, 0 [(0 [0xC004F014, 0, 0], [(?)(?)(?)(?)(?)(?)(?)(?)])(1 )(2 )(3 )] 39: 92fb8726-92a8-4ffc-94ce-f82e07444653, 1, 0 [(0 [0xC004F014, 0, 0], [(?)(?)(?)(?)(?)(?)(?)(?)])(1 )(2 )(3 )] 40: 95dca82f-385d-4d39-b85b-5c73fa285d6f, 1, 0 [(0 [0xC004F014, 0, 0], [(?)(?)(?)(?)(?)(?)(?)(?)])(1 )(2 )(3 )] 41: 97cde3ae-e908-4b59-ac96-a17645c5b57e, 1, 0 [(0 [0xC004F014, 0, 0], [(?)(?)(?)(?)(?)(?)(?)(?)])(1 )(2 )(3 )] 42: a48938aa-62fa-4966-9d44-9f04da3f72f2, 1, 0 [(0 [0xC004F014, 0, 0], [(?)(?)(?)(?)(?)(?)(?)(?)])(1 )(2 )(3 )] 43: b0773a15-df3a-4312-9ad2-83d69648e356, 1, 0 [(0 [0xC004F014, 0, 0], [(?)(?)(?)(?)(?)(?)(?)(?)])(1 )(2 )(3 )] 44: b4bfe195-541e-4e64-ad23-6177f19e395e, 1, 0 [(0 [0xC004F014, 0, 0], [(?)(?)(?)(?)(?)(?)(?)(?)])(1 )(2 )(3 )] 45: b68e61d2-68ca-4757-be45-0cc2f3e68eee, 1, 0 [(0 [0xC004F014, 0, 0], [(?)(?)(?)(?)(?)(?)(?)(?)])(1 )(2 )(3 )] 46: bd3762d7-270d-4760-8fb3-d829ca45278a, 1, 0 [(0 [0xC004F014, 0, 0], [(?)(?)(?)(?)(?)(?)(?)(?)])(1 )(2 )(3 )] 47: c86d5194-4840-4dae-9c1c-0301003a5ab0, 1, 0 [(0 [0xC004F014, 0, 0], [(?)(?)(?)(?)(?)(?)(?)(?)])(1 )(2 )(3 )] 48: ca7df2e3-5ea0-47b8-9ac1-b1be4d8edd69, 1, 0 [(0 [0xC004F014, 0, 0], [(?)(?)(?)(?)(?)(?)(?)(?)])(1 )(2 )(3 )] 49: d552befb-48cc-4327-8f39-47d2d94f987c, 1, 0 [(0 [0xC004F014, 0, 0], [(?)(?)(?)(?)(?)(?)(?)(?)])(1 )(2 )(3 )] 50: d6eadb3b-5ca8-4a6b-986e-35b550756111, 1, 0 [(0 [0xC004F014, 0, 0], [(?)(?)(?)(?)(?)(?)(?)(?)])(1 )(2 )(3 )] 51: df96023b-dcd9-4be2-afa0-c6c871159ebe, 1, 0 [(0 [0xC004F014, 0, 0], [(?)(?)(?)(?)(?)(?)(?)(?)])(1 )(2 )(3 )] 52: e0c42288-980c-4788-a014-c080d2e1926e, 1, 0 [(0 [0xC004F014, 0, 0], [(?)(?)(?)(?)(?)(?)(?)(?)])(1 )(2 )(3 )] 53: e4db50ea-bda1-4566-b047-0ca50abc6f07, 1, 0 [(0 [0xC004F014, 0, 0], [(?)(?)(?)(?)(?)(?)(?)(?)])(1 )(2 )(3 )] 54: e558417a-5123-4f6f-91e7-385c1c7ca9d4, 1, 0 [(0 [0xC004F014, 0, 0], [(?)(?)(?)(?)(?)(?)(?)(?)])(1 )(2 )(3 )] 55: e7a950a2-e548-4f10-bf16-02ec848e0643, 1, 0 [(0 [0xC004F014, 0, 0], [(?)(?)(?)(?)(?)(?)(?)(?)])(1 )(2 )(3 )] 56: eb6d346f-1c60-4643-b960-40ec31596c45, 1, 0 [(0 [0xC004F014, 0, 0], [(?)(?)(?)(?)(?)(?)(?)(?)])(1 )(2 )(3 )] 57: ec868e65-fadf-4759-b23e-93fe37f2cc29, 1, 0 [(0 [0xC004F014, 0, 0], [(?)(?)(?)(?)(?)(?)(?)(?)])(1 )(2 )(3 )] 58: ef51e000-2659-4f25-8345-3de70a9cf4c4, 1, 0 [(0 [0xC004F014, 0, 0], [(?)(?)(?)(?)(?)(?)(?)(?)])(1 )(2 )(3 )] 59: f7af7d09-40e4-419c-a49b-eae366689ebd, 1, 0 [(0 [0xC004F014, 0, 0], [(?)(?)(?)(?)(?)(?)(?)(?)])(1 )(2 )(3 )] 60: fa755fe6-6739-40b9-8d84-6d0ea3b6d1ab, 1, 0 [(0 [0xC004F014, 0, 0], [(?)(?)(?)(?)(?)(?)(?)(?)])(1 )(2 )(3 )] 61: fe74f55b-0338-41d6-b267-4a201abe7285, 1, 0 [(0 [0xC004F014, 0, 0], [(?)(?)(?)(?)(?)(?)(?)(?)])(1 )(2 )(3 )]"
"9/8/2026 5:34:27 PM","1003","Information","Microsoft-Windows-Security-SPP","CRASHLAB-GOLD","The Software Protection service has completed licensing status check. Application Id=55c92734-d682-4d71-983e-d6ec3f16059f Licensing Status= 1: 01eb852c-424d-4060-94b8-c10d799d7364, 1, 0 [(0 [0xC004F014, 0, 0], [(?)(?)(?)(?)(?)(?)(?)(?)])(1 )(2 )(3 )] 2: 040fa323-92b1-4baf-97a2-5b67feaefddb, 1, 0 [(0 [0xC004F014, 0, 0], [(?)(?)(?)(?)(?)(?)(?)(?)])(1 )(2 )(3 )] 3: 0724cb7d-3437-4cb7-93cb-830375d0079d, 1, 0 [(0 [0xC004F014, 0, 0], [(?)(?)(?)(?)(?)(?)(?)(?)])(1 )(2 )(3 )] 4: 0ad2ac98-7bb9-4201-8d92-312299201369, 1, 0 [(0 [0xC004F014, 0, 0], [(?)(?)(?)(?)(?)(?)(?)(?)])(1 )(2 )(3 )] 5: 19de9b2f-0166-4abb-9534-56ea69a80edb, 1, 0 [(0 [0xC004F014, 0, 0], [(?)(?)(?)(?)(?)(?)(?)(?)])(1 )(2 )(3 )] 6: 1a9a717a-cf13-4ba5-83c3-0fe25fa868d5, 1, 0 [(0 [0xC004F014, 0, 0], [(?)(?)(?)(?)(?)(?)(?)(?)])(1 )(2 )(3 )] 7: 221a02da-e2a1-4b75-864c-0a4410a33fdf, 1, 0 [(0 [0xC004F014, 0, 0], [(?)(?)(?)(?)(?)(?)(?)(?)])(1 )(2 )(3 )] 8: 265f3fad-6a1c-4bdd-ae30-c75efa556ccb, 1, 0 [(0 [0xC004F014, 0, 0], [(?)(?)(?)(?)(?)(?)(?)(?)])(1 )(2 )(3 )] 9: 291ece0e-9c38-40ca-a9e1-32cc7ec19507, 1, 0 [(0 [0xC004F014, 0, 0], [(?)(?)(?)(?)(?)(?)(?)(?)])(1 )(2 )(3 )] 10: 2936d1d2-913a-4542-b54e-ce5a602a2a38, 1, 0 [(0 [0xC004F014, 0, 0], [(?)(?)(?)(?)(?)(?)(?)(?)])(1 )(2 )(3 )] 11: 2c293c26-a45a-4a2a-a350-c69a67097529, 1, 0 [(0 [0xC004F014, 0, 0], [(?)(?)(?)(?)(?)(?)(?)(?)])(1 )(2 )(3 )] 12: 2de67392-b7a7-462a-b1ca-108dd189f588, 1, 0 [(0 [0xC004F014, 0, 0], [(?)(?)(?)(?)(?)(?)(?)(?)])(1 )(2 )(3 )] 13: 2ffd8952-423e-4903-b993-72a1aa44cf82, 1, 0 [(0 [0xC004F014, 0, 0], [(?)(?)(?)(?)(?)(?)(?)(?)])(1 )(2 )(3 )] 14: 30a42c86-b7a0-4a34-8c90-ff177cb2acb7, 1, 0 [(0 [0xC004F014, 0, 0], [(?)(?)(?)(?)(?)(?)(?)(?)])(1 )(2 )(3 )] 15: 345a5db0-d94f-4e3b-a0c0-7c42f7bc3ebf, 1, 0 [(0 [0xC004F014, 0, 0], [(?)(?)(?)(?)(?)(?)(?)(?)])(1 )(2 )(3 )] 16: 3502365a-f88a-4ba4-822a-5769d3073b65, 1, 0 [(0 [0xC004F014, 0, 0], [(?)(?)(?)(?)(?)(?)(?)(?)])(1 )(2 )(3 )] 17: 377333b1-8b5d-48d6-9679-1225c872d37c, 1, 0 [(0 [0xC004F014, 0, 0], [(?)(?)(?)(?)(?)(?)(?)(?)])(1 )(2 )(3 )] 18: 3df374ef-d444-4494-a5a1-4b0d9fd0e203, 1, 0 [(0 [0xC004F014, 0, 0], [(?)(?)(?)(?)(?)(?)(?)(?)])(1 )(2 )(3 )] 19: 3ebce241-ea87-4946-8a4f-80d00e921dff, 1, 0 [(0 [0xC004F014, 0, 0], [(?)(?)(?)(?)(?)(?)(?)(?)])(1 )(2 )(3 )] 20: 3f1afc82-f8ac-4f6c-8005-1d233e606eee, 1, 0 [(0 [0xC004F014, 0, 0], [(?)(?)(?)(?)(?)(?)(?)(?)])(1 )(2 )(3 )] 21: 4322a811-697c-44dc-865e-3e2fdcb86009, 1, 0 [(0 [0xC004F014, 0, 0], [(?)(?)(?)(?)(?)(?)(?)(?)])(1 )(2 )(3 )] 22: 49cd895b-53b2-4dc4-a5f7-b18aa019ad37, 1, 0 [(0 [0xC004F014, 0, 0], [(?)(?)(?)(?)(?)(?)(?)(?)])(1 )(2 )(3 )] 23: 4de7cb65-cdf1-4de9-8ae8-e3cce27b9f2c, 1, 1 [(0 )(1 )(2 [0xC004E003, 0, 0], [( 1 0xC004F034)( 1 0xC004F034)(?)(?)(?)(?)(?)(?)])(3 [0x00000000, 0, 0], [( 6 0xC004F009 0 0)( 1 0x00000000)( 6 0xC004F009 0 0)(?)(?)(?)( 10 0x00000000 msft:rm/algorithm/flags/1.0)( 11 0x00000000 0xC004F034)])] 24: 4f3da0d2-271d-4508-ae81-626b60809a38, 1, 0 [(0 [0xC004F014, 0, 0], [(?)(?)(?)(?)(?)(?)(?)(?)])(1 )(2 )(3 )] 25: 5d78c4e9-aeb3-4b40-8ac2-6a6005e0ad6d, 1, 0 [(0 [0xC004F014, 0, 0], [(?)(?)(?)(?)(?)(?)(?)(?)])(1 )(2 )(3 )] 26: 60b3ec1b-9545-4921-821f-311b129dd6f6, 1, 0 [(0 [0xC004F014, 0, 0], [(?)(?)(?)(?)(?)(?)(?)(?)])(1 )(2 )(3 )] 27: 613d217f-7f13-4268-9907-1662339531cd, 1, 0 [(0 [0xC004F014, 0, 0], [(?)(?)(?)(?)(?)(?)(?)(?)])(1 )(2 )(3 )] 28: 62f0c100-9c53-4e02-b886-a3528ddfe7f6, 1, 0 [(0 [0xC004F014, 0, 0], [(?)(?)(?)(?)(?)(?)(?)(?)])(1 )(2 )(3 )] 29: 6365275e-368d-46ca-a0ef-fc0404119333, 1, 0 [(0 [0xC004F014, 0, 0], [(?)(?)(?)(?)(?)(?)(?)(?)])(1 )(2 )(3 )] 30: 721f9237-9341-4453-a661-09e8baa6cca5, 1, 0 [(0 [0xC004F014, 0, 0], [(?)(?)(?)(?)(?)(?)(?)(?)])(1 )(2 )(3 )] 31: 73111121-5638-40f6-bc11-f1d7b0d64300, 1, 0 [(0 [0xC004F014, 0, 0], [(?)(?)(?)(?)(?)(?)(?)(?)])(1 )(2 )(3 )] 32: 7a802526-4c94-4bd1-ba14-835a1aca2120, 1, 0 [(0 [0xC004F014, 0, 0], [(?)(?)(?)(?)(?)(?)(?)(?)])(1 )(2 )(3 )] 33: 7cb546c0-c7d5-44d8-9a5c-69ecdd782b69, 1, 0 [(0 [0xC004F014, 0, 0], [(?)(?)(?)(?)(?)(?)(?)(?)])(1 )(2 )(3 )] 34: 80083eae-7031-4394-9e88-4901973d56fe, 1, 0 [(0 [0xC004F014, 0, 0], [(?)(?)(?)(?)(?)(?)(?)(?)])(1 )(2 )(3 )] 35: 82bbc092-bc50-4e16-8e18-b74fc486aec3, 1, 0 [(0 [0xC004F014, 0, 0], [(?)(?)(?)(?)(?)(?)(?)(?)])(1 )(2 )(3 )] 36: 8ab9bdd1-1f67-4997-82d9-8878520837d9, 1, 0 [(0 [0xC004F014, 0, 0], [(?)(?)(?)(?)(?)(?)(?)(?)])(1 )(2 )(3 )] 37: 8b351c9c-f398-4515-9900-09df49427262, 1, 0 [(0 [0xC004F014, 0, 0], [(?)(?)(?)(?)(?)(?)(?)(?)])(1 )(2 )(3 )] 38: 90da7373-1c51-430b-bf26-c97e9c5cdc31, 1, 0 [(0 [0xC004F014, 0, 0], [(?)(?)(?)(?)(?)(?)(?)(?)])(1 )(2 )(3 )] 39: 92fb8726-92a8-4ffc-94ce-f82e07444653, 1, 0 [(0 [0xC004F014, 0, 0], [(?)(?)(?)(?)(?)(?)(?)(?)])(1 )(2 )(3 )] 40: 95dca82f-385d-4d39-b85b-5c73fa285d6f, 1, 0 [(0 [0xC004F014, 0, 0], [(?)(?)(?)(?)(?)(?)(?)(?)])(1 )(2 )(3 )] 41: 97cde3ae-e908-4b59-ac96-a17645c5b57e, 1, 0 [(0 [0xC004F014, 0, 0], [(?)(?)(?)(?)(?)(?)(?)(?)])(1 )(2 )(3 )] 42: a48938aa-62fa-4966-9d44-9f04da3f72f2, 1, 0 [(0 [0xC004F014, 0, 0], [(?)(?)(?)(?)(?)(?)(?)(?)])(1 )(2 )(3 )] 43: b0773a15-df3a-4312-9ad2-83d69648e356, 1, 0 [(0 [0xC004F014, 0, 0], [(?)(?)(?)(?)(?)(?)(?)(?)])(1 )(2 )(3 )] 44: b4bfe195-541e-4e64-ad23-6177f19e395e, 1, 0 [(0 [0xC004F014, 0, 0], [(?)(?)(?)(?)(?)(?)(?)(?)])(1 )(2 )(3 )] 45: b68e61d2-68ca-4757-be45-0cc2f3e68eee, 1, 0 [(0 [0xC004F014, 0, 0], [(?)(?)(?)(?)(?)(?)(?)(?)])(1 )(2 )(3 )] 46: bd3762d7-270d-4760-8fb3-d829ca45278a, 1, 0 [(0 [0xC004F014, 0, 0], [(?)(?)(?)(?)(?)(?)(?)(?)])(1 )(2 )(3 )] 47: c86d5194-4840-4dae-9c1c-0301003a5ab0, 1, 0 [(0 [0xC004F014, 0, 0], [(?)(?)(?)(?)(?)(?)(?)(?)])(1 )(2 )(3 )] 48: ca7df2e3-5ea0-47b8-9ac1-b1be4d8edd69, 1, 0 [(0 [0xC004F014, 0, 0], [(?)(?)(?)(?)(?)(?)(?)(?)])(1 )(2 )(3 )] 49: d552befb-48cc-4327-8f39-47d2d94f987c, 1, 0 [(0 [0xC004F014, 0, 0], [(?)(?)(?)(?)(?)(?)(?)(?)])(1 )(2 )(3 )] 50: d6eadb3b-5ca8-4a6b-986e-35b550756111, 1, 0 [(0 [0xC004F014, 0, 0], [(?)(?)(?)(?)(?)(?)(?)(?)])(1 )(2 )(3 )] 51: df96023b-dcd9-4be2-afa0-c6c871159ebe, 1, 0 [(0 [0xC004F014, 0, 0], [(?)(?)(?)(?)(?)(?)(?)(?)])(1 )(2 )(3 )] 52: e0c42288-980c-4788-a014-c080d2e1926e, 1, 0 [(0 [0xC004F014, 0, 0], [(?)(?)(?)(?)(?)(?)(?)(?)])(1 )(2 )(3 )] 53: e4db50ea-bda1-4566-b047-0ca50abc6f07, 1, 0 [(0 [0xC004F014, 0, 0], [(?)(?)(?)(?)(?)(?)(?)(?)])(1 )(2 )(3 )] 54: e558417a-5123-4f6f-91e7-385c1c7ca9d4, 1, 0 [(0 [0xC004F014, 0, 0], [(?)(?)(?)(?)(?)(?)(?)(?)])(1 )(2 )(3 )] 55: e7a950a2-e548-4f10-bf16-02ec848e0643, 1, 0 [(0 [0xC004F014, 0, 0], [(?)(?)(?)(?)(?)(?)(?)(?)])(1 )(2 )(3 )] 56: eb6d346f-1c60-4643-b960-40ec31596c45, 1, 0 [(0 [0xC004F014, 0, 0], [(?)(?)(?)(?)(?)(?)(?)(?)])(1 )(2 )(3 )] 57: ec868e65-fadf-4759-b23e-93fe37f2cc29, 1, 0 [(0 [0xC004F014, 0, 0], [(?)(?)(?)(?)(?)(?)(?)(?)])(1 )(2 )(3 )] 58: ef51e000-2659-4f25-8345-3de70a9cf4c4, 1, 0 [(0 [0xC004F014, 0, 0], [(?)(?)(?)(?)(?)(?)(?)(?)])(1 )(2 )(3 )] 59: f7af7d09-40e4-419c-a49b-eae366689ebd, 1, 0 [(0 [0xC004F014, 0, 0], [(?)(?)(?)(?)(?)(?)(?)(?)])(1 )(2 )(3 )] 60: fa755fe6-6739-40b9-8d84-6d0ea3b6d1ab, 1, 0 [(0 [0xC004F014, 0, 0], [(?)(?)(?)(?)(?)(?)(?)(?)])(1 )(2 )(3 )] 61: fe74f55b-0338-41d6-b267-4a201abe7285, 1, 0 [(0 [0xC004F014, 0, 0], [(?)(?)(?)(?)(?)(?)(?)(?)])(1 )(2 )(3 )]"
"9/8/2026 5:34:13 PM","902","Information","Microsoft-Windows-Security-SPP","CRASHLAB-GOLD","The Software Protection service has started. 10.0.26100.8036"
"9/8/2026 5:34:13 PM","1003","Information","Microsoft-Windows-Security-SPP","CRASHLAB-GOLD","The Software Protection service has completed licensing status check. Application Id=55c92734-d682-4d71-983e-d6ec3f16059f Licensing Status= 1: 01eb852c-424d-4060-94b8-c10d799d7364, 1, 0 [(0 [0xC004F014, 0, 0], [(?)(?)(?)(?)(?)(?)(?)(?)])(1 )(2 )(3 )] 2: 040fa323-92b1-4baf-97a2-5b67feaefddb, 1, 0 [(0 [0xC004F014, 0, 0], [(?)(?)(?)(?)(?)(?)(?)(?)])(1 )(2 )(3 )] 3: 0724cb7d-3437-4cb7-93cb-830375d0079d, 1, 0 [(0 [0xC004F014, 0, 0], [(?)(?)(?)(?)(?)(?)(?)(?)])(1 )(2 )(3 )] 4: 0ad2ac98-7bb9-4201-8d92-312299201369, 1, 0 [(0 [0xC004F014, 0, 0], [(?)(?)(?)(?)(?)(?)(?)(?)])(1 )(2 )(3 )] 5: 19de9b2f-0166-4abb-9534-56ea69a80edb, 1, 0 [(0 [0xC004F014, 0, 0], [(?)(?)(?)(?)(?)(?)(?)(?)])(1 )(2 )(3 )] 6: 1a9a717a-cf13-4ba5-83c3-0fe25fa868d5, 1, 0 [(0 [0xC004F014, 0, 0], [(?)(?)(?)(?)(?)(?)(?)(?)])(1 )(2 )(3 )] 7: 221a02da-e2a1-4b75-864c-0a4410a33fdf, 1, 0 [(0 [0xC004F014, 0, 0], [(?)(?)(?)(?)(?)(?)(?)(?)])(1 )(2 )(3 )] 8: 265f3fad-6a1c-4bdd-ae30-c75efa556ccb, 1, 0 [(0 [0xC004F014, 0, 0], [(?)(?)(?)(?)(?)(?)(?)(?)])(1 )(2 )(3 )] 9: 291ece0e-9c38-40ca-a9e1-32cc7ec19507, 1, 0 [(0 [0xC004F014, 0, 0], [(?)(?)(?)(?)(?)(?)(?)(?)])(1 )(2 )(3 )] 10: 2936d1d2-913a-4542-b54e-ce5a602a2a38, 1, 0 [(0 [0xC004F014, 0, 0], [(?)(?)(?)(?)(?)(?)(?)(?)])(1 )(2 )(3 )] 11: 2c293c26-a45a-4a2a-a350-c69a67097529, 1, 0 [(0 [0xC004F014, 0, 0], [(?)(?)(?)(?)(?)(?)(?)(?)])(1 )(2 )(3 )] 12: 2de67392-b7a7-462a-b1ca-108dd189f588, 1, 0 [(0 [0xC004F014, 0, 0], [(?)(?)(?)(?)(?)(?)(?)(?)])(1 )(2 )(3 )] 13: 2ffd8952-423e-4903-b993-72a1aa44cf82, 1, 0 [(0 [0xC004F014, 0, 0], [(?)(?)(?)(?)(?)(?)(?)(?)])(1 )(2 )(3 )] 14: 30a42c86-b7a0-4a34-8c90-ff177cb2acb7, 1, 0 [(0 [0xC004F014, 0, 0], [(?)(?)(?)(?)(?)(?)(?)(?)])(1 )(2 )(3 )] 15: 345a5db0-d94f-4e3b-a0c0-7c42f7bc3ebf, 1, 0 [(0 [0xC004F014, 0, 0], [(?)(?)(?)(?)(?)(?)(?)(?)])(1 )(2 )(3 )] 16: 3502365a-f88a-4ba4-822a-5769d3073b65, 1, 0 [(0 [0xC004F014, 0, 0], [(?)(?)(?)(?)(?)(?)(?)(?)])(1 )(2 )(3 )] 17: 377333b1-8b5d-48d6-9679-1225c872d37c, 1, 0 [(0 [0xC004F014, 0, 0], [(?)(?)(?)(?)(?)(?)(?)(?)])(1 )(2 )(3 )] 18: 3df374ef-d444-4494-a5a1-4b0d9fd0e203, 1, 0 [(0 [0xC004F014, 0, 0], [(?)(?)(?)(?)(?)(?)(?)(?)])(1 )(2 )(3 )] 19: 3ebce241-ea87-4946-8a4f-80d00e921dff, 1, 0 [(0 [0xC004F014, 0, 0], [(?)(?)(?)(?)(?)(?)(?)(?)])(1 )(2 )(3 )] 20: 3f1afc82-f8ac-4f6c-8005-1d233e606eee, 1, 0 [(0 [0xC004F014, 0, 0], [(?)(?)(?)(?)(?)(?)(?)(?)])(1 )(2 )(3 )] 21: 4322a811-697c-44dc-865e-3e2fdcb86009, 1, 0 [(0 [0xC004F014, 0, 0], [(?)(?)(?)(?)(?)(?)(?)(?)])(1 )(2 )(3 )] 22: 49cd895b-53b2-4dc4-a5f7-b18aa019ad37, 1, 0 [(0 [0xC004F014, 0, 0], [(?)(?)(?)(?)(?)(?)(?)(?)])(1 )(2 )(3 )] 23: 4de7cb65-cdf1-4de9-8ae8-e3cce27b9f2c, 1, 1 [(0 )(1 )(2 [0xC004E003, 0, 0], [( 1 0xC004F034)( 1 0xC004F034)(?)(?)(?)(?)(?)(?)])(3 [0x00000000, 0, 0], [( 6 0xC004F009 0 0)( 1 0x00000000)( 6 0xC004F009 0 0)(?)(?)(?)( 10 0x00000000 msft:rm/algorithm/flags/1.0)( 11 0x00000000 0xC004F034)])] 24: 4f3da0d2-271d-4508-ae81-626b60809a38, 1, 0 [(0 [0xC004F014, 0, 0], [(?)(?)(?)(?)(?)(?)(?)(?)])(1 )(2 )(3 )] 25: 5d78c4e9-aeb3-4b40-8ac2-6a6005e0ad6d, 1, 0 [(0 [0xC004F014, 0, 0], [(?)(?)(?)(?)(?)(?)(?)(?)])(1 )(2 )(3 )] 26: 60b3ec1b-9545-4921-821f-311b129dd6f6, 1, 0 [(0 [0xC004F014, 0, 0], [(?)(?)(?)(?)(?)(?)(?)(?)])(1 )(2 )(3 )] 27: 613d217f-7f13-4268-9907-1662339531cd, 1, 0 [(0 [0xC004F014, 0, 0], [(?)(?)(?)(?)(?)(?)(?)(?)])(1 )(2 )(3 )] 28: 62f0c100-9c53-4e02-b886-a3528ddfe7f6, 1, 0 [(0 [0xC004F014, 0, 0], [(?)(?)(?)(?)(?)(?)(?)(?)])(1 )(2 )(3 )] 29: 6365275e-368d-46ca-a0ef-fc0404119333, 1, 0 [(0 [0xC004F014, 0, 0], [(?)(?)(?)(?)(?)(?)(?)(?)])(1 )(2 )(3 )] 30: 721f9237-9341-4453-a661-09e8baa6cca5, 1, 0 [(0 [0xC004F014, 0, 0], [(?)(?)(?)(?)(?)(?)(?)(?)])(1 )(2 )(3 )] 31: 73111121-5638-40f6-bc11-f1d7b0d64300, 1, 0 [(0 [0xC004F014, 0, 0], [(?)(?)(?)(?)(?)(?)(?)(?)])(1 )(2 )(3 )] 32: 7a802526-4c94-4bd1-ba14-835a1aca2120, 1, 0 [(0 [0xC004F014, 0, 0], [(?)(?)(?)(?)(?)(?)(?)(?)])(1 )(2 )(3 )] 33: 7cb546c0-c7d5-44d8-9a5c-69ecdd782b69, 1, 0 [(0 [0xC004F014, 0, 0], [(?)(?)(?)(?)(?)(?)(?)(?)])(1 )(2 )(3 )] 34: 80083eae-7031-4394-9e88-4901973d56fe, 1, 0 [(0 [0xC004F014, 0, 0], [(?)(?)(?)(?)(?)(?)(?)(?)])(1 )(2 )(3 )] 35: 82bbc092-bc50-4e16-8e18-b74fc486aec3, 1, 0 [(0 [0xC004F014, 0, 0], [(?)(?)(?)(?)(?)(?)(?)(?)])(1 )(2 )(3 )] 36: 8ab9bdd1-1f67-4997-82d9-8878520837d9, 1, 0 [(0 [0xC004F014, 0, 0], [(?)(?)(?)(?)(?)(?)(?)(?)])(1 )(2 )(3 )] 37: 8b351c9c-f398-4515-9900-09df49427262, 1, 0 [(0 [0xC004F014, 0, 0], [(?)(?)(?)(?)(?)(?)(?)(?)])(1 )(2 )(3 )] 38: 90da7373-1c51-430b-bf26-c97e9c5cdc31, 1, 0 [(0 [0xC004F014, 0, 0], [(?)(?)(?)(?)(?)(?)(?)(?)])(1 )(2 )(3 )] 39: 92fb8726-92a8-4ffc-94ce-f82e07444653, 1, 0 [(0 [0xC004F014, 0, 0], [(?)(?)(?)(?)(?)(?)(?)(?)])(1 )(2 )(3 )] 40: 95dca82f-385d-4d39-b85b-5c73fa285d6f, 1, 0 [(0 [0xC004F014, 0, 0], [(?)(?)(?)(?)(?)(?)(?)(?)])(1 )(2 )(3 )] 41: 97cde3ae-e908-4b59-ac96-a17645c5b57e, 1, 0 [(0 [0xC004F014, 0, 0], [(?)(?)(?)(?)(?)(?)(?)(?)])(1 )(2 )(3 )] 42: a48938aa-62fa-4966-9d44-9f04da3f72f2, 1, 0 [(0 [0xC004F014, 0, 0], [(?)(?)(?)(?)(?)(?)(?)(?)])(1 )(2 )(3 )] 43: b0773a15-df3a-4312-9ad2-83d69648e356, 1, 0 [(0 [0xC004F014, 0, 0], [(?)(?)(?)(?)(?)(?)(?)(?)])(1 )(2 )(3 )] 44: b4bfe195-541e-4e64-ad23-6177f19e395e, 1, 0 [(0 [0xC004F014, 0, 0], [(?)(?)(?)(?)(?)(?)(?)(?)])(1 )(2 )(3 )] 45: b68e61d2-68ca-4757-be45-0cc2f3e68eee, 1, 0 [(0 [0xC004F014, 0, 0], [(?)(?)(?)(?)(?)(?)(?)(?)])(1 )(2 )(3 )] 46: bd3762d7-270d-4760-8fb3-d829ca45278a, 1, 0 [(0 [0xC004F014, 0, 0], [(?)(?)(?)(?)(?)(?)(?)(?)])(1 )(2 )(3 )] 47: c86d5194-4840-4dae-9c1c-0301003a5ab0, 1, 0 [(0 [0xC004F014, 0, 0], [(?)(?)(?)(?)(?)(?)(?)(?)])(1 )(2 )(3 )] 48: ca7df2e3-5ea0-47b8-9ac1-b1be4d8edd69, 1, 0 [(0 [0xC004F014, 0, 0], [(?)(?)(?)(?)(?)(?)(?)(?)])(1 )(2 )(3 )] 49: d552befb-48cc-4327-8f39-47d2d94f987c, 1, 0 [(0 [0xC004F014, 0, 0], [(?)(?)(?)(?)(?)(?)(?)(?)])(1 )(2 )(3 )] 50: d6eadb3b-5ca8-4a6b-986e-35b550756111, 1, 0 [(0 [0xC004F014, 0, 0], [(?)(?)(?)(?)(?)(?)(?)(?)])(1 )(2 )(3 )] 51: df96023b-dcd9-4be2-afa0-c6c871159ebe, 1, 0 [(0 [0xC004F014, 0, 0], [(?)(?)(?)(?)(?)(?)(?)(?)])(1 )(2 )(3 )] 52: e0c42288-980c-4788-a014-c080d2e1926e, 1, 0 [(0 [0xC004F014, 0, 0], [(?)(?)(?)(?)(?)(?)(?)(?)])(1 )(2 )(3 )] 53: e4db50ea-bda1-4566-b047-0ca50abc6f07, 1, 0 [(0 [0xC004F014, 0, 0], [(?)(?)(?)(?)(?)(?)(?)(?)])(1 )(2 )(3 )] 54: e558417a-5123-4f6f-91e7-385c1c7ca9d4, 1, 0 [(0 [0xC004F014, 0, 0], [(?)(?)(?)(?)(?)(?)(?)(?)])(1 )(2 )(3 )] 55: e7a950a2-e548-4f10-bf16-02ec848e0643, 1, 0 [(0 [0xC004F014, 0, 0], [(?)(?)(?)(?)(?)(?)(?)(?)])(1 )(2 )(3 )] 56: eb6d346f-1c60-4643-b960-40ec31596c45, 1, 0 [(0 [0xC004F014, 0, 0], [(?)(?)(?)(?)(?)(?)(?)(?)])(1 )(2 )(3 )] 57: ec868e65-fadf-4759-b23e-93fe37f2cc29, 1, 0 [(0 [0xC004F014, 0, 0], [(?)(?)(?)(?)(?)(?)(?)(?)])(1 )(2 )(3 )] 58: ef51e000-2659-4f25-8345-3de70a9cf4c4, 1, 0 [(0 [0xC004F014, 0, 0], [(?)(?)(?)(?)(?)(?)(?)(?)])(1 )(2 )(3 )] 59: f7af7d09-40e4-419c-a49b-eae366689ebd, 1, 0 [(0 [0xC004F014, 0, 0], [(?)(?)(?)(?)(?)(?)(?)(?)])(1 )(2 )(3 )] 60: fa755fe6-6739-40b9-8d84-6d0ea3b6d1ab, 1, 0 [(0 [0xC004F014, 0, 0], [(?)(?)(?)(?)(?)(?)(?)(?)])(1 )(2 )(3 )] 61: fe74f55b-0338-41d6-b267-4a201abe7285, 1, 0 [(0 [0xC004F014, 0, 0], [(?)(?)(?)(?)(?)(?)(?)(?)])(1 )(2 )(3 )]"
"9/8/2026 5:34:13 PM","1066","Information","Microsoft-Windows-Security-SPP","CRASHLAB-GOLD","Initialization status for service objects. C:\WINDOWS\system32\sppwinob.dll, msft:spp/windowsfunctionality/agent/7.0, 0x00000000, 0x00000000 C:\WINDOWS\system32\sppobjs.dll, msft:rm/algorithm/inherited/1.0, 0x00000000, 0x00000000 C:\WINDOWS\system32\sppobjs.dll, msft:rm/algorithm/phone/1.0, 0x00000000, 0x00000000 C:\WINDOWS\system32\sppobjs.dll, msft:rm/algorithm/pkey/detect, 0x00000000, 0x00000000 C:\WINDOWS\system32\sppobjs.dll, msft:spp/ActionScheduler/1.0, 0x00000000, 0x00000000 C:\WINDOWS\system32\sppobjs.dll, msft:spp/TaskScheduler/1.0, 0x00000000, 0x00000000 C:\WINDOWS\system32\sppobjs.dll, msft:spp/statecollector/pkey, 0x00000000, 0x00000000 C:\WINDOWS\system32\sppobjs.dll, msft:spp/volume/services/kms/1.0, 0x00000000, 0x00000000 C:\WINDOWS\system32\sppobjs.dll, msft:spp/volume/services/kms/activationinfo/1.0, 0x00000000, 0x00000000"
"9/8/2026 5:34:13 PM","16394","Information","Microsoft-Windows-Security-SPP","CRASHLAB-GOLD","Offline downlevel migration succeeded."
"9/8/2026 5:34:13 PM","900","Information","Microsoft-Windows-Security-SPP","CRASHLAB-GOLD","The Software Protection service is starting. Parameters:TriggerStarted:6"
"9/8/2026 5:34:08 PM","24","Warning","Microsoft-Windows-AppModel-State","CRASHLAB-GOLD","Repair of state locations for operation InitializeDataChangedSignaler against package Microsoft.Windows.ContentDeliveryManager_cw5n1h2txyewy with error -2147024894 returned Error Code: 0"
"9/8/2026 5:34:08 PM","24","Warning","Microsoft-Windows-AppModel-State","CRASHLAB-GOLD","Repair of state locations for operation InitializeDataChangedSignaler against package Microsoft.Windows.ContentDeliveryManager_cw5n1h2txyewy with error -2147024894 returned Error Code: 0"
"9/8/2026 5:34:08 PM","24","Warning","Microsoft-Windows-AppModel-State","CRASHLAB-GOLD","Repair of state locations for operation InitializeDataChangedSignaler against package Microsoft.Windows.CloudExperienceHost_cw5n1h2txyewy with error -2147024894 returned Error Code: 0"
"9/8/2026 5:34:07 PM","24","Warning","Microsoft-Windows-AppModel-State","CRASHLAB-GOLD","Repair of state locations for operation InitializeDataChangedSignaler against package Microsoft.AAD.BrokerPlugin_cw5n1h2txyewy with error -2147024894 returned Error Code: 0"
"9/8/2026 5:34:07 PM","24","Warning","Microsoft-Windows-AppModel-State","CRASHLAB-GOLD","Repair of state locations for operation InitializeDataChangedSignaler against package Microsoft.AAD.BrokerPlugin_cw5n1h2txyewy with error -2147024894 returned Error Code: 0"
"9/8/2026 5:34:07 PM","23","Warning","Microsoft-Windows-AppModel-State","CRASHLAB-GOLD","Triggered repair of state locations because operation InitializeDataChangedSignaler against package Microsoft.AAD.BrokerPlugin_cw5n1h2txyewy hit error -2147024894."
"9/8/2026 5:34:07 PM","23","Warning","Microsoft-Windows-AppModel-State","CRASHLAB-GOLD","Triggered repair of state locations because operation InitializeDataChangedSignaler against package Microsoft.Windows.ContentDeliveryManager_cw5n1h2txyewy hit error -2147024894."
"9/8/2026 5:34:07 PM","23","Warning","Microsoft-Windows-AppModel-State","CRASHLAB-GOLD","Triggered repair of state locations because operation InitializeDataChangedSignaler against package Microsoft.Windows.ContentDeliveryManager_cw5n1h2txyewy hit error -2147024894."
"9/8/2026 5:34:07 PM","24","Warning","Microsoft-Windows-AppModel-State","CRASHLAB-GOLD","Repair of state locations for operation InitializeDataChangedSignaler against package Microsoft.Windows.StartMenuExperienceHost_cw5n1h2txyewy with error -2147024894 returned Error Code: 0"
"9/8/2026 5:34:07 PM","23","Warning","Microsoft-Windows-AppModel-State","CRASHLAB-GOLD","Triggered repair of state locations because operation InitializeDataChangedSignaler against package Microsoft.Windows.StartMenuExperienceHost_cw5n1h2txyewy hit error -2147024894."
"9/8/2026 5:34:07 PM","24","Warning","Microsoft-Windows-AppModel-State","CRASHLAB-GOLD","Repair of state locations for operation InitializeDataChangedSignaler against package MicrosoftWindows.Client.CBS_cw5n1h2txyewy with error -2147024894 returned Error Code: 0"
"9/8/2026 5:34:07 PM","23","Warning","Microsoft-Windows-AppModel-State","CRASHLAB-GOLD","Triggered repair of state locations because operation InitializeDataChangedSignaler against package Microsoft.AAD.BrokerPlugin_cw5n1h2txyewy hit error -2147024894."
"9/8/2026 5:34:06 PM","23","Warning","Microsoft-Windows-AppModel-State","CRASHLAB-GOLD","Triggered repair of state locations because operation InitializeDataChangedSignaler against package Microsoft.Windows.CloudExperienceHost_cw5n1h2txyewy hit error -2147024894."
"9/8/2026 5:34:06 PM","23","Warning","Microsoft-Windows-AppModel-State","CRASHLAB-GOLD","Triggered repair of state locations because operation InitializeDataChangedSignaler against package MicrosoftWindows.Client.CBS_cw5n1h2txyewy hit error -2147024894."
"9/8/2026 5:34:00 PM","6000","Information","Microsoft-Windows-Winlogon","CRASHLAB-GOLD","The winlogon notification subscriber <SessionEnv> was unavailable to handle a notification event."
"9/8/2026 5:33:59 PM","5","Information","Microsoft-Windows-Search-ProfileNotify","CRASHLAB-GOLD","Windows Search Service has created default configuration for new user 'CRASHLAB-GOLD\CRASHLAB-GOLDEN' ."
"9/8/2026 5:33:58 PM","6003","Information","Microsoft-Windows-Winlogon","CRASHLAB-GOLD","The winlogon notification subscriber <SessionEnv> was unavailable to handle a critical notification event."
"9/8/2026 5:33:58 PM","6000","Information","Microsoft-Windows-Winlogon","CRASHLAB-GOLD","The winlogon notification subscriber <SessionEnv> was unavailable to handle a notification event."
"9/8/2026 5:33:58 PM","6000","Information","Microsoft-Windows-Winlogon","CRASHLAB-GOLD","The winlogon notification subscriber <WSearch> was unavailable to handle a notification event."
"9/8/2026 5:33:31 PM","5617","Information","Microsoft-Windows-WMI","CRASHLAB-GOLD","Windows Management Instrumentation Service subsystems initialized successfully"
"9/8/2026 5:32:38 PM","1001","Information","Windows Error Reporting","CRASHLAB-GOLD","Fault bucket , type 0 Event Name: StoreAgentDownloadFailure1 Response: Not available Cab Id: 0 Problem signature: P1: Acquisition;setup-StartProductInstallWithOptionsAsync P2: 8024001e P3: 26200 P4: 8037 P5: Windows.Desktop P6: L P7: P8: P9: P10: Attached files: These files may be available here: \\?\C:\ProgramData\Microsoft\Windows\WER\ReportQueue\NonCritical_Acquisition;setu_9c165341cab489d75d2bffb7bd44b624dd33fc_00000000_f3d944e9-82a3-431f-8add-ff6beb631b7f Analysis symbol: Rechecking for solution: 0 Report Id: f3d944e9-82a3-431f-8add-ff6beb631b7f Report Status: 6 Hashed bucket: Cab Guid: 0"
"9/8/2026 5:32:37 PM","1001","Information","Windows Error Reporting","CRASHLAB-GOLD","Fault bucket , type 0 Event Name: crashpad_log Response: Not available Cab Id: 0 Problem signature: P1: setup.exe P2: 152.0.4191.66 P3: EdgeInstallerError|msedge P4: 0x220 P5: P6: P7: P8: P9: P10: Attached files: These files may be available here: \\?\C:\ProgramData\Microsoft\Windows\WER\ReportQueue\NonCritical_setup.exe_53b587e644b9c50766a25b49161f4677c4cbc6_00000000_c4389e64-0406-4d1b-813f-376210b76e94 Analysis symbol: Rechecking for solution: 0 Report Id: c4389e64-0406-4d1b-813f-376210b76e94 Report Status: 6 Hashed bucket: Cab Guid: 0"
"9/8/2026 5:32:37 PM","1003","Information","Microsoft-Windows-Search","CRASHLAB-GOLD","The Windows Search Service started."
"9/8/2026 5:32:34 PM","0","Information","edgeupdate","CRASHLAB-GOLD","Service stopped."
"9/8/2026 5:32:31 PM","6000","Information","Microsoft-Windows-Winlogon","CRASHLAB-GOLD","The winlogon notification subscriber <SessionEnv> was unavailable to handle a notification event."
"9/8/2026 5:32:31 PM","6003","Information","Microsoft-Windows-Winlogon","CRASHLAB-GOLD","The winlogon notification subscriber <SessionEnv> was unavailable to handle a critical notification event."
"9/8/2026 5:32:31 PM","5615","Information","Microsoft-Windows-WMI","CRASHLAB-GOLD","Windows Management Instrumentation Service started sucessfully"
"9/8/2026 5:32:29 PM","1531","Information","Microsoft-Windows-User Profiles Service","CRASHLAB-GOLD","The User Profile Service has started successfully."
"9/8/2026 5:32:30 PM","4625","Information","Microsoft-Windows-EventSystem","CRASHLAB-GOLD","The EventSystem sub system is suppressing duplicate event log entries for a duration of 86400 seconds. The suppression timeout can be controlled by a REG_DWORD value named SuppressDuplicateDuration under the following registry key: HKLM\Software\Microsoft\EventSystem\EventLog."
"9/8/2026 5:32:28 PM","1532","Information","Microsoft-Windows-User Profiles Service","CRASHLAB-GOLD","The User Profile Service has stopped."
"9/8/2026 5:32:26 PM","6000","Information","Microsoft-Windows-Winlogon","CRASHLAB-GOLD","The winlogon notification subscriber <SessionEnv> was unavailable to handle a notification event."
"9/8/2026 5:32:26 PM","6000","Information","Microsoft-Windows-Winlogon","CRASHLAB-GOLD","The winlogon notification subscriber <WSearch> was unavailable to handle a notification event."
"9/8/2026 5:31:36 PM","5617","Information","Microsoft-Windows-WMI","CRASHLAB-GOLD","Windows Management Instrumentation Service subsystems initialized successfully"
"9/8/2026 5:31:36 PM","902","Information","Microsoft-Windows-Security-SPP","CRASHLAB-GOLD","The Software Protection service has started. 10.0.26100.8036"
"9/8/2026 5:31:36 PM","1003","Information","Microsoft-Windows-Security-SPP","CRASHLAB-GOLD","The Software Protection service has completed licensing status check. Application Id=55c92734-d682-4d71-983e-d6ec3f16059f Licensing Status= 1: 01eb852c-424d-4060-94b8-c10d799d7364, 1, 0 [(0 [0xC004F014, 0, 0], [(?)(?)(?)(?)(?)(?)(?)(?)])(1 )(2 )(3 )] 2: 040fa323-92b1-4baf-97a2-5b67feaefddb, 1, 0 [(0 [0xC004F014, 0, 0], [(?)(?)(?)(?)(?)(?)(?)(?)])(1 )(2 )(3 )] 3: 0724cb7d-3437-4cb7-93cb-830375d0079d, 1, 0 [(0 [0xC004F014, 0, 0], [(?)(?)(?)(?)(?)(?)(?)(?)])(1 )(2 )(3 )] 4: 0ad2ac98-7bb9-4201-8d92-312299201369, 1, 0 [(0 [0xC004F014, 0, 0], [(?)(?)(?)(?)(?)(?)(?)(?)])(1 )(2 )(3 )] 5: 19de9b2f-0166-4abb-9534-56ea69a80edb, 1, 0 [(0 [0xC004F014, 0, 0], [(?)(?)(?)(?)(?)(?)(?)(?)])(1 )(2 )(3 )] 6: 1a9a717a-cf13-4ba5-83c3-0fe25fa868d5, 1, 0 [(0 [0xC004F014, 0, 0], [(?)(?)(?)(?)(?)(?)(?)(?)])(1 )(2 )(3 )] 7: 221a02da-e2a1-4b75-864c-0a4410a33fdf, 1, 0 [(0 [0xC004F014, 0, 0], [(?)(?)(?)(?)(?)(?)(?)(?)])(1 )(2 )(3 )] 8: 265f3fad-6a1c-4bdd-ae30-c75efa556ccb, 1, 0 [(0 [0xC004F014, 0, 0], [(?)(?)(?)(?)(?)(?)(?)(?)])(1 )(2 )(3 )] 9: 291ece0e-9c38-40ca-a9e1-32cc7ec19507, 1, 0 [(0 [0xC004F014, 0, 0], [(?)(?)(?)(?)(?)(?)(?)(?)])(1 )(2 )(3 )] 10: 2936d1d2-913a-4542-b54e-ce5a602a2a38, 1, 0 [(0 [0xC004F014, 0, 0], [(?)(?)(?)(?)(?)(?)(?)(?)])(1 )(2 )(3 )] 11: 2c293c26-a45a-4a2a-a350-c69a67097529, 1, 0 [(0 [0xC004F014, 0, 0], [(?)(?)(?)(?)(?)(?)(?)(?)])(1 )(2 )(3 )] 12: 2de67392-b7a7-462a-b1ca-108dd189f588, 1, 0 [(0 [0xC004F014, 0, 0], [(?)(?)(?)(?)(?)(?)(?)(?)])(1 )(2 )(3 )] 13: 2ffd8952-423e-4903-b993-72a1aa44cf82, 1, 0 [(0 [0xC004F014, 0, 0], [(?)(?)(?)(?)(?)(?)(?)(?)])(1 )(2 )(3 )] 14: 30a42c86-b7a0-4a34-8c90-ff177cb2acb7, 1, 0 [(0 [0xC004F014, 0, 0], [(?)(?)(?)(?)(?)(?)(?)(?)])(1 )(2 )(3 )] 15: 345a5db0-d94f-4e3b-a0c0-7c42f7bc3ebf, 1, 0 [(0 [0xC004F014, 0, 0], [(?)(?)(?)(?)(?)(?)(?)(?)])(1 )(2 )(3 )] 16: 3502365a-f88a-4ba4-822a-5769d3073b65, 1, 0 [(0 [0xC004F014, 0, 0], [(?)(?)(?)(?)(?)(?)(?)(?)])(1 )(2 )(3 )] 17: 377333b1-8b5d-48d6-9679-1225c872d37c, 1, 0 [(0 [0xC004F014, 0, 0], [(?)(?)(?)(?)(?)(?)(?)(?)])(1 )(2 )(3 )] 18: 3df374ef-d444-4494-a5a1-4b0d9fd0e203, 1, 0 [(0 [0xC004F014, 0, 0], [(?)(?)(?)(?)(?)(?)(?)(?)])(1 )(2 )(3 )] 19: 3ebce241-ea87-4946-8a4f-80d00e921dff, 1, 0 [(0 [0xC004F014, 0, 0], [(?)(?)(?)(?)(?)(?)(?)(?)])(1 )(2 )(3 )] 20: 3f1afc82-f8ac-4f6c-8005-1d233e606eee, 1, 0 [(0 [0xC004F014, 0, 0], [(?)(?)(?)(?)(?)(?)(?)(?)])(1 )(2 )(3 )] 21: 4322a811-697c-44dc-865e-3e2fdcb86009, 1, 0 [(0 [0xC004F014, 0, 0], [(?)(?)(?)(?)(?)(?)(?)(?)])(1 )(2 )(3 )] 22: 49cd895b-53b2-4dc4-a5f7-b18aa019ad37, 1, 0 [(0 [0xC004F014, 0, 0], [(?)(?)(?)(?)(?)(?)(?)(?)])(1 )(2 )(3 )] 23: 4de7cb65-cdf1-4de9-8ae8-e3cce27b9f2c, 1, 1 [(0 )(1 )(2 [0xC004E003, 0, 0], [( 1 0xC004F034)( 1 0xC004F034)(?)(?)(?)(?)(?)(?)])(3 [0x00000000, 0, 0], [( 6 0xC004F009 0 0)( 1 0x00000000)( 6 0xC004F009 0 0)(?)(?)(?)( 10 0x00000000 msft:rm/algorithm/flags/1.0)( 11 0x00000000 0xC004F034)])] 24: 4f3da0d2-271d-4508-ae81-626b60809a38, 1, 0 [(0 [0xC004F014, 0, 0], [(?)(?)(?)(?)(?)(?)(?)(?)])(1 )(2 )(3 )] 25: 5d78c4e9-aeb3-4b40-8ac2-6a6005e0ad6d, 1, 0 [(0 [0xC004F014, 0, 0], [(?)(?)(?)(?)(?)(?)(?)(?)])(1 )(2 )(3 )] 26: 60b3ec1b-9545-4921-821f-311b129dd6f6, 1, 0 [(0 [0xC004F014, 0, 0], [(?)(?)(?)(?)(?)(?)(?)(?)])(1 )(2 )(3 )] 27: 613d217f-7f13-4268-9907-1662339531cd, 1, 0 [(0 [0xC004F014, 0, 0], [(?)(?)(?)(?)(?)(?)(?)(?)])(1 )(2 )(3 )] 28: 62f0c100-9c53-4e02-b886-a3528ddfe7f6, 1, 0 [(0 [0xC004F014, 0, 0], [(?)(?)(?)(?)(?)(?)(?)(?)])(1 )(2 )(3 )] 29: 6365275e-368d-46ca-a0ef-fc0404119333, 1, 0 [(0 [0xC004F014, 0, 0], [(?)(?)(?)(?)(?)(?)(?)(?)])(1 )(2 )(3 )] 30: 721f9237-9341-4453-a661-09e8baa6cca5, 1, 0 [(0 [0xC004F014, 0, 0], [(?)(?)(?)(?)(?)(?)(?)(?)])(1 )(2 )(3 )] 31: 73111121-5638-40f6-bc11-f1d7b0d64300, 1, 0 [(0 [0xC004F014, 0, 0], [(?)(?)(?)(?)(?)(?)(?)(?)])(1 )(2 )(3 )] 32: 7a802526-4c94-4bd1-ba14-835a1aca2120, 1, 0 [(0 [0xC004F014, 0, 0], [(?)(?)(?)(?)(?)(?)(?)(?)])(1 )(2 )(3 )] 33: 7cb546c0-c7d5-44d8-9a5c-69ecdd782b69, 1, 0 [(0 [0xC004F014, 0, 0], [(?)(?)(?)(?)(?)(?)(?)(?)])(1 )(2 )(3 )] 34: 80083eae-7031-4394-9e88-4901973d56fe, 1, 0 [(0 [0xC004F014, 0, 0], [(?)(?)(?)(?)(?)(?)(?)(?)])(1 )(2 )(3 )] 35: 82bbc092-bc50-4e16-8e18-b74fc486aec3, 1, 0 [(0 [0xC004F014, 0, 0], [(?)(?)(?)(?)(?)(?)(?)(?)])(1 )(2 )(3 )] 36: 8ab9bdd1-1f67-4997-82d9-8878520837d9, 1, 0 [(0 [0xC004F014, 0, 0], [(?)(?)(?)(?)(?)(?)(?)(?)])(1 )(2 )(3 )] 37: 8b351c9c-f398-4515-9900-09df49427262, 1, 0 [(0 [0xC004F014, 0, 0], [(?)(?)(?)(?)(?)(?)(?)(?)])(1 )(2 )(3 )] 38: 90da7373-1c51-430b-bf26-c97e9c5cdc31, 1, 0 [(0 [0xC004F014, 0, 0], [(?)(?)(?)(?)(?)(?)(?)(?)])(1 )(2 )(3 )] 39: 92fb8726-92a8-4ffc-94ce-f82e07444653, 1, 0 [(0 [0xC004F014, 0, 0], [(?)(?)(?)(?)(?)(?)(?)(?)])(1 )(2 )(3 )] 40: 95dca82f-385d-4d39-b85b-5c73fa285d6f, 1, 0 [(0 [0xC004F014, 0, 0], [(?)(?)(?)(?)(?)(?)(?)(?)])(1 )(2 )(3 )] 41: 97cde3ae-e908-4b59-ac96-a17645c5b57e, 1, 0 [(0 [0xC004F014, 0, 0], [(?)(?)(?)(?)(?)(?)(?)(?)])(1 )(2 )(3 )] 42: a48938aa-62fa-4966-9d44-9f04da3f72f2, 1, 0 [(0 [0xC004F014, 0, 0], [(?)(?)(?)(?)(?)(?)(?)(?)])(1 )(2 )(3 )] 43: b0773a15-df3a-4312-9ad2-83d69648e356, 1, 0 [(0 [0xC004F014, 0, 0], [(?)(?)(?)(?)(?)(?)(?)(?)])(1 )(2 )(3 )] 44: b4bfe195-541e-4e64-ad23-6177f19e395e, 1, 0 [(0 [0xC004F014, 0, 0], [(?)(?)(?)(?)(?)(?)(?)(?)])(1 )(2 )(3 )] 45: b68e61d2-68ca-4757-be45-0cc2f3e68eee, 1, 0 [(0 [0xC004F014, 0, 0], [(?)(?)(?)(?)(?)(?)(?)(?)])(1 )(2 )(3 )] 46: bd3762d7-270d-4760-8fb3-d829ca45278a, 1, 0 [(0 [0xC004F014, 0, 0], [(?)(?)(?)(?)(?)(?)(?)(?)])(1 )(2 )(3 )] 47: c86d5194-4840-4dae-9c1c-0301003a5ab0, 1, 0 [(0 [0xC004F014, 0, 0], [(?)(?)(?)(?)(?)(?)(?)(?)])(1 )(2 )(3 )] 48: ca7df2e3-5ea0-47b8-9ac1-b1be4d8edd69, 1, 0 [(0 [0xC004F014, 0, 0], [(?)(?)(?)(?)(?)(?)(?)(?)])(1 )(2 )(3 )] 49: d552befb-48cc-4327-8f39-47d2d94f987c, 1, 0 [(0 [0xC004F014, 0, 0], [(?)(?)(?)(?)(?)(?)(?)(?)])(1 )(2 )(3 )] 50: d6eadb3b-5ca8-4a6b-986e-35b550756111, 1, 0 [(0 [0xC004F014, 0, 0], [(?)(?)(?)(?)(?)(?)(?)(?)])(1 )(2 )(3 )] 51: df96023b-dcd9-4be2-afa0-c6c871159ebe, 1, 0 [(0 [0xC004F014, 0, 0], [(?)(?)(?)(?)(?)(?)(?)(?)])(1 )(2 )(3 )] 52: e0c42288-980c-4788-a014-c080d2e1926e, 1, 0 [(0 [0xC004F014, 0, 0], [(?)(?)(?)(?)(?)(?)(?)(?)])(1 )(2 )(3 )] 53: e4db50ea-bda1-4566-b047-0ca50abc6f07, 1, 0 [(0 [0xC004F014, 0, 0], [(?)(?)(?)(?)(?)(?)(?)(?)])(1 )(2 )(3 )] 54: e558417a-5123-4f6f-91e7-385c1c7ca9d4, 1, 0 [(0 [0xC004F014, 0, 0], [(?)(?)(?)(?)(?)(?)(?)(?)])(1 )(2 )(3 )] 55: e7a950a2-e548-4f10-bf16-02ec848e0643, 1, 0 [(0 [0xC004F014, 0, 0], [(?)(?)(?)(?)(?)(?)(?)(?)])(1 )(2 )(3 )] 56: eb6d346f-1c60-4643-b960-40ec31596c45, 1, 0 [(0 [0xC004F014, 0, 0], [(?)(?)(?)(?)(?)(?)(?)(?)])(1 )(2 )(3 )] 57: ec868e65-fadf-4759-b23e-93fe37f2cc29, 1, 0 [(0 [0xC004F014, 0, 0], [(?)(?)(?)(?)(?)(?)(?)(?)])(1 )(2 )(3 )] 58: ef51e000-2659-4f25-8345-3de70a9cf4c4, 1, 0 [(0 [0xC004F014, 0, 0], [(?)(?)(?)(?)(?)(?)(?)(?)])(1 )(2 )(3 )] 59: f7af7d09-40e4-419c-a49b-eae366689ebd, 1, 0 [(0 [0xC004F014, 0, 0], [(?)(?)(?)(?)(?)(?)(?)(?)])(1 )(2 )(3 )] 60: fa755fe6-6739-40b9-8d84-6d0ea3b6d1ab, 1, 0 [(0 [0xC004F014, 0, 0], [(?)(?)(?)(?)(?)(?)(?)(?)])(1 )(2 )(3 )] 61: fe74f55b-0338-41d6-b267-4a201abe7285, 1, 0 [(0 [0xC004F014, 0, 0], [(?)(?)(?)(?)(?)(?)(?)(?)])(1 )(2 )(3 )]"
"9/8/2026 5:31:36 PM","1066","Information","Microsoft-Windows-Security-SPP","CRASHLAB-GOLD","Initialization status for service objects. C:\WINDOWS\system32\sppwinob.dll, msft:spp/windowsfunctionality/agent/7.0, 0x00000000, 0x00000000 C:\WINDOWS\system32\sppobjs.dll, msft:rm/algorithm/inherited/1.0, 0x00000000, 0x00000000 C:\WINDOWS\system32\sppobjs.dll, msft:rm/algorithm/phone/1.0, 0x00000000, 0x00000000 C:\WINDOWS\system32\sppobjs.dll, msft:rm/algorithm/pkey/detect, 0x00000000, 0x00000000 C:\WINDOWS\system32\sppobjs.dll, msft:spp/ActionScheduler/1.0, 0x00000000, 0x00000000 C:\WINDOWS\system32\sppobjs.dll, msft:spp/TaskScheduler/1.0, 0x00000000, 0x00000000 C:\WINDOWS\system32\sppobjs.dll, msft:spp/statecollector/pkey, 0x00000000, 0x00000000 C:\WINDOWS\system32\sppobjs.dll, msft:spp/volume/services/kms/1.0, 0x00000000, 0x00000000 C:\WINDOWS\system32\sppobjs.dll, msft:spp/volume/services/kms/activationinfo/1.0, 0x00000000, 0x00000000"
"9/8/2026 5:31:36 PM","16394","Information","Microsoft-Windows-Security-SPP","CRASHLAB-GOLD","Offline downlevel migration succeeded."
"9/8/2026 5:31:36 PM","900","Information","Microsoft-Windows-Security-SPP","CRASHLAB-GOLD","The Software Protection service is starting. Parameters:TriggerStarted:6"
"9/8/2026 5:31:34 PM","1001","Information","Windows Error Reporting","CRASHLAB-GOLD","Fault bucket , type 0 Event Name: StoreAgentDownloadFailure1 Response: Not available Cab Id: 0 Problem signature: P1: Acquisition;setup-StartProductInstallWithOptionsAsync P2: 8024001e P3: 26200 P4: 8037 P5: Windows.Desktop P6: L P7: P8: P9: P10: Attached files: These files may be available here: \\?\C:\ProgramData\Microsoft\Windows\WER\ReportQueue\NonCritical_Acquisition;setu_9c165341cab489d75d2bffb7bd44b624dd33fc_00000000_f3d944e9-82a3-431f-8add-ff6beb631b7f Analysis symbol: Rechecking for solution: 0 Report Id: f3d944e9-82a3-431f-8add-ff6beb631b7f Report Status: 6 Hashed bucket: Cab Guid: 0"
"9/8/2026 5:31:34 PM","1001","Information","Windows Error Reporting","CRASHLAB-GOLD","Fault bucket , type 0 Event Name: crashpad_log Response: Not available Cab Id: 0 Problem signature: P1: setup.exe P2: 152.0.4191.66 P3: EdgeInstallerError|msedge P4: 0x220 P5: P6: P7: P8: P9: P10: Attached files: These files may be available here: \\?\C:\ProgramData\Microsoft\Windows\WER\ReportQueue\NonCritical_setup.exe_53b587e644b9c50766a25b49161f4677c4cbc6_00000000_c4389e64-0406-4d1b-813f-376210b76e94 Analysis symbol: Rechecking for solution: 0 Report Id: c4389e64-0406-4d1b-813f-376210b76e94 Report Status: 6 Hashed bucket: Cab Guid: 0"
"9/8/2026 5:31:33 PM","1003","Information","Microsoft-Windows-Search","CRASHLAB-GOLD","The Windows Search Service started."
"9/8/2026 5:31:31 PM","0","Information","edgeupdate","CRASHLAB-GOLD","Service stopped."
"9/8/2026 5:31:27 PM","5615","Information","Microsoft-Windows-WMI","CRASHLAB-GOLD","Windows Management Instrumentation Service started sucessfully"
"9/8/2026 5:31:28 PM","6000","Information","Microsoft-Windows-Winlogon","CRASHLAB-GOLD","The winlogon notification subscriber <SessionEnv> was unavailable to handle a notification event."
"9/8/2026 5:31:27 PM","6003","Information","Microsoft-Windows-Winlogon","CRASHLAB-GOLD","The winlogon notification subscriber <SessionEnv> was unavailable to handle a critical notification event."
"9/8/2026 5:31:25 PM","1531","Information","Microsoft-Windows-User Profiles Service","CRASHLAB-GOLD","The User Profile Service has started successfully."
"9/8/2026 5:31:26 PM","4625","Information","Microsoft-Windows-EventSystem","CRASHLAB-GOLD","The EventSystem sub system is suppressing duplicate event log entries for a duration of 86400 seconds. The suppression timeout can be controlled by a REG_DWORD value named SuppressDuplicateDuration under the following registry key: HKLM\Software\Microsoft\EventSystem\EventLog."
"9/8/2026 5:31:19 PM","1532","Information","Microsoft-Windows-User Profiles Service","DESKTOP-7KP8ILC","The User Profile Service has stopped."
"9/8/2026 5:31:19 PM","6000","Information","Microsoft-Windows-Winlogon","DESKTOP-7KP8ILC","The winlogon notification subscriber <SessionEnv> was unavailable to handle a notification event."
"9/8/2026 5:31:19 PM","6000","Information","Microsoft-Windows-Winlogon","DESKTOP-7KP8ILC","The winlogon notification subscriber <WSearch> was unavailable to handle a notification event."
"9/8/2026 5:30:57 PM","0","Information","edgeupdate","DESKTOP-7KP8ILC","Service stopped."
"9/8/2026 5:30:09 PM","8198","Error","Microsoft-Windows-Security-SPP","DESKTOP-7KP8ILC","License Activation (slui.exe) failed with the following error code: hr=0x803F7001 Command-line arguments: RuleId=31e71c49-8da7-4a2f-ad92-45d98a1c79ba;Action=AutoActivate;AppId=55c92734-d682-4d71-983e-d6ec3f16059f;SkuId=4de7cb65-cdf1-4de9-8ae8-e3cce27b9f2c;NotificationInterval=1440;Trigger=TimerEvent"
"9/8/2026 5:30:09 PM","1003","Information","Microsoft-Windows-Security-SPP","DESKTOP-7KP8ILC","The Software Protection service has completed licensing status check. Application Id=55c92734-d682-4d71-983e-d6ec3f16059f Licensing Status= 1: 01eb852c-424d-4060-94b8-c10d799d7364, 1, 0 [(0 [0xC004F014, 0, 0], [(?)(?)(?)(?)(?)(?)(?)(?)])(1 )(2 )(3 )] 2: 040fa323-92b1-4baf-97a2-5b67feaefddb, 1, 0 [(0 [0xC004F014, 0, 0], [(?)(?)(?)(?)(?)(?)(?)(?)])(1 )(2 )(3 )] 3: 0724cb7d-3437-4cb7-93cb-830375d0079d, 1, 0 [(0 [0xC004F014, 0, 0], [(?)(?)(?)(?)(?)(?)(?)(?)])(1 )(2 )(3 )] 4: 0ad2ac98-7bb9-4201-8d92-312299201369, 1, 0 [(0 [0xC004F014, 0, 0], [(?)(?)(?)(?)(?)(?)(?)(?)])(1 )(2 )(3 )] 5: 19de9b2f-0166-4abb-9534-56ea69a80edb, 1, 0 [(0 [0xC004F014, 0, 0], [(?)(?)(?)(?)(?)(?)(?)(?)])(1 )(2 )(3 )] 6: 1a9a717a-cf13-4ba5-83c3-0fe25fa868d5, 1, 0 [(0 [0xC004F014, 0, 0], [(?)(?)(?)(?)(?)(?)(?)(?)])(1 )(2 )(3 )] 7: 221a02da-e2a1-4b75-864c-0a4410a33fdf, 1, 0 [(0 [0xC004F014, 0, 0], [(?)(?)(?)(?)(?)(?)(?)(?)])(1 )(2 )(3 )] 8: 265f3fad-6a1c-4bdd-ae30-c75efa556ccb, 1, 0 [(0 [0xC004F014, 0, 0], [(?)(?)(?)(?)(?)(?)(?)(?)])(1 )(2 )(3 )] 9: 291ece0e-9c38-40ca-a9e1-32cc7ec19507, 1, 0 [(0 [0xC004F014, 0, 0], [(?)(?)(?)(?)(?)(?)(?)(?)])(1 )(2 )(3 )] 10: 2936d1d2-913a-4542-b54e-ce5a602a2a38, 1, 0 [(0 [0xC004F014, 0, 0], [(?)(?)(?)(?)(?)(?)(?)(?)])(1 )(2 )(3 )] 11: 2c293c26-a45a-4a2a-a350-c69a67097529, 1, 0 [(0 [0xC004F014, 0, 0], [(?)(?)(?)(?)(?)(?)(?)(?)])(1 )(2 )(3 )] 12: 2de67392-b7a7-462a-b1ca-108dd189f588, 1, 0 [(0 [0xC004F014, 0, 0], [(?)(?)(?)(?)(?)(?)(?)(?)])(1 )(2 )(3 )] 13: 2ffd8952-423e-4903-b993-72a1aa44cf82, 1, 0 [(0 [0xC004F014, 0, 0], [(?)(?)(?)(?)(?)(?)(?)(?)])(1 )(2 )(3 )] 14: 30a42c86-b7a0-4a34-8c90-ff177cb2acb7, 1, 0 [(0 [0xC004F014, 0, 0], [(?)(?)(?)(?)(?)(?)(?)(?)])(1 )(2 )(3 )] 15: 345a5db0-d94f-4e3b-a0c0-7c42f7bc3ebf, 1, 0 [(0 [0xC004F014, 0, 0], [(?)(?)(?)(?)(?)(?)(?)(?)])(1 )(2 )(3 )] 16: 3502365a-f88a-4ba4-822a-5769d3073b65, 1, 0 [(0 [0xC004F014, 0, 0], [(?)(?)(?)(?)(?)(?)(?)(?)])(1 )(2 )(3 )] 17: 377333b1-8b5d-48d6-9679-1225c872d37c, 1, 0 [(0 [0xC004F014, 0, 0], [(?)(?)(?)(?)(?)(?)(?)(?)])(1 )(2 )(3 )] 18: 3df374ef-d444-4494-a5a1-4b0d9fd0e203, 1, 0 [(0 [0xC004F014, 0, 0], [(?)(?)(?)(?)(?)(?)(?)(?)])(1 )(2 )(3 )] 19: 3ebce241-ea87-4946-8a4f-80d00e921dff, 1, 0 [(0 [0xC004F014, 0, 0], [(?)(?)(?)(?)(?)(?)(?)(?)])(1 )(2 )(3 )] 20: 3f1afc82-f8ac-4f6c-8005-1d233e606eee, 1, 0 [(0 [0xC004F014, 0, 0], [(?)(?)(?)(?)(?)(?)(?)(?)])(1 )(2 )(3 )] 21: 4322a811-697c-44dc-865e-3e2fdcb86009, 1, 0 [(0 [0xC004F014, 0, 0], [(?)(?)(?)(?)(?)(?)(?)(?)])(1 )(2 )(3 )] 22: 49cd895b-53b2-4dc4-a5f7-b18aa019ad37, 1, 0 [(0 [0xC004F014, 0, 0], [(?)(?)(?)(?)(?)(?)(?)(?)])(1 )(2 )(3 )] 23: 4de7cb65-cdf1-4de9-8ae8-e3cce27b9f2c, 1, 1 [(0 )(1 )(2 [0xC004E003, 0, 0], [( 1 0xC004F034)( 1 0xC004F034)(?)(?)(?)(?)(?)(?)])(3 [0x00000000, 0, 0], [( 6 0xC004F009 0 0)( 1 0x00000000)( 6 0xC004F009 0 0)(?)(?)(?)( 10 0x00000000 msft:rm/algorithm/flags/1.0)( 11 0x00000000 0xC004F034)])] 24: 4f3da0d2-271d-4508-ae81-626b60809a38, 1, 0 [(0 [0xC004F014, 0, 0], [(?)(?)(?)(?)(?)(?)(?)(?)])(1 )(2 )(3 )] 25: 5d78c4e9-aeb3-4b40-8ac2-6a6005e0ad6d, 1, 0 [(0 [0xC004F014, 0, 0], [(?)(?)(?)(?)(?)(?)(?)(?)])(1 )(2 )(3 )] 26: 60b3ec1b-9545-4921-821f-311b129dd6f6, 1, 0 [(0 [0xC004F014, 0, 0], [(?)(?)(?)(?)(?)(?)(?)(?)])(1 )(2 )(3 )] 27: 613d217f-7f13-4268-9907-1662339531cd, 1, 0 [(0 [0xC004F014, 0, 0], [(?)(?)(?)(?)(?)(?)(?)(?)])(1 )(2 )(3 )] 28: 62f0c100-9c53-4e02-b886-a3528ddfe7f6, 1, 0 [(0 [0xC004F014, 0, 0], [(?)(?)(?)(?)(?)(?)(?)(?)])(1 )(2 )(3 )] 29: 6365275e-368d-46ca-a0ef-fc0404119333, 1, 0 [(0 [0xC004F014, 0, 0], [(?)(?)(?)(?)(?)(?)(?)(?)])(1 )(2 )(3 )] 30: 721f9237-9341-4453-a661-09e8baa6cca5, 1, 0 [(0 [0xC004F014, 0, 0], [(?)(?)(?)(?)(?)(?)(?)(?)])(1 )(2 )(3 )] 31: 73111121-5638-40f6-bc11-f1d7b0d64300, 1, 0 [(0 [0xC004F014, 0, 0], [(?)(?)(?)(?)(?)(?)(?)(?)])(1 )(2 )(3 )] 32: 7a802526-4c94-4bd1-ba14-835a1aca2120, 1, 0 [(0 [0xC004F014, 0, 0], [(?)(?)(?)(?)(?)(?)(?)(?)])(1 )(2 )(3 )] 33: 7cb546c0-c7d5-44d8-9a5c-69ecdd782b69, 1, 0 [(0 [0xC004F014, 0, 0], [(?)(?)(?)(?)(?)(?)(?)(?)])(1 )(2 )(3 )] 34: 80083eae-7031-4394-9e88-4901973d56fe, 1, 0 [(0 [0xC004F014, 0, 0], [(?)(?)(?)(?)(?)(?)(?)(?)])(1 )(2 )(3 )] 35: 82bbc092-bc50-4e16-8e18-b74fc486aec3, 1, 0 [(0 [0xC004F014, 0, 0], [(?)(?)(?)(?)(?)(?)(?)(?)])(1 )(2 )(3 )] 36: 8ab9bdd1-1f67-4997-82d9-8878520837d9, 1, 0 [(0 [0xC004F014, 0, 0], [(?)(?)(?)(?)(?)(?)(?)(?)])(1 )(2 )(3 )] 37: 8b351c9c-f398-4515-9900-09df49427262, 1, 0 [(0 [0xC004F014, 0, 0], [(?)(?)(?)(?)(?)(?)(?)(?)])(1 )(2 )(3 )] 38: 90da7373-1c51-430b-bf26-c97e9c5cdc31, 1, 0 [(0 [0xC004F014, 0, 0], [(?)(?)(?)(?)(?)(?)(?)(?)])(1 )(2 )(3 )] 39: 92fb8726-92a8-4ffc-94ce-f82e07444653, 1, 0 [(0 [0xC004F014, 0, 0], [(?)(?)(?)(?)(?)(?)(?)(?)])(1 )(2 )(3 )] 40: 95dca82f-385d-4d39-b85b-5c73fa285d6f, 1, 0 [(0 [0xC004F014, 0, 0], [(?)(?)(?)(?)(?)(?)(?)(?)])(1 )(2 )(3 )] 41: 97cde3ae-e908-4b59-ac96-a17645c5b57e, 1, 0 [(0 [0xC004F014, 0, 0], [(?)(?)(?)(?)(?)(?)(?)(?)])(1 )(2 )(3 )] 42: a48938aa-62fa-4966-9d44-9f04da3f72f2, 1, 0 [(0 [0xC004F014, 0, 0], [(?)(?)(?)(?)(?)(?)(?)(?)])(1 )(2 )(3 )] 43: b0773a15-df3a-4312-9ad2-83d69648e356, 1, 0 [(0 [0xC004F014, 0, 0], [(?)(?)(?)(?)(?)(?)(?)(?)])(1 )(2 )(3 )] 44: b4bfe195-541e-4e64-ad23-6177f19e395e, 1, 0 [(0 [0xC004F014, 0, 0], [(?)(?)(?)(?)(?)(?)(?)(?)])(1 )(2 )(3 )] 45: b68e61d2-68ca-4757-be45-0cc2f3e68eee, 1, 0 [(0 [0xC004F014, 0, 0], [(?)(?)(?)(?)(?)(?)(?)(?)])(1 )(2 )(3 )] 46: bd3762d7-270d-4760-8fb3-d829ca45278a, 1, 0 [(0 [0xC004F014, 0, 0], [(?)(?)(?)(?)(?)(?)(?)(?)])(1 )(2 )(3 )] 47: c86d5194-4840-4dae-9c1c-0301003a5ab0, 1, 0 [(0 [0xC004F014, 0, 0], [(?)(?)(?)(?)(?)(?)(?)(?)])(1 )(2 )(3 )] 48: ca7df2e3-5ea0-47b8-9ac1-b1be4d8edd69, 1, 0 [(0 [0xC004F014, 0, 0], [(?)(?)(?)(?)(?)(?)(?)(?)])(1 )(2 )(3 )] 49: d552befb-48cc-4327-8f39-47d2d94f987c, 1, 0 [(0 [0xC004F014, 0, 0], [(?)(?)(?)(?)(?)(?)(?)(?)])(1 )(2 )(3 )] 50: d6eadb3b-5ca8-4a6b-986e-35b550756111, 1, 0 [(0 [0xC004F014, 0, 0], [(?)(?)(?)(?)(?)(?)(?)(?)])(1 )(2 )(3 )] 51: df96023b-dcd9-4be2-afa0-c6c871159ebe, 1, 0 [(0 [0xC004F014, 0, 0], [(?)(?)(?)(?)(?)(?)(?)(?)])(1 )(2 )(3 )] 52: e0c42288-980c-4788-a014-c080d2e1926e, 1, 0 [(0 [0xC004F014, 0, 0], [(?)(?)(?)(?)(?)(?)(?)(?)])(1 )(2 )(3 )] 53: e4db50ea-bda1-4566-b047-0ca50abc6f07, 1, 0 [(0 [0xC004F014, 0, 0], [(?)(?)(?)(?)(?)(?)(?)(?)])(1 )(2 )(3 )] 54: e558417a-5123-4f6f-91e7-385c1c7ca9d4, 1, 0 [(0 [0xC004F014, 0, 0], [(?)(?)(?)(?)(?)(?)(?)(?)])(1 )(2 )(3 )] 55: e7a950a2-e548-4f10-bf16-02ec848e0643, 1, 0 [(0 [0xC004F014, 0, 0], [(?)(?)(?)(?)(?)(?)(?)(?)])(1 )(2 )(3 )] 56: eb6d346f-1c60-4643-b960-40ec31596c45, 1, 0 [(0 [0xC004F014, 0, 0], [(?)(?)(?)(?)(?)(?)(?)(?)])(1 )(2 )(3 )] 57: ec868e65-fadf-4759-b23e-93fe37f2cc29, 1, 0 [(0 [0xC004F014, 0, 0], [(?)(?)(?)(?)(?)(?)(?)(?)])(1 )(2 )(3 )] 58: ef51e000-2659-4f25-8345-3de70a9cf4c4, 1, 0 [(0 [0xC004F014, 0, 0], [(?)(?)(?)(?)(?)(?)(?)(?)])(1 )(2 )(3 )] 59: f7af7d09-40e4-419c-a49b-eae366689ebd, 1, 0 [(0 [0xC004F014, 0, 0], [(?)(?)(?)(?)(?)(?)(?)(?)])(1 )(2 )(3 )] 60: fa755fe6-6739-40b9-8d84-6d0ea3b6d1ab, 1, 0 [(0 [0xC004F014, 0, 0], [(?)(?)(?)(?)(?)(?)(?)(?)])(1 )(2 )(3 )] 61: fe74f55b-0338-41d6-b267-4a201abe7285, 1, 0 [(0 [0xC004F014, 0, 0], [(?)(?)(?)(?)(?)(?)(?)(?)])(1 )(2 )(3 )]"
"9/8/2026 5:30:09 PM","1003","Information","Microsoft-Windows-Security-SPP","DESKTOP-7KP8ILC","The Software Protection service has completed licensing status check. Application Id=55c92734-d682-4d71-983e-d6ec3f16059f Licensing Status= 1: 01eb852c-424d-4060-94b8-c10d799d7364, 1, 0 [(0 [0xC004F014, 0, 0], [(?)(?)(?)(?)(?)(?)(?)(?)])(1 )(2 )(3 )] 2: 040fa323-92b1-4baf-97a2-5b67feaefddb, 1, 0 [(0 [0xC004F014, 0, 0], [(?)(?)(?)(?)(?)(?)(?)(?)])(1 )(2 )(3 )] 3: 0724cb7d-3437-4cb7-93cb-830375d0079d, 1, 0 [(0 [0xC004F014, 0, 0], [(?)(?)(?)(?)(?)(?)(?)(?)])(1 )(2 )(3 )] 4: 0ad2ac98-7bb9-4201-8d92-312299201369, 1, 0 [(0 [0xC004F014, 0, 0], [(?)(?)(?)(?)(?)(?)(?)(?)])(1 )(2 )(3 )] 5: 19de9b2f-0166-4abb-9534-56ea69a80edb, 1, 0 [(0 [0xC004F014, 0, 0], [(?)(?)(?)(?)(?)(?)(?)(?)])(1 )(2 )(3 )] 6: 1a9a717a-cf13-4ba5-83c3-0fe25fa868d5, 1, 0 [(0 [0xC004F014, 0, 0], [(?)(?)(?)(?)(?)(?)(?)(?)])(1 )(2 )(3 )] 7: 221a02da-e2a1-4b75-864c-0a4410a33fdf, 1, 0 [(0 [0xC004F014, 0, 0], [(?)(?)(?)(?)(?)(?)(?)(?)])(1 )(2 )(3 )] 8: 265f3fad-6a1c-4bdd-ae30-c75efa556ccb, 1, 0 [(0 [0xC004F014, 0, 0], [(?)(?)(?)(?)(?)(?)(?)(?)])(1 )(2 )(3 )] 9: 291ece0e-9c38-40ca-a9e1-32cc7ec19507, 1, 0 [(0 [0xC004F014, 0, 0], [(?)(?)(?)(?)(?)(?)(?)(?)])(1 )(2 )(3 )] 10: 2936d1d2-913a-4542-b54e-ce5a602a2a38, 1, 0 [(0 [0xC004F014, 0, 0], [(?)(?)(?)(?)(?)(?)(?)(?)])(1 )(2 )(3 )] 11: 2c293c26-a45a-4a2a-a350-c69a67097529, 1, 0 [(0 [0xC004F014, 0, 0], [(?)(?)(?)(?)(?)(?)(?)(?)])(1 )(2 )(3 )] 12: 2de67392-b7a7-462a-b1ca-108dd189f588, 1, 0 [(0 [0xC004F014, 0, 0], [(?)(?)(?)(?)(?)(?)(?)(?)])(1 )(2 )(3 )] 13: 2ffd8952-423e-4903-b993-72a1aa44cf82, 1, 0 [(0 [0xC004F014, 0, 0], [(?)(?)(?)(?)(?)(?)(?)(?)])(1 )(2 )(3 )] 14: 30a42c86-b7a0-4a34-8c90-ff177cb2acb7, 1, 0 [(0 [0xC004F014, 0, 0], [(?)(?)(?)(?)(?)(?)(?)(?)])(1 )(2 )(3 )] 15: 345a5db0-d94f-4e3b-a0c0-7c42f7bc3ebf, 1, 0 [(0 [0xC004F014, 0, 0], [(?)(?)(?)(?)(?)(?)(?)(?)])(1 )(2 )(3 )] 16: 3502365a-f88a-4ba4-822a-5769d3073b65, 1, 0 [(0 [0xC004F014, 0, 0], [(?)(?)(?)(?)(?)(?)(?)(?)])(1 )(2 )(3 )] 17: 377333b1-8b5d-48d6-9679-1225c872d37c, 1, 0 [(0 [0xC004F014, 0, 0], [(?)(?)(?)(?)(?)(?)(?)(?)])(1 )(2 )(3 )] 18: 3df374ef-d444-4494-a5a1-4b0d9fd0e203, 1, 0 [(0 [0xC004F014, 0, 0], [(?)(?)(?)(?)(?)(?)(?)(?)])(1 )(2 )(3 )] 19: 3ebce241-ea87-4946-8a4f-80d00e921dff, 1, 0 [(0 [0xC004F014, 0, 0], [(?)(?)(?)(?)(?)(?)(?)(?)])(1 )(2 )(3 )] 20: 3f1afc82-f8ac-4f6c-8005-1d233e606eee, 1, 0 [(0 [0xC004F014, 0, 0], [(?)(?)(?)(?)(?)(?)(?)(?)])(1 )(2 )(3 )] 21: 4322a811-697c-44dc-865e-3e2fdcb86009, 1, 0 [(0 [0xC004F014, 0, 0], [(?)(?)(?)(?)(?)(?)(?)(?)])(1 )(2 )(3 )] 22: 49cd895b-53b2-4dc4-a5f7-b18aa019ad37, 1, 0 [(0 [0xC004F014, 0, 0], [(?)(?)(?)(?)(?)(?)(?)(?)])(1 )(2 )(3 )] 23: 4de7cb65-cdf1-4de9-8ae8-e3cce27b9f2c, 1, 1 [(0 )(1 )(2 [0xC004E003, 0, 0], [( 1 0xC004F034)( 1 0xC004F034)(?)(?)(?)(?)(?)(?)])(3 [0x00000000, 0, 0], [( 6 0xC004F009 0 0)( 1 0x00000000)( 6 0xC004F009 0 0)(?)(?)(?)( 10 0x00000000 msft:rm/algorithm/flags/1.0)( 11 0x00000000 0xC004F034)])] 24: 4f3da0d2-271d-4508-ae81-626b60809a38, 1, 0 [(0 [0xC004F014, 0, 0], [(?)(?)(?)(?)(?)(?)(?)(?)])(1 )(2 )(3 )] 25: 5d78c4e9-aeb3-4b40-8ac2-6a6005e0ad6d, 1, 0 [(0 [0xC004F014, 0, 0], [(?)(?)(?)(?)(?)(?)(?)(?)])(1 )(2 )(3 )] 26: 60b3ec1b-9545-4921-821f-311b129dd6f6, 1, 0 [(0 [0xC004F014, 0, 0], [(?)(?)(?)(?)(?)(?)(?)(?)])(1 )(2 )(3 )] 27: 613d217f-7f13-4268-9907-1662339531cd, 1, 0 [(0 [0xC004F014, 0, 0], [(?)(?)(?)(?)(?)(?)(?)(?)])(1 )(2 )(3 )] 28: 62f0c100-9c53-4e02-b886-a3528ddfe7f6, 1, 0 [(0 [0xC004F014, 0, 0], [(?)(?)(?)(?)(?)(?)(?)(?)])(1 )(2 )(3 )] 29: 6365275e-368d-46ca-a0ef-fc0404119333, 1, 0 [(0 [0xC004F014, 0, 0], [(?)(?)(?)(?)(?)(?)(?)(?)])(1 )(2 )(3 )] 30: 721f9237-9341-4453-a661-09e8baa6cca5, 1, 0 [(0 [0xC004F014, 0, 0], [(?)(?)(?)(?)(?)(?)(?)(?)])(1 )(2 )(3 )] 31: 73111121-5638-40f6-bc11-f1d7b0d64300, 1, 0 [(0 [0xC004F014, 0, 0], [(?)(?)(?)(?)(?)(?)(?)(?)])(1 )(2 )(3 )] 32: 7a802526-4c94-4bd1-ba14-835a1aca2120, 1, 0 [(0 [0xC004F014, 0, 0], [(?)(?)(?)(?)(?)(?)(?)(?)])(1 )(2 )(3 )] 33: 7cb546c0-c7d5-44d8-9a5c-69ecdd782b69, 1, 0 [(0 [0xC004F014, 0, 0], [(?)(?)(?)(?)(?)(?)(?)(?)])(1 )(2 )(3 )] 34: 80083eae-7031-4394-9e88-4901973d56fe, 1, 0 [(0 [0xC004F014, 0, 0], [(?)(?)(?)(?)(?)(?)(?)(?)])(1 )(2 )(3 )] 35: 82bbc092-bc50-4e16-8e18-b74fc486aec3, 1, 0 [(0 [0xC004F014, 0, 0], [(?)(?)(?)(?)(?)(?)(?)(?)])(1 )(2 )(3 )] 36: 8ab9bdd1-1f67-4997-82d9-8878520837d9, 1, 0 [(0 [0xC004F014, 0, 0], [(?)(?)(?)(?)(?)(?)(?)(?)])(1 )(2 )(3 )] 37: 8b351c9c-f398-4515-9900-09df49427262, 1, 0 [(0 [0xC004F014, 0, 0], [(?)(?)(?)(?)(?)(?)(?)(?)])(1 )(2 )(3 )] 38: 90da7373-1c51-430b-bf26-c97e9c5cdc31, 1, 0 [(0 [0xC004F014, 0, 0], [(?)(?)(?)(?)(?)(?)(?)(?)])(1 )(2 )(3 )] 39: 92fb8726-92a8-4ffc-94ce-f82e07444653, 1, 0 [(0 [0xC004F014, 0, 0], [(?)(?)(?)(?)(?)(?)(?)(?)])(1 )(2 )(3 )] 40: 95dca82f-385d-4d39-b85b-5c73fa285d6f, 1, 0 [(0 [0xC004F014, 0, 0], [(?)(?)(?)(?)(?)(?)(?)(?)])(1 )(2 )(3 )] 41: 97cde3ae-e908-4b59-ac96-a17645c5b57e, 1, 0 [(0 [0xC004F014, 0, 0], [(?)(?)(?)(?)(?)(?)(?)(?)])(1 )(2 )(3 )] 42: a48938aa-62fa-4966-9d44-9f04da3f72f2, 1, 0 [(0 [0xC004F014, 0, 0], [(?)(?)(?)(?)(?)(?)(?)(?)])(1 )(2 )(3 )] 43: b0773a15-df3a-4312-9ad2-83d69648e356, 1, 0 [(0 [0xC004F014, 0, 0], [(?)(?)(?)(?)(?)(?)(?)(?)])(1 )(2 )(3 )] 44: b4bfe195-541e-4e64-ad23-6177f19e395e, 1, 0 [(0 [0xC004F014, 0, 0], [(?)(?)(?)(?)(?)(?)(?)(?)])(1 )(2 )(3 )] 45: b68e61d2-68ca-4757-be45-0cc2f3e68eee, 1, 0 [(0 [0xC004F014, 0, 0], [(?)(?)(?)(?)(?)(?)(?)(?)])(1 )(2 )(3 )] 46: bd3762d7-270d-4760-8fb3-d829ca45278a, 1, 0 [(0 [0xC004F014, 0, 0], [(?)(?)(?)(?)(?)(?)(?)(?)])(1 )(2 )(3 )] 47: c86d5194-4840-4dae-9c1c-0301003a5ab0, 1, 0 [(0 [0xC004F014, 0, 0], [(?)(?)(?)(?)(?)(?)(?)(?)])(1 )(2 )(3 )] 48: ca7df2e3-5ea0-47b8-9ac1-b1be4d8edd69, 1, 0 [(0 [0xC004F014, 0, 0], [(?)(?)(?)(?)(?)(?)(?)(?)])(1 )(2 )(3 )] 49: d552befb-48cc-4327-8f39-47d2d94f987c, 1, 0 [(0 [0xC004F014, 0, 0], [(?)(?)(?)(?)(?)(?)(?)(?)])(1 )(2 )(3 )] 50: d6eadb3b-5ca8-4a6b-986e-35b550756111, 1, 0 [(0 [0xC004F014, 0, 0], [(?)(?)(?)(?)(?)(?)(?)(?)])(1 )(2 )(3 )] 51: df96023b-dcd9-4be2-afa0-c6c871159ebe, 1, 0 [(0 [0xC004F014, 0, 0], [(?)(?)(?)(?)(?)(?)(?)(?)])(1 )(2 )(3 )] 52: e0c42288-980c-4788-a014-c080d2e1926e, 1, 0 [(0 [0xC004F014, 0, 0], [(?)(?)(?)(?)(?)(?)(?)(?)])(1 )(2 )(3 )] 53: e4db50ea-bda1-4566-b047-0ca50abc6f07, 1, 0 [(0 [0xC004F014, 0, 0], [(?)(?)(?)(?)(?)(?)(?)(?)])(1 )(2 )(3 )] 54: e558417a-5123-4f6f-91e7-385c1c7ca9d4, 1, 0 [(0 [0xC004F014, 0, 0], [(?)(?)(?)(?)(?)(?)(?)(?)])(1 )(2 )(3 )] 55: e7a950a2-e548-4f10-bf16-02ec848e0643, 1, 0 [(0 [0xC004F014, 0, 0], [(?)(?)(?)(?)(?)(?)(?)(?)])(1 )(2 )(3 )] 56: eb6d346f-1c60-4643-b960-40ec31596c45, 1, 0 [(0 [0xC004F014, 0, 0], [(?)(?)(?)(?)(?)(?)(?)(?)])(1 )(2 )(3 )] 57: ec868e65-fadf-4759-b23e-93fe37f2cc29, 1, 0 [(0 [0xC004F014, 0, 0], [(?)(?)(?)(?)(?)(?)(?)(?)])(1 )(2 )(3 )] 58: ef51e000-2659-4f25-8345-3de70a9cf4c4, 1, 0 [(0 [0xC004F014, 0, 0], [(?)(?)(?)(?)(?)(?)(?)(?)])(1 )(2 )(3 )] 59: f7af7d09-40e4-419c-a49b-eae366689ebd, 1, 0 [(0 [0xC004F014, 0, 0], [(?)(?)(?)(?)(?)(?)(?)(?)])(1 )(2 )(3 )] 60: fa755fe6-6739-40b9-8d84-6d0ea3b6d1ab, 1, 0 [(0 [0xC004F014, 0, 0], [(?)(?)(?)(?)(?)(?)(?)(?)])(1 )(2 )(3 )] 61: fe74f55b-0338-41d6-b267-4a201abe7285, 1, 0 [(0 [0xC004F014, 0, 0], [(?)(?)(?)(?)(?)(?)(?)(?)])(1 )(2 )(3 )]"
"9/8/2026 5:30:09 PM","1003","Information","Microsoft-Windows-Security-SPP","DESKTOP-7KP8ILC","The Software Protection service has completed licensing status check. Application Id=55c92734-d682-4d71-983e-d6ec3f16059f Licensing Status= 1: 01eb852c-424d-4060-94b8-c10d799d7364, 1, 0 [(0 [0xC004F014, 0, 0], [(?)(?)(?)(?)(?)(?)(?)(?)])(1 )(2 )(3 )] 2: 040fa323-92b1-4baf-97a2-5b67feaefddb, 1, 0 [(0 [0xC004F014, 0, 0], [(?)(?)(?)(?)(?)(?)(?)(?)])(1 )(2 )(3 )] 3: 0724cb7d-3437-4cb7-93cb-830375d0079d, 1, 0 [(0 [0xC004F014, 0, 0], [(?)(?)(?)(?)(?)(?)(?)(?)])(1 )(2 )(3 )] 4: 0ad2ac98-7bb9-4201-8d92-312299201369, 1, 0 [(0 [0xC004F014, 0, 0], [(?)(?)(?)(?)(?)(?)(?)(?)])(1 )(2 )(3 )] 5: 19de9b2f-0166-4abb-9534-56ea69a80edb, 1, 0 [(0 [0xC004F014, 0, 0], [(?)(?)(?)(?)(?)(?)(?)(?)])(1 )(2 )(3 )] 6: 1a9a717a-cf13-4ba5-83c3-0fe25fa868d5, 1, 0 [(0 [0xC004F014, 0, 0], [(?)(?)(?)(?)(?)(?)(?)(?)])(1 )(2 )(3 )] 7: 221a02da-e2a1-4b75-864c-0a4410a33fdf, 1, 0 [(0 [0xC004F014, 0, 0], [(?)(?)(?)(?)(?)(?)(?)(?)])(1 )(2 )(3 )] 8: 265f3fad-6a1c-4bdd-ae30-c75efa556ccb, 1, 0 [(0 [0xC004F014, 0, 0], [(?)(?)(?)(?)(?)(?)(?)(?)])(1 )(2 )(3 )] 9: 291ece0e-9c38-40ca-a9e1-32cc7ec19507, 1, 0 [(0 [0xC004F014, 0, 0], [(?)(?)(?)(?)(?)(?)(?)(?)])(1 )(2 )(3 )] 10: 2936d1d2-913a-4542-b54e-ce5a602a2a38, 1, 0 [(0 [0xC004F014, 0, 0], [(?)(?)(?)(?)(?)(?)(?)(?)])(1 )(2 )(3 )] 11: 2c293c26-a45a-4a2a-a350-c69a67097529, 1, 0 [(0 [0xC004F014, 0, 0], [(?)(?)(?)(?)(?)(?)(?)(?)])(1 )(2 )(3 )] 12: 2de67392-b7a7-462a-b1ca-108dd189f588, 1, 0 [(0 [0xC004F014, 0, 0], [(?)(?)(?)(?)(?)(?)(?)(?)])(1 )(2 )(3 )] 13: 2ffd8952-423e-4903-b993-72a1aa44cf82, 1, 0 [(0 [0xC004F014, 0, 0], [(?)(?)(?)(?)(?)(?)(?)(?)])(1 )(2 )(3 )] 14: 30a42c86-b7a0-4a34-8c90-ff177cb2acb7, 1, 0 [(0 [0xC004F014, 0, 0], [(?)(?)(?)(?)(?)(?)(?)(?)])(1 )(2 )(3 )] 15: 345a5db0-d94f-4e3b-a0c0-7c42f7bc3ebf, 1, 0 [(0 [0xC004F014, 0, 0], [(?)(?)(?)(?)(?)(?)(?)(?)])(1 )(2 )(3 )] 16: 3502365a-f88a-4ba4-822a-5769d3073b65, 1, 0 [(0 [0xC004F014, 0, 0], [(?)(?)(?)(?)(?)(?)(?)(?)])(1 )(2 )(3 )] 17: 377333b1-8b5d-48d6-9679-1225c872d37c, 1, 0 [(0 [0xC004F014, 0, 0], [(?)(?)(?)(?)(?)(?)(?)(?)])(1 )(2 )(3 )] 18: 3df374ef-d444-4494-a5a1-4b0d9fd0e203, 1, 0 [(0 [0xC004F014, 0, 0], [(?)(?)(?)(?)(?)(?)(?)(?)])(1 )(2 )(3 )] 19: 3ebce241-ea87-4946-8a4f-80d00e921dff, 1, 0 [(0 [0xC004F014, 0, 0], [(?)(?)(?)(?)(?)(?)(?)(?)])(1 )(2 )(3 )] 20: 3f1afc82-f8ac-4f6c-8005-1d233e606eee, 1, 0 [(0 [0xC004F014, 0, 0], [(?)(?)(?)(?)(?)(?)(?)(?)])(1 )(2 )(3 )] 21: 4322a811-697c-44dc-865e-3e2fdcb86009, 1, 0 [(0 [0xC004F014, 0, 0], [(?)(?)(?)(?)(?)(?)(?)(?)])(1 )(2 )(3 )] 22: 49cd895b-53b2-4dc4-a5f7-b18aa019ad37, 1, 0 [(0 [0xC004F014, 0, 0], [(?)(?)(?)(?)(?)(?)(?)(?)])(1 )(2 )(3 )] 23: 4de7cb65-cdf1-4de9-8ae8-e3cce27b9f2c, 1, 1 [(0 )(1 )(2 [0xC004E003, 0, 0], [( 1 0xC004F034)( 1 0xC004F034)(?)(?)(?)(?)(?)(?)])(3 [0x00000000, 0, 0], [( 6 0xC004F009 0 0)( 1 0x00000000)( 6 0xC004F009 0 0)(?)(?)(?)( 10 0x00000000 msft:rm/algorithm/flags/1.0)( 11 0x00000000 0xC004F034)])] 24: 4f3da0d2-271d-4508-ae81-626b60809a38, 1, 0 [(0 [0xC004F014, 0, 0], [(?)(?)(?)(?)(?)(?)(?)(?)])(1 )(2 )(3 )] 25: 5d78c4e9-aeb3-4b40-8ac2-6a6005e0ad6d, 1, 0 [(0 [0xC004F014, 0, 0], [(?)(?)(?)(?)(?)(?)(?)(?)])(1 )(2 )(3 )] 26: 60b3ec1b-9545-4921-821f-311b129dd6f6, 1, 0 [(0 [0xC004F014, 0, 0], [(?)(?)(?)(?)(?)(?)(?)(?)])(1 )(2 )(3 )] 27: 613d217f-7f13-4268-9907-1662339531cd, 1, 0 [(0 [0xC004F014, 0, 0], [(?)(?)(?)(?)(?)(?)(?)(?)])(1 )(2 )(3 )] 28: 62f0c100-9c53-4e02-b886-a3528ddfe7f6, 1, 0 [(0 [0xC004F014, 0, 0], [(?)(?)(?)(?)(?)(?)(?)(?)])(1 )(2 )(3 )] 29: 6365275e-368d-46ca-a0ef-fc0404119333, 1, 0 [(0 [0xC004F014, 0, 0], [(?)(?)(?)(?)(?)(?)(?)(?)])(1 )(2 )(3 )] 30: 721f9237-9341-4453-a661-09e8baa6cca5, 1, 0 [(0 [0xC004F014, 0, 0], [(?)(?)(?)(?)(?)(?)(?)(?)])(1 )(2 )(3 )] 31: 73111121-5638-40f6-bc11-f1d7b0d64300, 1, 0 [(0 [0xC004F014, 0, 0], [(?)(?)(?)(?)(?)(?)(?)(?)])(1 )(2 )(3 )] 32: 7a802526-4c94-4bd1-ba14-835a1aca2120, 1, 0 [(0 [0xC004F014, 0, 0], [(?)(?)(?)(?)(?)(?)(?)(?)])(1 )(2 )(3 )] 33: 7cb546c0-c7d5-44d8-9a5c-69ecdd782b69, 1, 0 [(0 [0xC004F014, 0, 0], [(?)(?)(?)(?)(?)(?)(?)(?)])(1 )(2 )(3 )] 34: 80083eae-7031-4394-9e88-4901973d56fe, 1, 0 [(0 [0xC004F014, 0, 0], [(?)(?)(?)(?)(?)(?)(?)(?)])(1 )(2 )(3 )] 35: 82bbc092-bc50-4e16-8e18-b74fc486aec3, 1, 0 [(0 [0xC004F014, 0, 0], [(?)(?)(?)(?)(?)(?)(?)(?)])(1 )(2 )(3 )] 36: 8ab9bdd1-1f67-4997-82d9-8878520837d9, 1, 0 [(0 [0xC004F014, 0, 0], [(?)(?)(?)(?)(?)(?)(?)(?)])(1 )(2 )(3 )] 37: 8b351c9c-f398-4515-9900-09df49427262, 1, 0 [(0 [0xC004F014, 0, 0], [(?)(?)(?)(?)(?)(?)(?)(?)])(1 )(2 )(3 )] 38: 90da7373-1c51-430b-bf26-c97e9c5cdc31, 1, 0 [(0 [0xC004F014, 0, 0], [(?)(?)(?)(?)(?)(?)(?)(?)])(1 )(2 )(3 )] 39: 92fb8726-92a8-4ffc-94ce-f82e07444653, 1, 0 [(0 [0xC004F014, 0, 0], [(?)(?)(?)(?)(?)(?)(?)(?)])(1 )(2 )(3 )] 40: 95dca82f-385d-4d39-b85b-5c73fa285d6f, 1, 0 [(0 [0xC004F014, 0, 0], [(?)(?)(?)(?)(?)(?)(?)(?)])(1 )(2 )(3 )] 41: 97cde3ae-e908-4b59-ac96-a17645c5b57e, 1, 0 [(0 [0xC004F014, 0, 0], [(?)(?)(?)(?)(?)(?)(?)(?)])(1 )(2 )(3 )] 42: a48938aa-62fa-4966-9d44-9f04da3f72f2, 1, 0 [(0 [0xC004F014, 0, 0], [(?)(?)(?)(?)(?)(?)(?)(?)])(1 )(2 )(3 )] 43: b0773a15-df3a-4312-9ad2-83d69648e356, 1, 0 [(0 [0xC004F014, 0, 0], [(?)(?)(?)(?)(?)(?)(?)(?)])(1 )(2 )(3 )] 44: b4bfe195-541e-4e64-ad23-6177f19e395e, 1, 0 [(0 [0xC004F014, 0, 0], [(?)(?)(?)(?)(?)(?)(?)(?)])(1 )(2 )(3 )] 45: b68e61d2-68ca-4757-be45-0cc2f3e68eee, 1, 0 [(0 [0xC004F014, 0, 0], [(?)(?)(?)(?)(?)(?)(?)(?)])(1 )(2 )(3 )] 46: bd3762d7-270d-4760-8fb3-d829ca45278a, 1, 0 [(0 [0xC004F014, 0, 0], [(?)(?)(?)(?)(?)(?)(?)(?)])(1 )(2 )(3 )] 47: c86d5194-4840-4dae-9c1c-0301003a5ab0, 1, 0 [(0 [0xC004F014, 0, 0], [(?)(?)(?)(?)(?)(?)(?)(?)])(1 )(2 )(3 )] 48: ca7df2e3-5ea0-47b8-9ac1-b1be4d8edd69, 1, 0 [(0 [0xC004F014, 0, 0], [(?)(?)(?)(?)(?)(?)(?)(?)])(1 )(2 )(3 )] 49: d552befb-48cc-4327-8f39-47d2d94f987c, 1, 0 [(0 [0xC004F014, 0, 0], [(?)(?)(?)(?)(?)(?)(?)(?)])(1 )(2 )(3 )] 50: d6eadb3b-5ca8-4a6b-986e-35b550756111, 1, 0 [(0 [0xC004F014, 0, 0], [(?)(?)(?)(?)(?)(?)(?)(?)])(1 )(2 )(3 )] 51: df96023b-dcd9-4be2-afa0-c6c871159ebe, 1, 0 [(0 [0xC004F014, 0, 0], [(?)(?)(?)(?)(?)(?)(?)(?)])(1 )(2 )(3 )] 52: e0c42288-980c-4788-a014-c080d2e1926e, 1, 0 [(0 [0xC004F014, 0, 0], [(?)(?)(?)(?)(?)(?)(?)(?)])(1 )(2 )(3 )] 53: e4db50ea-bda1-4566-b047-0ca50abc6f07, 1, 0 [(0 [0xC004F014, 0, 0], [(?)(?)(?)(?)(?)(?)(?)(?)])(1 )(2 )(3 )] 54: e558417a-5123-4f6f-91e7-385c1c7ca9d4, 1, 0 [(0 [0xC004F014, 0, 0], [(?)(?)(?)(?)(?)(?)(?)(?)])(1 )(2 )(3 )] 55: e7a950a2-e548-4f10-bf16-02ec848e0643, 1, 0 [(0 [0xC004F014, 0, 0], [(?)(?)(?)(?)(?)(?)(?)(?)])(1 )(2 )(3 )] 56: eb6d346f-1c60-4643-b960-40ec31596c45, 1, 0 [(0 [0xC004F014, 0, 0], [(?)(?)(?)(?)(?)(?)(?)(?)])(1 )(2 )(3 )] 57: ec868e65-fadf-4759-b23e-93fe37f2cc29, 1, 0 [(0 [0xC004F014, 0, 0], [(?)(?)(?)(?)(?)(?)(?)(?)])(1 )(2 )(3 )] 58: ef51e000-2659-4f25-8345-3de70a9cf4c4, 1, 0 [(0 [0xC004F014, 0, 0], [(?)(?)(?)(?)(?)(?)(?)(?)])(1 )(2 )(3 )] 59: f7af7d09-40e4-419c-a49b-eae366689ebd, 1, 0 [(0 [0xC004F014, 0, 0], [(?)(?)(?)(?)(?)(?)(?)(?)])(1 )(2 )(3 )] 60: fa755fe6-6739-40b9-8d84-6d0ea3b6d1ab, 1, 0 [(0 [0xC004F014, 0, 0], [(?)(?)(?)(?)(?)(?)(?)(?)])(1 )(2 )(3 )] 61: fe74f55b-0338-41d6-b267-4a201abe7285, 1, 0 [(0 [0xC004F014, 0, 0], [(?)(?)(?)(?)(?)(?)(?)(?)])(1 )(2 )(3 )]"
"9/8/2026 5:30:08 PM","8230","Information","Microsoft-Windows-Security-SPP","DESKTOP-7KP8ILC","The rules engine successfully re-evaluated the schedule. Kernel policies: Security-SPP-Action-StateData (REG_SZ) =AppId=55c92734-d682-4d71-983e-d6ec3f16059f;LastConsumptionReason=0xc004f034;LastNotificationId=NeverActivated;LicenseState=SL_LICENSING_STATUS_NOTIFICATION;PartialProductKey=3V66T;ProductKeyType=Retail;SkuId=4de7cb65-cdf1-4de9-8ae8-e3cce27b9f2c;ruleId=31e71c49-8da7-4a2f-ad92-45d98a1c79ba;uxDifferentiator=RETAIL"
"9/8/2026 5:30:07 PM","902","Information","Microsoft-Windows-Security-SPP","DESKTOP-7KP8ILC","The Software Protection service has started. 10.0.26100.8036"
"9/8/2026 5:30:07 PM","1034","Information","Microsoft-Windows-Security-SPP","DESKTOP-7KP8ILC","Duplicate definition of policy found. Policy name=Security-SPP-WriteWauMarker Priority=500"
"9/8/2026 5:30:07 PM","1034","Information","Microsoft-Windows-Security-SPP","DESKTOP-7KP8ILC","Duplicate definition of policy found. Policy name=AAD-AddDeviceJoinUserToAdminGroup-Policy Priority=100"
"9/8/2026 5:30:07 PM","1034","Information","Microsoft-Windows-Security-SPP","DESKTOP-7KP8ILC","Duplicate definition of policy found. Policy name=AAD-AddDeviceJoinUserToAdminGroup-Policy Priority=100"
"9/8/2026 5:30:07 PM","1034","Information","Microsoft-Windows-Security-SPP","DESKTOP-7KP8ILC","Duplicate definition of policy found. Policy name=AAD-AddDeviceJoinUserToAdminGroup-Policy Priority=100"
"9/8/2026 5:30:07 PM","1003","Information","Microsoft-Windows-Security-SPP","DESKTOP-7KP8ILC","The Software Protection service has completed licensing status check. Application Id=55c92734-d682-4d71-983e-d6ec3f16059f Licensing Status= 1: 01eb852c-424d-4060-94b8-c10d799d7364, 1, 0 [(0 [0xC004F014, 0, 0], [(?)(?)(?)(?)(?)(?)(?)(?)])(1 )(2 )(3 )] 2: 040fa323-92b1-4baf-97a2-5b67feaefddb, 1, 0 [(0 [0xC004F014, 0, 0], [(?)(?)(?)(?)(?)(?)(?)(?)])(1 )(2 )(3 )] 3: 0724cb7d-3437-4cb7-93cb-830375d0079d, 1, 0 [(0 [0xC004F014, 0, 0], [(?)(?)(?)(?)(?)(?)(?)(?)])(1 )(2 )(3 )] 4: 0ad2ac98-7bb9-4201-8d92-312299201369, 1, 0 [(0 [0xC004F014, 0, 0], [(?)(?)(?)(?)(?)(?)(?)(?)])(1 )(2 )(3 )] 5: 19de9b2f-0166-4abb-9534-56ea69a80edb, 1, 0 [(0 [0xC004F014, 0, 0], [(?)(?)(?)(?)(?)(?)(?)(?)])(1 )(2 )(3 )] 6: 1a9a717a-cf13-4ba5-83c3-0fe25fa868d5, 1, 0 [(0 [0xC004F014, 0, 0], [(?)(?)(?)(?)(?)(?)(?)(?)])(1 )(2 )(3 )] 7: 221a02da-e2a1-4b75-864c-0a4410a33fdf, 1, 0 [(0 [0xC004F014, 0, 0], [(?)(?)(?)(?)(?)(?)(?)(?)])(1 )(2 )(3 )] 8: 265f3fad-6a1c-4bdd-ae30-c75efa556ccb, 1, 0 [(0 [0xC004F014, 0, 0], [(?)(?)(?)(?)(?)(?)(?)(?)])(1 )(2 )(3 )] 9: 291ece0e-9c38-40ca-a9e1-32cc7ec19507, 1, 0 [(0 [0xC004F014, 0, 0], [(?)(?)(?)(?)(?)(?)(?)(?)])(1 )(2 )(3 )] 10: 2936d1d2-913a-4542-b54e-ce5a602a2a38, 1, 0 [(0 [0xC004F014, 0, 0], [(?)(?)(?)(?)(?)(?)(?)(?)])(1 )(2 )(3 )] 11: 2c293c26-a45a-4a2a-a350-c69a67097529, 1, 0 [(0 [0xC004F014, 0, 0], [(?)(?)(?)(?)(?)(?)(?)(?)])(1 )(2 )(3 )] 12: 2de67392-b7a7-462a-b1ca-108dd189f588, 1, 0 [(0 [0xC004F014, 0, 0], [(?)(?)(?)(?)(?)(?)(?)(?)])(1 )(2 )(3 )] 13: 2ffd8952-423e-4903-b993-72a1aa44cf82, 1, 0 [(0 [0xC004F014, 0, 0], [(?)(?)(?)(?)(?)(?)(?)(?)])(1 )(2 )(3 )] 14: 30a42c86-b7a0-4a34-8c90-ff177cb2acb7, 1, 0 [(0 [0xC004F014, 0, 0], [(?)(?)(?)(?)(?)(?)(?)(?)])(1 )(2 )(3 )] 15: 345a5db0-d94f-4e3b-a0c0-7c42f7bc3ebf, 1, 0 [(0 [0xC004F014, 0, 0], [(?)(?)(?)(?)(?)(?)(?)(?)])(1 )(2 )(3 )] 16: 3502365a-f88a-4ba4-822a-5769d3073b65, 1, 0 [(0 [0xC004F014, 0, 0], [(?)(?)(?)(?)(?)(?)(?)(?)])(1 )(2 )(3 )] 17: 377333b1-8b5d-48d6-9679-1225c872d37c, 1, 0 [(0 [0xC004F014, 0, 0], [(?)(?)(?)(?)(?)(?)(?)(?)])(1 )(2 )(3 )] 18: 3df374ef-d444-4494-a5a1-4b0d9fd0e203, 1, 0 [(0 [0xC004F014, 0, 0], [(?)(?)(?)(?)(?)(?)(?)(?)])(1 )(2 )(3 )] 19: 3ebce241-ea87-4946-8a4f-80d00e921dff, 1, 0 [(0 [0xC004F014, 0, 0], [(?)(?)(?)(?)(?)(?)(?)(?)])(1 )(2 )(3 )] 20: 3f1afc82-f8ac-4f6c-8005-1d233e606eee, 1, 0 [(0 [0xC004F014, 0, 0], [(?)(?)(?)(?)(?)(?)(?)(?)])(1 )(2 )(3 )] 21: 4322a811-697c-44dc-865e-3e2fdcb86009, 1, 0 [(0 [0xC004F014, 0, 0], [(?)(?)(?)(?)(?)(?)(?)(?)])(1 )(2 )(3 )] 22: 49cd895b-53b2-4dc4-a5f7-b18aa019ad37, 1, 0 [(0 [0xC004F014, 0, 0], [(?)(?)(?)(?)(?)(?)(?)(?)])(1 )(2 )(3 )] 23: 4de7cb65-cdf1-4de9-8ae8-e3cce27b9f2c, 1, 0 [(0 )(1 )(2 [0xC004E003, 0, 0], [( 1 0xC004F034)( 1 0xC004F034)(?)(?)(?)(?)(?)(?)])(3 [0x00000000, 0, 0], [( 6 0xC004F009 0 0)( 1 0x00000000)( 6 0xC004F009 0 0)(?)(?)(?)( 10 0x00000000 msft:rm/algorithm/flags/1.0)( 11 0x00000000 0xC004F034)])] 24: 4f3da0d2-271d-4508-ae81-626b60809a38, 1, 0 [(0 [0xC004F014, 0, 0], [(?)(?)(?)(?)(?)(?)(?)(?)])(1 )(2 )(3 )] 25: 5d78c4e9-aeb3-4b40-8ac2-6a6005e0ad6d, 1, 0 [(0 [0xC004F014, 0, 0], [(?)(?)(?)(?)(?)(?)(?)(?)])(1 )(2 )(3 )] 26: 60b3ec1b-9545-4921-821f-311b129dd6f6, 1, 0 [(0 [0xC004F014, 0, 0], [(?)(?)(?)(?)(?)(?)(?)(?)])(1 )(2 )(3 )] 27: 613d217f-7f13-4268-9907-1662339531cd, 1, 0 [(0 [0xC004F014, 0, 0], [(?)(?)(?)(?)(?)(?)(?)(?)])(1 )(2 )(3 )] 28: 62f0c100-9c53-4e02-b886-a3528ddfe7f6, 1, 0 [(0 [0xC004F014, 0, 0], [(?)(?)(?)(?)(?)(?)(?)(?)])(1 )(2 )(3 )] 29: 6365275e-368d-46ca-a0ef-fc0404119333, 1, 0 [(0 [0xC004F014, 0, 0], [(?)(?)(?)(?)(?)(?)(?)(?)])(1 )(2 )(3 )] 30: 721f9237-9341-4453-a661-09e8baa6cca5, 1, 0 [(0 [0xC004F014, 0, 0], [(?)(?)(?)(?)(?)(?)(?)(?)])(1 )(2 )(3 )] 31: 73111121-5638-40f6-bc11-f1d7b0d64300, 1, 0 [(0 [0xC004F014, 0, 0], [(?)(?)(?)(?)(?)(?)(?)(?)])(1 )(2 )(3 )] 32: 7a802526-4c94-4bd1-ba14-835a1aca2120, 1, 0 [(0 [0xC004F014, 0, 0], [(?)(?)(?)(?)(?)(?)(?)(?)])(1 )(2 )(3 )] 33: 7cb546c0-c7d5-44d8-9a5c-69ecdd782b69, 1, 0 [(0 [0xC004F014, 0, 0], [(?)(?)(?)(?)(?)(?)(?)(?)])(1 )(2 )(3 )] 34: 80083eae-7031-4394-9e88-4901973d56fe, 1, 0 [(0 [0xC004F014, 0, 0], [(?)(?)(?)(?)(?)(?)(?)(?)])(1 )(2 )(3 )] 35: 82bbc092-bc50-4e16-8e18-b74fc486aec3, 1, 0 [(0 [0xC004F014, 0, 0], [(?)(?)(?)(?)(?)(?)(?)(?)])(1 )(2 )(3 )] 36: 8ab9bdd1-1f67-4997-82d9-8878520837d9, 1, 0 [(0 [0xC004F014, 0, 0], [(?)(?)(?)(?)(?)(?)(?)(?)])(1 )(2 )(3 )] 37: 8b351c9c-f398-4515-9900-09df49427262, 1, 0 [(0 [0xC004F014, 0, 0], [(?)(?)(?)(?)(?)(?)(?)(?)])(1 )(2 )(3 )] 38: 90da7373-1c51-430b-bf26-c97e9c5cdc31, 1, 0 [(0 [0xC004F014, 0, 0], [(?)(?)(?)(?)(?)(?)(?)(?)])(1 )(2 )(3 )] 39: 92fb8726-92a8-4ffc-94ce-f82e07444653, 1, 0 [(0 [0xC004F014, 0, 0], [(?)(?)(?)(?)(?)(?)(?)(?)])(1 )(2 )(3 )] 40: 95dca82f-385d-4d39-b85b-5c73fa285d6f, 1, 0 [(0 [0xC004F014, 0, 0], [(?)(?)(?)(?)(?)(?)(?)(?)])(1 )(2 )(3 )] 41: 97cde3ae-e908-4b59-ac96-a17645c5b57e, 1, 0 [(0 [0xC004F014, 0, 0], [(?)(?)(?)(?)(?)(?)(?)(?)])(1 )(2 )(3 )] 42: a48938aa-62fa-4966-9d44-9f04da3f72f2, 1, 0 [(0 [0xC004F014, 0, 0], [(?)(?)(?)(?)(?)(?)(?)(?)])(1 )(2 )(3 )] 43: b0773a15-df3a-4312-9ad2-83d69648e356, 1, 0 [(0 [0xC004F014, 0, 0], [(?)(?)(?)(?)(?)(?)(?)(?)])(1 )(2 )(3 )] 44: b4bfe195-541e-4e64-ad23-6177f19e395e, 1, 0 [(0 [0xC004F014, 0, 0], [(?)(?)(?)(?)(?)(?)(?)(?)])(1 )(2 )(3 )] 45: b68e61d2-68ca-4757-be45-0cc2f3e68eee, 1, 0 [(0 [0xC004F014, 0, 0], [(?)(?)(?)(?)(?)(?)(?)(?)])(1 )(2 )(3 )] 46: bd3762d7-270d-4760-8fb3-d829ca45278a, 1, 0 [(0 [0xC004F014, 0, 0], [(?)(?)(?)(?)(?)(?)(?)(?)])(1 )(2 )(3 )] 47: c86d5194-4840-4dae-9c1c-0301003a5ab0, 1, 0 [(0 [0xC004F014, 0, 0], [(?)(?)(?)(?)(?)(?)(?)(?)])(1 )(2 )(3 )] 48: ca7df2e3-5ea0-47b8-9ac1-b1be4d8edd69, 1, 0 [(0 [0xC004F014, 0, 0], [(?)(?)(?)(?)(?)(?)(?)(?)])(1 )(2 )(3 )] 49: d552befb-48cc-4327-8f39-47d2d94f987c, 1, 0 [(0 [0xC004F014, 0, 0], [(?)(?)(?)(?)(?)(?)(?)(?)])(1 )(2 )(3 )] 50: d6eadb3b-5ca8-4a6b-986e-35b550756111, 1, 0 [(0 [0xC004F014, 0, 0], [(?)(?)(?)(?)(?)(?)(?)(?)])(1 )(2 )(3 )] 51: df96023b-dcd9-4be2-afa0-c6c871159ebe, 1, 0 [(0 [0xC004F014, 0, 0], [(?)(?)(?)(?)(?)(?)(?)(?)])(1 )(2 )(3 )] 52: e0c42288-980c-4788-a014-c080d2e1926e, 1, 0 [(0 [0xC004F014, 0, 0], [(?)(?)(?)(?)(?)(?)(?)(?)])(1 )(2 )(3 )] 53: e4db50ea-bda1-4566-b047-0ca50abc6f07, 1, 0 [(0 [0xC004F014, 0, 0], [(?)(?)(?)(?)(?)(?)(?)(?)])(1 )(2 )(3 )] 54: e558417a-5123-4f6f-91e7-385c1c7ca9d4, 1, 0 [(0 [0xC004F014, 0, 0], [(?)(?)(?)(?)(?)(?)(?)(?)])(1 )(2 )(3 )] 55: e7a950a2-e548-4f10-bf16-02ec848e0643, 1, 0 [(0 [0xC004F014, 0, 0], [(?)(?)(?)(?)(?)(?)(?)(?)])(1 )(2 )(3 )] 56: eb6d346f-1c60-4643-b960-40ec31596c45, 1, 0 [(0 [0xC004F014, 0, 0], [(?)(?)(?)(?)(?)(?)(?)(?)])(1 )(2 )(3 )] 57: ec868e65-fadf-4759-b23e-93fe37f2cc29, 1, 0 [(0 [0xC004F014, 0, 0], [(?)(?)(?)(?)(?)(?)(?)(?)])(1 )(2 )(3 )] 58: ef51e000-2659-4f25-8345-3de70a9cf4c4, 1, 0 [(0 [0xC004F014, 0, 0], [(?)(?)(?)(?)(?)(?)(?)(?)])(1 )(2 )(3 )] 59: f7af7d09-40e4-419c-a49b-eae366689ebd, 1, 0 [(0 [0xC004F014, 0, 0], [(?)(?)(?)(?)(?)(?)(?)(?)])(1 )(2 )(3 )] 60: fa755fe6-6739-40b9-8d84-6d0ea3b6d1ab, 1, 0 [(0 [0xC004F014, 0, 0], [(?)(?)(?)(?)(?)(?)(?)(?)])(1 )(2 )(3 )] 61: fe74f55b-0338-41d6-b267-4a201abe7285, 1, 0 [(0 [0xC004F014, 0, 0], [(?)(?)(?)(?)(?)(?)(?)(?)])(1 )(2 )(3 )]"
"9/8/2026 5:30:07 PM","1034","Information","Microsoft-Windows-Security-SPP","DESKTOP-7KP8ILC","Duplicate definition of policy found. Policy name=AAD-AddDeviceJoinUserToAdminGroup-Policy Priority=100"
"9/8/2026 5:30:07 PM","1034","Information","Microsoft-Windows-Security-SPP","DESKTOP-7KP8ILC","Duplicate definition of policy found. Policy name=Security-SPP-WriteWauMarker Priority=500"
"9/8/2026 5:30:07 PM","1034","Information","Microsoft-Windows-Security-SPP","DESKTOP-7KP8ILC","Duplicate definition of policy found. Policy name=AAD-AddDeviceJoinUserToAdminGroup-Policy Priority=100"
"9/8/2026 5:30:07 PM","1034","Information","Microsoft-Windows-Security-SPP","DESKTOP-7KP8ILC","Duplicate definition of policy found. Policy name=AAD-AddDeviceJoinUserToAdminGroup-Policy Priority=100"
"9/8/2026 5:30:07 PM","1034","Information","Microsoft-Windows-Security-SPP","DESKTOP-7KP8ILC","Duplicate definition of policy found. Policy name=AAD-AddDeviceJoinUserToAdminGroup-Policy Priority=100"
"9/8/2026 5:30:07 PM","1034","Information","Microsoft-Windows-Security-SPP","DESKTOP-7KP8ILC","Duplicate definition of policy found. Policy name=AAD-AddDeviceJoinUserToAdminGroup-Policy Priority=100"
"9/8/2026 5:30:07 PM","1034","Information","Microsoft-Windows-Security-SPP","DESKTOP-7KP8ILC","Duplicate definition of policy found. Policy name=AAD-AddDeviceJoinUserToAdminGroup-Policy Priority=100"
"9/8/2026 5:30:07 PM","1034","Information","Microsoft-Windows-Security-SPP","DESKTOP-7KP8ILC","Duplicate definition of policy found. Policy name=AAD-AddDeviceJoinUserToAdminGroup-Policy Priority=100"
"9/8/2026 5:30:07 PM","1034","Information","Microsoft-Windows-Security-SPP","DESKTOP-7KP8ILC","Duplicate definition of policy found. Policy name=AAD-AddDeviceJoinUserToAdminGroup-Policy Priority=100"
"9/8/2026 5:30:07 PM","1034","Information","Microsoft-Windows-Security-SPP","DESKTOP-7KP8ILC","Duplicate definition of policy found. Policy name=AAD-AddDeviceJoinUserToAdminGroup-Policy Priority=100"
"9/8/2026 5:30:07 PM","1034","Information","Microsoft-Windows-Security-SPP","DESKTOP-7KP8ILC","Duplicate definition of policy found. Policy name=AAD-AddDeviceJoinUserToAdminGroup-Policy Priority=100"
"9/8/2026 5:30:07 PM","1034","Information","Microsoft-Windows-Security-SPP","DESKTOP-7KP8ILC","Duplicate definition of policy found. Policy name=AAD-AddDeviceJoinUserToAdminGroup-Policy Priority=100"
"9/8/2026 5:30:07 PM","1034","Information","Microsoft-Windows-Security-SPP","DESKTOP-7KP8ILC","Duplicate definition of policy found. Policy name=AAD-AddDeviceJoinUserToAdminGroup-Policy Priority=100"
"9/8/2026 5:30:07 PM","1034","Information","Microsoft-Windows-Security-SPP","DESKTOP-7KP8ILC","Duplicate definition of policy found. Policy name=AAD-AddDeviceJoinUserToAdminGroup-Policy Priority=100"
"9/8/2026 5:30:07 PM","1034","Information","Microsoft-Windows-Security-SPP","DESKTOP-7KP8ILC","Duplicate definition of policy found. Policy name=AAD-AddDeviceJoinUserToAdminGroup-Policy Priority=100"
"9/8/2026 5:30:07 PM","1034","Information","Microsoft-Windows-Security-SPP","DESKTOP-7KP8ILC","Duplicate definition of policy found. Policy name=AAD-AddDeviceJoinUserToAdminGroup-Policy Priority=100"
"9/8/2026 5:30:07 PM","1034","Information","Microsoft-Windows-Security-SPP","DESKTOP-7KP8ILC","Duplicate definition of policy found. Policy name=AAD-AddDeviceJoinUserToAdminGroup-Policy Priority=100"
"9/8/2026 5:30:07 PM","1034","Information","Microsoft-Windows-Security-SPP","DESKTOP-7KP8ILC","Duplicate definition of policy found. Policy name=AAD-AddDeviceJoinUserToAdminGroup-Policy Priority=100"
"9/8/2026 5:30:07 PM","1034","Information","Microsoft-Windows-Security-SPP","DESKTOP-7KP8ILC","Duplicate definition of policy found. Policy name=AAD-AddDeviceJoinUserToAdminGroup-Policy Priority=100"
"9/8/2026 5:30:07 PM","1034","Information","Microsoft-Windows-Security-SPP","DESKTOP-7KP8ILC","Duplicate definition of policy found. Policy name=AAD-AddDeviceJoinUserToAdminGroup-Policy Priority=100"
"9/8/2026 5:30:07 PM","16388","Information","Microsoft-Windows-Security-SPP","DESKTOP-7KP8ILC","The current time is 2026-09-09T00:30:07Z : 2026-09-09T00:30:07Z."
"9/8/2026 5:30:07 PM","1066","Information","Microsoft-Windows-Security-SPP","DESKTOP-7KP8ILC","Initialization status for service objects. C:\WINDOWS\system32\sppwinob.dll, msft:spp/windowsfunctionality/agent/7.0, 0x00000000, 0x00000000 C:\WINDOWS\system32\sppobjs.dll, msft:rm/algorithm/inherited/1.0, 0x00000000, 0x00000000 C:\WINDOWS\system32\sppobjs.dll, msft:rm/algorithm/phone/1.0, 0x00000000, 0x00000000 C:\WINDOWS\system32\sppobjs.dll, msft:rm/algorithm/pkey/detect, 0x00000000, 0x00000000 C:\WINDOWS\system32\sppobjs.dll, msft:spp/ActionScheduler/1.0, 0x00000000, 0x00000000 C:\WINDOWS\system32\sppobjs.dll, msft:spp/TaskScheduler/1.0, 0x00000000, 0x00000000 C:\WINDOWS\system32\sppobjs.dll, msft:spp/statecollector/pkey, 0x00000000, 0x00000000 C:\WINDOWS\system32\sppobjs.dll, msft:spp/volume/services/kms/1.0, 0x00000000, 0x00000000 C:\WINDOWS\system32\sppobjs.dll, msft:spp/volume/services/kms/activationinfo/1.0, 0x00000000, 0x00000000"
"9/8/2026 5:30:06 PM","16394","Information","Microsoft-Windows-Security-SPP","DESKTOP-7KP8ILC","Offline downlevel migration succeeded."
"9/8/2026 5:30:06 PM","900","Information","Microsoft-Windows-Security-SPP","DESKTOP-7KP8ILC","The Software Protection service is starting. Parameters:TriggerStarted:6"
"9/8/2026 5:30:00 PM","5617","Information","Microsoft-Windows-WMI","DESKTOP-7KP8ILC","Windows Management Instrumentation Service subsystems initialized successfully"
"9/8/2026 5:29:57 PM","1003","Information","Microsoft-Windows-Search","DESKTOP-7KP8ILC","The Windows Search Service started."
"9/8/2026 5:29:57 PM","0","Information","edgeupdate","DESKTOP-7KP8ILC","Service stopped."
"9/8/2026 5:29:52 PM","6000","Information","Microsoft-Windows-Winlogon","DESKTOP-7KP8ILC","The winlogon notification subscriber <SessionEnv> was unavailable to handle a notification event."
"9/8/2026 5:29:52 PM","6003","Information","Microsoft-Windows-Winlogon","DESKTOP-7KP8ILC","The winlogon notification subscriber <SessionEnv> was unavailable to handle a critical notification event."
"9/8/2026 5:29:51 PM","1001","Information","Windows Error Reporting","DESKTOP-7KP8ILC","Fault bucket , type 0 Event Name: StoreAgentDownloadFailure1 Response: Not available Cab Id: 0 Problem signature: P1: Acquisition;setup-StartProductInstallWithOptionsAsync P2: 8024001e P3: 26200 P4: 8037 P5: Windows.Desktop P6: L P7: P8: P9: P10: Attached files: These files may be available here: \\?\C:\ProgramData\Microsoft\Windows\WER\ReportQueue\NonCritical_Acquisition;setu_9c165341cab489d75d2bffb7bd44b624dd33fc_00000000_f3d944e9-82a3-431f-8add-ff6beb631b7f Analysis symbol: Rechecking for solution: 0 Report Id: f3d944e9-82a3-431f-8add-ff6beb631b7f Report Status: 6 Hashed bucket: Cab Guid: 0"
"9/8/2026 5:29:50 PM","1001","Information","Windows Error Reporting","DESKTOP-7KP8ILC","Fault bucket , type 0 Event Name: crashpad_log Response: Not available Cab Id: 0 Problem signature: P1: setup.exe P2: 152.0.4191.66 P3: EdgeInstallerError|msedge P4: 0x220 P5: P6: P7: P8: P9: P10: Attached files: These files may be available here: \\?\C:\ProgramData\Microsoft\Windows\WER\ReportQueue\NonCritical_setup.exe_53b587e644b9c50766a25b49161f4677c4cbc6_00000000_c4389e64-0406-4d1b-813f-376210b76e94 Analysis symbol: Rechecking for solution: 0 Report Id: c4389e64-0406-4d1b-813f-376210b76e94 Report Status: 6 Hashed bucket: Cab Guid: 0"
"9/8/2026 5:29:48 PM","5615","Information","Microsoft-Windows-WMI","DESKTOP-7KP8ILC","Windows Management Instrumentation Service started sucessfully"
"9/8/2026 5:29:47 PM","1531","Information","Microsoft-Windows-User Profiles Service","DESKTOP-7KP8ILC","The User Profile Service has started successfully."
"9/8/2026 5:29:52 PM","1532","Information","Microsoft-Windows-User Profiles Service","DESKTOP-7KP8ILC","The User Profile Service has stopped."
"9/8/2026 5:29:51 PM","10001","Information","Microsoft-Windows-RestartManager","DESKTOP-7KP8ILC","Ending session 0 started ‎2026‎-‎09‎-‎09T00:29:51.100616200Z."
"9/8/2026 5:29:51 PM","10000","Information","Microsoft-Windows-RestartManager","DESKTOP-7KP8ILC","Starting session 0 - ‎2026‎-‎09‎-‎09T00:29:51.100616200Z."
"9/8/2026 5:29:50 PM","1001","Information","Windows Error Reporting","DESKTOP-7KP8ILC","Fault bucket , type 0 Event Name: StoreAgentDownloadFailure1 Response: Not available Cab Id: 0 Problem signature: P1: Acquisition;setup-StartProductInstallWithOptionsAsync P2: 8024001e P3: 26200 P4: 8037 P5: Windows.Desktop P6: L P7: P8: P9: P10: Attached files: These files may be available here: \\?\C:\ProgramData\Microsoft\Windows\WER\ReportQueue\NonCritical_Acquisition;setu_9c165341cab489d75d2bffb7bd44b624dd33fc_00000000_f3d944e9-82a3-431f-8add-ff6beb631b7f Analysis symbol: Rechecking for solution: 0 Report Id: f3d944e9-82a3-431f-8add-ff6beb631b7f Report Status: 4 Hashed bucket: Cab Guid: 0"
"9/8/2026 5:29:48 PM","6000","Information","Microsoft-Windows-Winlogon","DESKTOP-7KP8ILC","The winlogon notification subscriber <SessionEnv> was unavailable to handle a notification event."
"9/8/2026 5:29:48 PM","6000","Information","Microsoft-Windows-Winlogon","DESKTOP-7KP8ILC","The winlogon notification subscriber <WSearch> was unavailable to handle a notification event."
"9/8/2026 5:29:30 PM","10001","Information","Microsoft-Windows-RestartManager","DESKTOP-7KP8ILC","Ending session 0 started ‎2026‎-‎09‎-‎09T00:29:30.662684700Z."
"9/8/2026 5:29:30 PM","10005","Information","Microsoft-Windows-RestartManager","DESKTOP-7KP8ILC","Machine restart is required."
"9/8/2026 5:29:30 PM","10010","Warning","Microsoft-Windows-RestartManager","DESKTOP-7KP8ILC","Application 'C:\Windows\System32\RuntimeBroker.exe' (pid 6624) cannot be restarted - Application SID does not match Conductor SID.."
"9/8/2026 5:29:30 PM","10010","Warning","Microsoft-Windows-RestartManager","DESKTOP-7KP8ILC","Application 'C:\Windows\System32\WWAHost.exe' (pid 6488) cannot be restarted - Application SID does not match Conductor SID.."
"9/8/2026 5:29:30 PM","10010","Warning","Microsoft-Windows-RestartManager","DESKTOP-7KP8ILC","Application 'C:\Windows\explorer.exe' (pid 5620) cannot be restarted - Application SID does not match Conductor SID.."
"9/8/2026 5:29:30 PM","10000","Information","Microsoft-Windows-RestartManager","DESKTOP-7KP8ILC","Starting session 0 - ‎2026‎-‎09‎-‎09T00:29:30.662684700Z."
"9/8/2026 5:29:20 PM","15","Information","SecurityCenter","DESKTOP-7KP8ILC","Updated Windows Defender status successfully to SECURITY_PRODUCT_STATE_ON."
"9/8/2026 5:29:20 PM","16","Error","SecurityCenter","DESKTOP-7KP8ILC","Error while updating Windows Defender status to SECURITY_PRODUCT_STATE_ON."
"9/8/2026 5:29:18 PM","1","Information","SecurityCenter","DESKTOP-7KP8ILC","The Windows Security Center Service has started."
"9/8/2026 5:29:18 PM","1001","Information","Windows Error Reporting","DESKTOP-7KP8ILC","Fault bucket , type 0 Event Name: crashpad_log Response: Not available Cab Id: 0 Problem signature: P1: setup.exe P2: 152.0.4191.66 P3: EdgeInstallerError|msedge P4: 0x220 P5: P6: P7: P8: P9: P10: Attached files: These files may be available here: \\?\C:\ProgramData\Microsoft\Windows\WER\ReportQueue\NonCritical_setup.exe_53b587e644b9c50766a25b49161f4677c4cbc6_00000000_c4389e64-0406-4d1b-813f-376210b76e94 Analysis symbol: Rechecking for solution: 0 Report Id: c4389e64-0406-4d1b-813f-376210b76e94 Report Status: 6 Hashed bucket: Cab Guid: 0"
"9/8/2026 5:29:13 PM","1001","Information","Windows Error Reporting","DESKTOP-7KP8ILC","Fault bucket , type 0 Event Name: crashpad_log Response: Not available Cab Id: 0 Problem signature: P1: setup.exe P2: 152.0.4191.66 P3: EdgeInstallerError|msedge P4: 0x220 P5: P6: P7: P8: P9: P10: Attached files: \\?\C:\Windows\SystemTemp\msedge_installer.log These files may be available here: NULL Analysis symbol: Rechecking for solution: 0 Report Id: c4389e64-0406-4d1b-813f-376210b76e94 Report Status: 262148 Hashed bucket: Cab Guid: 0"
"9/8/2026 5:29:13 PM","1001","Information","Windows Error Reporting","DESKTOP-7KP8ILC","Fault bucket , type 0 Event Name: crashpad_log Response: Not available Cab Id: 0 Problem signature: P1: setup.exe P2: 152.0.4191.66 P3: EdgeInstallerError|msedge P4: 0x220 P5: P6: P7: P8: P9: P10: Attached files: These files may be available here: \\?\C:\ProgramData\Microsoft\Windows\WER\ReportQueue\NonCritical_setup.exe_53b587e644b9c50766a25b49161f4677c4cbc6_00000000_c4389e64-0406-4d1b-813f-376210b76e94 Analysis symbol: Rechecking for solution: 0 Report Id: c4389e64-0406-4d1b-813f-376210b76e94 Report Status: 6 Hashed bucket: Cab Guid: 0"
"9/8/2026 5:29:10 PM","2562",,"Microsoft-Windows-AppXDeploymentServer/Operational","DESKTOP-7KP8ILC",""
"9/8/2026 5:29:05 PM","4097","Information","Microsoft-Windows-CAPI2","DESKTOP-7KP8ILC","Successful auto update of third-party root certificate:: Subject: <CN=DigiCert Assured ID Root CA, OU=www.digicert.com, O=DigiCert Inc, C=US> Sha1 thumbprint: <0563B8630D62D75ABBC8AB1E4BDFB5A899B24D43>."
"9/8/2026 5:29:05 PM","4111","Information","Microsoft-Windows-CAPI2","DESKTOP-7KP8ILC","Successful automatic update of third-party root list with effective date: ‎Tuesday, ‎August ‎25, ‎2026 8:24:34 AM."
"9/8/2026 5:29:05 PM","4108","Information","Microsoft-Windows-CAPI2","DESKTOP-7KP8ILC","Successful auto delete of third-party root certificate:: Subject: <OU=Class 3 Public Primary Certification Authority, O=""VeriSign, Inc."", C=US> Sha1 thumbprint: <4F65566336DB6598581D584A596C87934D5F2AB4>."
"9/8/2026 5:29:05 PM","4109","Information","Microsoft-Windows-CAPI2","DESKTOP-7KP8ILC","Successful auto property update of third-party root certificate:: Subject: <OU=Class 3 Public Primary Certification Authority, O=""VeriSign, Inc."", C=US> Sha1 thumbprint: <742C3192E607E424EB4549542BE1BBC53E6174E2>."
"9/8/2026 5:29:04 PM","4113","Information","Microsoft-Windows-CAPI2","DESKTOP-7KP8ILC","Successful auto-update of pin rules with effective date: ‎Thursday, ‎June ‎1, ‎2017 12:28:59 AM."
"9/8/2026 5:28:28 PM","0","Information","edgeupdate","DESKTOP-7KP8ILC","Service stopped."
"9/8/2026 5:28:27 PM","0","Information","edgeupdate","DESKTOP-7KP8ILC","Service stopped."
"9/8/2026 5:28:06 PM","4097","Information","Microsoft-Windows-CAPI2","DESKTOP-7KP8ILC","Successful auto update of third-party root certificate:: Subject: <CN=DigiCert Global Root G3, OU=www.digicert.com, O=DigiCert Inc, C=US> Sha1 thumbprint: <7E04DE896A3E666D00E687D33FFAD93BE83D349E>."
"9/8/2026 5:27:53 PM","24","Warning","Microsoft-Windows-AppModel-State","DESKTOP-7KP8ILC","Repair of state locations for operation InitializeDataChangedSignaler against package Microsoft.Windows.ContentDeliveryManager_cw5n1h2txyewy with error -2147024894 returned Error Code: 0"
"9/8/2026 5:27:53 PM","23","Warning","Microsoft-Windows-AppModel-State","DESKTOP-7KP8ILC","Triggered repair of state locations because operation InitializeDataChangedSignaler against package Microsoft.Windows.ContentDeliveryManager_cw5n1h2txyewy hit error -2147024894."
"9/8/2026 5:27:42 PM","24","Warning","Microsoft-Windows-AppModel-State","DESKTOP-7KP8ILC","Repair of state locations for operation InitializeDataChangedSignaler against package Microsoft.AAD.BrokerPlugin_cw5n1h2txyewy with error -2147024894 returned Error Code: 0"
"9/8/2026 5:27:42 PM","23","Warning","Microsoft-Windows-AppModel-State","DESKTOP-7KP8ILC","Triggered repair of state locations because operation InitializeDataChangedSignaler against package Microsoft.AAD.BrokerPlugin_cw5n1h2txyewy hit error -2147024894."
"9/8/2026 5:27:39 PM","24","Warning","Microsoft-Windows-AppModel-State","DESKTOP-7KP8ILC","Repair of state locations for operation InitializeDataChangedSignaler against package Microsoft.Windows.CloudExperienceHost_cw5n1h2txyewy with error -2147024894 returned Error Code: 0"
"9/8/2026 5:27:38 PM","23","Warning","Microsoft-Windows-AppModel-State","DESKTOP-7KP8ILC","Triggered repair of state locations because operation InitializeDataChangedSignaler against package Microsoft.Windows.CloudExperienceHost_cw5n1h2txyewy hit error -2147024894."
"9/8/2026 5:27:34 PM","6000","Information","Microsoft-Windows-Winlogon","DESKTOP-7KP8ILC","The winlogon notification subscriber <SessionEnv> was unavailable to handle a notification event."
"9/8/2026 5:27:33 PM","6003","Information","Microsoft-Windows-Winlogon","DESKTOP-7KP8ILC","The winlogon notification subscriber <SessionEnv> was unavailable to handle a critical notification event."
"9/8/2026 5:27:28 PM","5617","Information","Microsoft-Windows-WMI","DESKTOP-7KP8ILC","Windows Management Instrumentation Service subsystems initialized successfully"
"9/8/2026 9:26:31 AM","1003","Information","Microsoft-Windows-Search","DESKTOP-7KP8ILC","The Windows Search Service started."
"9/8/2026 9:26:31 AM","1005","Information","Microsoft-Windows-Search","DESKTOP-7KP8ILC","The Windows Search Service has successfully created the new search index."
"9/8/2026 9:26:31 AM","1004","Information","Microsoft-Windows-Search","DESKTOP-7KP8ILC","The Windows Search service is creating the new search index {Reason: Full Index Reset}."
"9/8/2026 9:26:30 AM","1010","Information","Microsoft-Windows-Search","DESKTOP-7KP8ILC","The Windows Search Service has successfully removed the old search index."
"9/8/2026 9:26:30 AM","1008","Warning","Microsoft-Windows-Search","DESKTOP-7KP8ILC","The Windows Search Service is starting up and attempting to remove the old search index {Reason: Full Index Reset}."
"9/8/2026 9:26:30 AM","5","Information","Microsoft-Windows-Search-ProfileNotify","DESKTOP-7KP8ILC","Windows Search Service has created default configuration for new user 'DESKTOP-7KP8ILC\defaultuser0' ."
"9/8/2026 9:26:29 AM","5615","Information","Microsoft-Windows-WMI","DESKTOP-7KP8ILC","Windows Management Instrumentation Service started sucessfully"
"9/8/2026 9:26:21 AM","1531","Information","Microsoft-Windows-User Profiles Service","DESKTOP-7KP8ILC","The User Profile Service has started successfully."
"9/8/2026 9:26:28 AM","4625","Information","Microsoft-Windows-EventSystem","DESKTOP-7KP8ILC","The EventSystem sub system is suppressing duplicate event log entries for a duration of 86400 seconds. The suppression timeout can be controlled by a REG_DWORD value named SuppressDuplicateDuration under the following registry key: HKLM\Software\Microsoft\EventSystem\EventLog."
"9/8/2026 9:26:26 AM","1532","Information","Microsoft-Windows-User Profiles Service","WIN-58HVAS5ORR7","The User Profile Service has stopped."
"9/8/2026 9:25:18 AM","4097","Information","Microsoft-Windows-CAPI2","WIN-58HVAS5ORR7","Successful auto update of third-party root certificate:: Subject: <CN=DigiCert Global Root G2, OU=www.digicert.com, O=DigiCert Inc, C=US> Sha1 thumbprint: <DF3C24F9BFD666761B268073FE06D1CC8D4F82A4>."
"9/8/2026 9:25:09 AM","4112","Information","Microsoft-Windows-CAPI2","WIN-58HVAS5ORR7","Successful automatic update of disallowed certificate list with effective date: ‎Friday, ‎September ‎5, ‎2025 4:20:48 AM."
"9/8/2026 9:24:58 AM","0","Information","edgeupdate","WIN-58HVAS5ORR7","Service stopped."
"9/8/2026 9:24:31 AM","5617","Information","Microsoft-Windows-WMI","WIN-58HVAS5ORR7","Windows Management Instrumentation Service subsystems initialized successfully"
"9/8/2026 9:24:30 AM","5615","Information","Microsoft-Windows-WMI","WIN-58HVAS5ORR7","Windows Management Instrumentation Service started sucessfully"
"9/8/2026 9:24:24 AM","1531","Information","Microsoft-Windows-User Profiles Service","WIN-58HVAS5ORR7","The User Profile Service has started successfully."
