"TimeCreated","Id","LevelDisplayName","ProviderName","MachineName","Message"
"9/9/2026 4:30:22 AM","18","Information","TPM","CRASHLAB-01","This event triggers the Trusted Platform Module (TPM) provisioning/status check to run."
"9/9/2026 4:30:19 AM","7026","Information","Service Control Manager","CRASHLAB-01","The following boot-start or system-start driver(s) did not load: dam uiomap"
"9/9/2026 4:30:19 AM","1040","Error","Microsoft-Windows-TPM-WMI","CRASHLAB-01","Pre-attestation health checks confirm a critical component has failed, and the device is not expected to pass attestation. Please see C:\WINDOWS\Logs\MeasuredBoot\0000000012-0000000000.json for detailed information on what checks were made."
"9/9/2026 4:30:19 AM","1041","Information","Microsoft-Windows-TPM-WMI","CRASHLAB-01","Pre-attestation health check detailed information: {""Version"":1,""HealthStatus"":""Cannot be attested"",""Required"":[{""Field"":""TpmPresent"",""Value"":true,""DesiredValue"":true},{""Field"":""TpmMeetsMinimumVersion"",""Value"":true,""DesiredValue"":true},{""Field"":""TpmIsResponsive"",""Value"":true,""DesiredValue"":true},{""Field"":""EkCertIsAvailable"",""Value"":false,""DesiredValue"":true},{""Field"":""TcgLogFound"",""Value"":true,""DesiredValue"":true}],""Expected"":[{""Field"":""PcrsMatchTcgLog"",""Value"":true,""DesiredValue"":true}],""Informational"":[{""Field"":""SecureBootEnabled"",""ValueFromComputer"":false,""ValueFromTcgLog"":false,""DesiredValue"":true,""TcgValueIsVerifiable"":true},{""Field"":""VirtualSecureMemory"",""ValueFromComputer"":false,""ValueFromTcgLog"":false,""DesiredValue"":true,""TcgValueIsVerifiable"":true},{""Field"":""SecureCorePCCompliant"",""ValueFromComputer"":false,""ValueFromTcgLog"":false,""DesiredValue"":true,""TcgValueIsVerifiable"":true}{""Field"":""BootTcgLogFoundInFileSystem"",""Value"":true,""DesiredValue"":true},{""Field"":""CurrentTcgLogFoundInFileSystem"",""Value"":true,""DesiredValue"":true}]}"
"9/9/2026 4:30:16 AM","112","Information","Microsoft-Windows-HttpService","CRASHLAB-01","Attempted to reserve URL http://+:10246/MDEServer/. Status 0x0. Process Id 0x4 Executable path , User S-1-5-18"
"9/9/2026 4:30:16 AM","112","Information","Microsoft-Windows-HttpService","CRASHLAB-01","Attempted to reserve URL http://+:10247/apps/. Status 0x0. Process Id 0x4 Executable path , User S-1-5-18"
"9/9/2026 4:30:16 AM","112","Information","Microsoft-Windows-HttpService","CRASHLAB-01","Attempted to reserve URL http://+:10243/WMPNSSv4/. Status 0x0. Process Id 0x4 Executable path , User S-1-5-18"
"9/9/2026 4:30:16 AM","112","Information","Microsoft-Windows-HttpService","CRASHLAB-01","Attempted to reserve URL https://+:10245/WMPNSSv4/. Status 0x0. Process Id 0x4 Executable path , User S-1-5-18"
"9/9/2026 4:30:16 AM","112","Information","Microsoft-Windows-HttpService","CRASHLAB-01","Attempted to reserve URL http://+:80/116B50EB-ECE2-41ac-8429-9F9E963361B7/. Status 0x0. Process Id 0x4 Executable path , User S-1-5-18"
"9/9/2026 4:30:16 AM","112","Information","Microsoft-Windows-HttpService","CRASHLAB-01","Attempted to reserve URL https://+:443/C574AC30-5794-4AEE-B1BB-6651C5315029/. Status 0x0. Process Id 0x4 Executable path , User S-1-5-18"
"9/9/2026 4:30:16 AM","112","Information","Microsoft-Windows-HttpService","CRASHLAB-01","Attempted to reserve URL http://+:80/0131501b-d67f-491b-9a40-c4bf27bcb4d4/. Status 0x0. Process Id 0x4 Executable path , User S-1-5-18"
"9/9/2026 4:30:16 AM","112","Information","Microsoft-Windows-HttpService","CRASHLAB-01","Attempted to reserve URL https://+:443/sra_{BA195980-CD49-458b-9E23-C84EE0ADCD75}/. Status 0x0. Process Id 0x4 Executable path , User S-1-5-18"
"9/9/2026 4:30:16 AM","112","Information","Microsoft-Windows-HttpService","CRASHLAB-01","Attempted to reserve URL https://+:3392/rdp/. Status 0x0. Process Id 0x4 Executable path , User S-1-5-18"
"9/9/2026 4:30:16 AM","112","Information","Microsoft-Windows-HttpService","CRASHLAB-01","Attempted to reserve URL http://+:5985/wsman/. Status 0x0. Process Id 0x4 Executable path , User S-1-5-18"
"9/9/2026 4:30:16 AM","112","Information","Microsoft-Windows-HttpService","CRASHLAB-01","Attempted to reserve URL http://+:47001/wsman/. Status 0x0. Process Id 0x4 Executable path , User S-1-5-18"
"9/9/2026 4:30:16 AM","112","Information","Microsoft-Windows-HttpService","CRASHLAB-01","Attempted to reserve URL https://+:5986/wsman/. Status 0x0. Process Id 0x4 Executable path , User S-1-5-18"
"9/9/2026 4:30:16 AM","112","Information","Microsoft-Windows-HttpService","CRASHLAB-01","Attempted to reserve URL http://*:2869/. Status 0x0. Process Id 0x4 Executable path , User S-1-5-18"
"9/9/2026 4:30:16 AM","112","Information","Microsoft-Windows-HttpService","CRASHLAB-01","Attempted to reserve URL https://*:5358/. Status 0x0. Process Id 0x4 Executable path , User S-1-5-18"
"9/9/2026 4:30:16 AM","112","Information","Microsoft-Windows-HttpService","CRASHLAB-01","Attempted to reserve URL http://+:80/Temporary_Listen_Addresses/. Status 0x0. Process Id 0x4 Executable path , User S-1-5-18"
"9/9/2026 4:30:16 AM","112","Information","Microsoft-Windows-HttpService","CRASHLAB-01","Attempted to reserve URL http://*:5357/. Status 0x0. Process Id 0x4 Executable path , User S-1-5-18"
"9/9/2026 4:30:16 AM","51046","Information","Microsoft-Windows-DHCPv6-Client","CRASHLAB-01","DHCPv6 client service is started"
"9/9/2026 4:30:16 AM","50036","Information","Microsoft-Windows-Dhcp-Client","CRASHLAB-01","DHCPv4 client service is started"
"9/9/2026 4:30:16 AM","50103","Information","Microsoft-Windows-Dhcp-Client","CRASHLAB-01","DHCPv4 client registered for shutdown notification"
"9/9/2026 4:30:16 AM","50036","Information","Microsoft-Windows-Dhcp-Client","CRASHLAB-01","DHCPv4 client service is started"
"9/9/2026 4:30:16 AM","6","Information","Microsoft-Windows-FilterManager","CRASHLAB-01","File System Filter 'bindflt' (10.0, ‎2081‎-‎10‎-‎17T14:34:26.000000000Z) has successfully loaded and registered with Filter Manager."
"9/9/2026 4:30:16 AM","6","Information","Microsoft-Windows-FilterManager","CRASHLAB-01","File System Filter 'UCPD' (10.0, ‎2061‎-‎11‎-‎20T00:48:12.000000000Z) has successfully loaded and registered with Filter Manager."
"9/9/2026 4:30:16 AM","6","Information","Microsoft-Windows-FilterManager","CRASHLAB-01","File System Filter 'storqosflt' (10.0, ‎2016‎-‎04‎-‎28T15:00:23.000000000Z) has successfully loaded and registered with Filter Manager."
"9/9/2026 4:30:16 AM","6","Information","Microsoft-Windows-FilterManager","CRASHLAB-01","File System Filter 'CldFlt' (10.0, ‎1991‎-‎05‎-‎02T13:16:55.000000000Z) has successfully loaded and registered with Filter Manager."
"9/9/2026 4:30:16 AM","1","Information","Microsoft-Windows-FilterManager","CRASHLAB-01","File System Filter 'CldFlt' (Version 10.0, ‎1991‎-‎05‎-‎02T13:16:55.000000000Z) unloaded successfully."
"9/9/2026 4:30:16 AM","6","Information","Microsoft-Windows-FilterManager","CRASHLAB-01","File System Filter 'CldFlt' (10.0, ‎1991‎-‎05‎-‎02T13:16:55.000000000Z) has successfully loaded and registered with Filter Manager."
"9/9/2026 4:30:16 AM","6","Information","Microsoft-Windows-FilterManager","CRASHLAB-01","File System Filter 'UnionFS' (10.0, ‎2017‎-‎11‎-‎02T22:31:51.000000000Z) has successfully loaded and registered with Filter Manager."
"9/9/2026 4:30:16 AM","6","Information","Microsoft-Windows-FilterManager","CRASHLAB-01","File System Filter 'wcifs' (10.0, ‎1985‎-‎11‎-‎26T07:47:21.000000000Z) has successfully loaded and registered with Filter Manager."
"9/9/2026 4:30:16 AM","6","Information","Microsoft-Windows-FilterManager","CRASHLAB-01","File System Filter 'luafv' (10.0, ‎2057‎-‎06‎-‎14T06:55:30.000000000Z) has successfully loaded and registered with Filter Manager."
"9/9/2026 4:30:16 AM","6","Information","Microsoft-Windows-FilterManager","CRASHLAB-01","File System Filter 'bfs' (10.0, ‎2086‎-‎03‎-‎20T04:03:22.000000000Z) has successfully loaded and registered with Filter Manager."
"9/9/2026 4:30:16 AM","6","Information","Microsoft-Windows-FilterManager","CRASHLAB-01","File System Filter 'applockerfltr' (10.0, ‎2033‎-‎08‎-‎14T04:35:15.000000000Z) has successfully loaded and registered with Filter Manager."
"9/9/2026 4:30:15 AM","16983","Information","Microsoft-Windows-Directory-Services-SAM","CRASHLAB-01","The security account manager is now logging periodic summary events for remote clients that call legacy password change or set RPC methods. For more information please see https://go.microsoft.com/fwlink/?linkid=2150956."
"9/9/2026 4:30:15 AM","16977","Information","Microsoft-Windows-Directory-Services-SAM","CRASHLAB-01","The domain is configured with the following minimum password length-related settings. MinimumPasswordLength: 0 RelaxMinimumPasswordLengthLimits: 0 MinimumPasswordLengthAudit: -1 For more information see https://go.microsoft.com/fwlink/?LinkId=2097191."
"9/9/2026 4:30:15 AM","16962","Information","Microsoft-Windows-Directory-Services-SAM","CRASHLAB-01","Remote calls to the SAM database are being restricted using the default security descriptor: O:SYG:SYD:(A;;RC;;;BA). For more information please see http://go.microsoft.com/fwlink/?LinkId=787651."
"9/9/2026 4:30:15 AM","6156","Information","LsaSrv","CRASHLAB-01","Credential Guard auto enablement status. Hardware Requirements for Virtualisation Based Security: 1 Domain Joined: 0 Azure AD Joined: 0 Licensed for Credential Guard: 0 Domain Controller: 0"
"9/9/2026 4:30:15 AM","12","Information","Microsoft-Windows-Wininit","CRASHLAB-01","LSASS.exe was started as a protected process with level: 4."
"9/9/2026 4:30:15 AM","14","Information","Microsoft-Windows-Wininit","CRASHLAB-01","Credential Guard configuration: Registry Configuration: 0x0 Test Configuration: 0 Auto Enablement: 0"
"9/9/2026 4:30:15 AM","23","Information","Microsoft-Windows-Wininit","CRASHLAB-01","Boot App Anti-Rollback: Initialise Completed with status: HRESULT: The operation completed successfully. New timer needed: false New timer waiting for system update completion: false Previous latch timer exists but disabled by registry: false"
"9/9/2026 4:30:15 AM","25","Information","Microsoft-Windows-Wininit","CRASHLAB-01","Boot App Anti-Rollback: Previous timer resumed with status: HRESULT: The operation completed successfully. Previous timer present: false Start time: ‎1601‎-‎01‎-‎01T00:00:00.000000000Z Grace period: 0 Attempted recovery enforcement succeeded: false"
"9/9/2026 4:30:15 AM","19","Information","Microsoft-Windows-Wininit","CRASHLAB-01","Virtualisation Based Security new timer creation status HRESULT: The operation completed successfully. New latch timer needed: false New latch timer waiting for system update completion: false Previous latch timer exists but disabled by registry: false Policy file exists: false"
"9/9/2026 4:30:15 AM","24","Information","Microsoft-Windows-Kernel-General","CRASHLAB-01","The time zone information was refreshed with exit reason 0. Current time zone bias is 420."
"9/9/2026 4:30:15 AM","98","Information","Microsoft-Windows-Ntfs","CRASHLAB-01","Volume \\?\Volume{a6c16a98-825c-474d-aa27-6e56c6cf4e9b} (\Device\HarddiskVolume4) is healthy. No action is needed."
"9/9/2026 4:30:12 AM","55","Information","Microsoft-Windows-Kernel-Processor-Power","CRASHLAB-01","Processor 1 in group 0 exposes the following power management capabilities: Idle state type: ACPI Idle (C) States (1 state(s)) Performance state type: None Nominal Frequency (MHz): 3600 Maximum performance percentage: 100 Minimum performance percentage: 100 Minimum throttle percentage: 100"
"9/9/2026 4:30:12 AM","55","Information","Microsoft-Windows-Kernel-Processor-Power","CRASHLAB-01","Processor 0 in group 0 exposes the following power management capabilities: Idle state type: ACPI Idle (C) States (1 state(s)) Performance state type: None Nominal Frequency (MHz): 3600 Maximum performance percentage: 100 Minimum performance percentage: 100 Minimum throttle percentage: 100"
"9/9/2026 4:30:12 AM","172","Information","Microsoft-Windows-Kernel-Power","CRASHLAB-01","Connectivity state in standby: Disconnected, Reason: NIC compliance"
"9/9/2026 4:30:12 AM","6","Information","Microsoft-Windows-FilterManager","CRASHLAB-01","File System Filter 'npsvctrig' (10.0, ‎1978‎-‎05‎-‎14T02:13:30.000000000Z) has successfully loaded and registered with Filter Manager."
"9/9/2026 4:30:12 AM","6","Information","Microsoft-Windows-FilterManager","CRASHLAB-01","File System Filter 'FileCrypt' (10.0, ‎2075‎-‎08‎-‎31T15:07:07.000000000Z) has successfully loaded and registered with Filter Manager."
"9/9/2026 4:30:12 AM","98","Information","Microsoft-Windows-Ntfs","CRASHLAB-01","Volume C: (\Device\HarddiskVolume3) is healthy. No action is needed."
"9/9/2026 4:30:11 AM","6","Information","Microsoft-Windows-FilterManager","CRASHLAB-01","File System Filter 'WdFilter' (10.0, ‎2028‎-‎06‎-‎06T02:57:32.000000000Z) has successfully loaded and registered with Filter Manager."
"9/9/2026 4:30:11 AM","6","Information","Microsoft-Windows-FilterManager","CRASHLAB-01","File System Filter 'Wof' (10.0, ‎2089‎-‎07‎-‎14T19:58:05.000000000Z) has successfully loaded and registered with Filter Manager."
"9/9/2026 4:30:11 AM","6","Information","Microsoft-Windows-FilterManager","CRASHLAB-01","File System Filter 'FileInfo' (10.0, ‎2093‎-‎04‎-‎01T18:29:43.000000000Z) has successfully loaded and registered with Filter Manager."
"9/9/2026 4:30:11 AM","16","Information","Microsoft-Windows-HAL","CRASHLAB-01","IOMMU fault reporting has been initialized."
"9/9/2026 4:30:11 AM","20","Information","Microsoft-Windows-Kernel-General","CRASHLAB-01","The leap second configuration has been updated. Reason: Leap second data initialized from registry during boot Leap seconds enabled: true New leap second count: 0 Old leap second count: 0"
"9/9/2026 4:30:11 AM","32","Information","Microsoft-Windows-Kernel-Boot","CRASHLAB-01","The bootmgr spent 0 ms waiting for user input."
"9/9/2026 4:30:11 AM","18","Information","Microsoft-Windows-Kernel-Boot","CRASHLAB-01","There are 0x1 boot options on this system."
"9/9/2026 4:30:11 AM","27","Information","Microsoft-Windows-Kernel-Boot","CRASHLAB-01","The boot type was 0x0."
"9/9/2026 4:30:11 AM","25","Information","Microsoft-Windows-Kernel-Boot","CRASHLAB-01","The boot menu policy was 0x1."
"9/9/2026 4:30:11 AM","238","Information","Microsoft-Windows-Kernel-Boot","CRASHLAB-01","EFI time zone bias: 2047. Daylight flags: 0. Firmware time: ‎2026‎-‎09‎-‎09T04:30:11.000000000Z."
"9/9/2026 4:30:11 AM","247","Information","Microsoft-Windows-Kernel-Boot","CRASHLAB-01","Unable to load Pluton-Windows firmware. StatusCode: STATUS_SUCCESS, Reason: Failed to apply firmware."
"9/9/2026 4:30:11 AM","20","Information","Microsoft-Windows-Kernel-Boot","CRASHLAB-01","The last shutdown's success status was true. The last boot's success status was true."
"9/9/2026 4:30:11 AM","153","Information","Microsoft-Windows-Kernel-Boot","CRASHLAB-01","Virtualization-based security (policies: 0) is disabled."
"9/9/2026 4:30:11 AM","25","Information","Microsoft-Windows-Kernel-General","CRASHLAB-01","The system time was initialized to ‎2026‎-‎09‎-‎09T11:30:11.500000000Z. Loader time: ‎2026‎-‎09‎-‎09T11:30:11.000000000Z Internal boot flags: 0x2 HAL RTC error code: 0x0 RTC time is in UTC: false Soft boot: false Success: true Phase: 0"
"9/9/2026 4:30:11 AM","12","Information","Microsoft-Windows-Kernel-General","CRASHLAB-01","The operating system started at system time ‎2026‎-‎09‎-‎09T11:30:11.500000000Z."
"9/8/2026 6:18:05 PM","13","Information","Microsoft-Windows-Kernel-General","CRASHLAB-01","The operating system is shutting down at system time ‎2026‎-‎09‎-‎09T01:18:05.325485300Z."
"9/8/2026 6:18:05 PM","577","Information","Microsoft-Windows-Kernel-Power","CRASHLAB-01","The system has prepared for a system initiated reboot from Active."
"9/8/2026 6:18:04 PM","109","Information","Microsoft-Windows-Kernel-Power","CRASHLAB-01","The kernel power manager has initiated a shutdown transition. Action: Power Action Shutdown Event Code: 0x0 Reason: Kernel API"
"9/9/2026 4:30:16 AM","6013","Information","EventLog","CRASHLAB-01","The system uptime is 5 seconds."
"9/9/2026 4:30:16 AM","6005","Information","EventLog","CRASHLAB-01","The Event log service was started."
"9/9/2026 4:30:16 AM","6009","Information","EventLog","CRASHLAB-01","Microsoft (R) Windows (R) 10.00. 26200 Multiprocessor Free."
"9/8/2026 6:18:04 PM","50037","Information","Microsoft-Windows-Dhcp-Client","CRASHLAB-01","DHCPv4 client service is stopped. ShutDown Flag value is 1"
"9/8/2026 6:18:04 PM","51057","Information","Microsoft-Windows-DHCPv6-Client","CRASHLAB-01","DHCPv6 client service stop is almost done.DHCP Context Ref count is 1"
"9/8/2026 6:18:04 PM","51047","Information","Microsoft-Windows-DHCPv6-Client","CRASHLAB-01","DHCPv6 client service is stopped. ShutDown Flag value is 1"
"9/8/2026 6:18:04 PM","50106","Information","Microsoft-Windows-Dhcp-Client","CRASHLAB-01","DHCPv4 is waiting on DHCPv6 service to stop"
"9/8/2026 6:18:04 PM","50105","Information","Microsoft-Windows-Dhcp-Client","CRASHLAB-01","DHCPv4 client ProcessDHCPRequestForever received TERMINATE_EVENT"
"9/8/2026 6:18:04 PM","50104","Information","Microsoft-Windows-Dhcp-Client","CRASHLAB-01","DHCPv4 client received shutdown notification"
"9/8/2026 6:18:03 PM","7002","Information","Microsoft-Windows-Winlogon","CRASHLAB-01","User Log-off Notification for Customer Experience Improvement Program"
"9/8/2026 6:18:04 PM","6006","Information","EventLog","CRASHLAB-01","The Event log service was stopped."
"9/8/2026 6:18:02 PM","10010","Error","Microsoft-Windows-DistributedCOM","CRASHLAB-01","The server {544C4C52-DE0B-4D14-9510-21745381D5CA} did not register with DCOM within the required timeout."
"9/8/2026 6:18:01 PM","1074","Information","User32","CRASHLAB-01","The process C:\WINDOWS\system32\wbem\wmiprvse.exe (CRASHLAB-01) has initiated the shutdown of computer CRASHLAB-01 on behalf of user CRASHLAB-01\CRASHLAB-GOLDEN for the following reason: No title for this reason could be found Reason Code: 0x80070015 Shut-down Type: shutdown Comment:"
"9/8/2026 6:17:21 PM","10010","Error","Microsoft-Windows-DistributedCOM","CRASHLAB-01","The server {A7451292-7906-414C-BB7B-DFD32C749E5C} did not register with DCOM within the required timeout."
"9/8/2026 6:17:14 PM","7001","Information","Microsoft-Windows-Winlogon","CRASHLAB-01","User Log-on Notification for Customer Experience Improvement Program"
"9/8/2026 6:16:55 PM","1025","Information","Microsoft-Windows-TPM-WMI","CRASHLAB-01","The TPM was successfully provisioned and is now ready for use."
"9/8/2026 6:16:55 PM","1282","Information","Microsoft-Windows-TPM-WMI","CRASHLAB-01","The TBS device identifier has been generated."
"9/8/2026 6:16:50 PM","18","Information","TPM","CRASHLAB-01","This event triggers the Trusted Platform Module (TPM) provisioning/status check to run."
"9/8/2026 6:16:49 PM","7026","Information","Service Control Manager","CRASHLAB-01","The following boot-start or system-start driver(s) did not load: dam uiomap"
"9/8/2026 6:16:48 PM","1040","Error","Microsoft-Windows-TPM-WMI","CRASHLAB-01","Pre-attestation health checks confirm a critical component has failed, and the device is not expected to pass attestation. Please see C:\WINDOWS\Logs\MeasuredBoot\0000000011-0000000000.json for detailed information on what checks were made."
"9/8/2026 6:16:48 PM","1041","Information","Microsoft-Windows-TPM-WMI","CRASHLAB-01","Pre-attestation health check detailed information: {""Version"":1,""HealthStatus"":""Cannot be attested"",""Required"":[{""Field"":""TpmPresent"",""Value"":true,""DesiredValue"":true},{""Field"":""TpmMeetsMinimumVersion"",""Value"":true,""DesiredValue"":true},{""Field"":""TpmIsResponsive"",""Value"":true,""DesiredValue"":true},{""Field"":""EkCertIsAvailable"",""Value"":false,""DesiredValue"":true},{""Field"":""TcgLogFound"",""Value"":true,""DesiredValue"":true}],""Expected"":[{""Field"":""PcrsMatchTcgLog"",""Value"":true,""DesiredValue"":true}],""Informational"":[{""Field"":""SecureBootEnabled"",""ValueFromComputer"":false,""ValueFromTcgLog"":false,""DesiredValue"":true,""TcgValueIsVerifiable"":true},{""Field"":""VirtualSecureMemory"",""ValueFromComputer"":false,""ValueFromTcgLog"":false,""DesiredValue"":true,""TcgValueIsVerifiable"":true},{""Field"":""SecureCorePCCompliant"",""ValueFromComputer"":false,""ValueFromTcgLog"":false,""DesiredValue"":true,""TcgValueIsVerifiable"":true}{""Field"":""BootTcgLogFoundInFileSystem"",""Value"":true,""DesiredValue"":true},{""Field"":""CurrentTcgLogFoundInFileSystem"",""Value"":true,""DesiredValue"":true}]}"
"9/8/2026 6:16:45 PM","112","Information","Microsoft-Windows-HttpService","CRASHLAB-01","Attempted to reserve URL http://+:10246/MDEServer/. Status 0x0. Process Id 0x4 Executable path , User S-1-5-18"
"9/8/2026 6:16:45 PM","112","Information","Microsoft-Windows-HttpService","CRASHLAB-01","Attempted to reserve URL http://+:10247/apps/. Status 0x0. Process Id 0x4 Executable path , User S-1-5-18"
"9/8/2026 6:16:45 PM","112","Information","Microsoft-Windows-HttpService","CRASHLAB-01","Attempted to reserve URL http://+:10243/WMPNSSv4/. Status 0x0. Process Id 0x4 Executable path , User S-1-5-18"
"9/8/2026 6:16:45 PM","112","Information","Microsoft-Windows-HttpService","CRASHLAB-01","Attempted to reserve URL https://+:10245/WMPNSSv4/. Status 0x0. Process Id 0x4 Executable path , User S-1-5-18"
"9/8/2026 6:16:45 PM","112","Information","Microsoft-Windows-HttpService","CRASHLAB-01","Attempted to reserve URL http://+:80/116B50EB-ECE2-41ac-8429-9F9E963361B7/. Status 0x0. Process Id 0x4 Executable path , User S-1-5-18"
"9/8/2026 6:16:45 PM","112","Information","Microsoft-Windows-HttpService","CRASHLAB-01","Attempted to reserve URL https://+:443/C574AC30-5794-4AEE-B1BB-6651C5315029/. Status 0x0. Process Id 0x4 Executable path , User S-1-5-18"
"9/8/2026 6:16:45 PM","112","Information","Microsoft-Windows-HttpService","CRASHLAB-01","Attempted to reserve URL http://+:80/0131501b-d67f-491b-9a40-c4bf27bcb4d4/. Status 0x0. Process Id 0x4 Executable path , User S-1-5-18"
"9/8/2026 6:16:45 PM","112","Information","Microsoft-Windows-HttpService","CRASHLAB-01","Attempted to reserve URL https://+:443/sra_{BA195980-CD49-458b-9E23-C84EE0ADCD75}/. Status 0x0. Process Id 0x4 Executable path , User S-1-5-18"
"9/8/2026 6:16:45 PM","112","Information","Microsoft-Windows-HttpService","CRASHLAB-01","Attempted to reserve URL https://+:3392/rdp/. Status 0x0. Process Id 0x4 Executable path , User S-1-5-18"
"9/8/2026 6:16:45 PM","112","Information","Microsoft-Windows-HttpService","CRASHLAB-01","Attempted to reserve URL http://+:5985/wsman/. Status 0x0. Process Id 0x4 Executable path , User S-1-5-18"
"9/8/2026 6:16:45 PM","112","Information","Microsoft-Windows-HttpService","CRASHLAB-01","Attempted to reserve URL http://+:47001/wsman/. Status 0x0. Process Id 0x4 Executable path , User S-1-5-18"
"9/8/2026 6:16:45 PM","112","Information","Microsoft-Windows-HttpService","CRASHLAB-01","Attempted to reserve URL https://+:5986/wsman/. Status 0x0. Process Id 0x4 Executable path , User S-1-5-18"
"9/8/2026 6:16:45 PM","112","Information","Microsoft-Windows-HttpService","CRASHLAB-01","Attempted to reserve URL http://*:2869/. Status 0x0. Process Id 0x4 Executable path , User S-1-5-18"
"9/8/2026 6:16:45 PM","112","Information","Microsoft-Windows-HttpService","CRASHLAB-01","Attempted to reserve URL https://*:5358/. Status 0x0. Process Id 0x4 Executable path , User S-1-5-18"
"9/8/2026 6:16:45 PM","112","Information","Microsoft-Windows-HttpService","CRASHLAB-01","Attempted to reserve URL http://+:80/Temporary_Listen_Addresses/. Status 0x0. Process Id 0x4 Executable path , User S-1-5-18"
"9/8/2026 6:16:45 PM","112","Information","Microsoft-Windows-HttpService","CRASHLAB-01","Attempted to reserve URL http://*:5357/. Status 0x0. Process Id 0x4 Executable path , User S-1-5-18"
"9/8/2026 6:16:45 PM","51046","Information","Microsoft-Windows-DHCPv6-Client","CRASHLAB-01","DHCPv6 client service is started"
"9/8/2026 6:16:45 PM","50036","Information","Microsoft-Windows-Dhcp-Client","CRASHLAB-01","DHCPv4 client service is started"
"9/8/2026 6:16:45 PM","50103","Information","Microsoft-Windows-Dhcp-Client","CRASHLAB-01","DHCPv4 client registered for shutdown notification"
"9/8/2026 6:16:45 PM","50036","Information","Microsoft-Windows-Dhcp-Client","CRASHLAB-01","DHCPv4 client service is started"
"9/8/2026 6:16:45 PM","6","Information","Microsoft-Windows-FilterManager","CRASHLAB-01","File System Filter 'bindflt' (10.0, ‎2081‎-‎10‎-‎17T14:34:26.000000000Z) has successfully loaded and registered with Filter Manager."
"9/8/2026 6:16:45 PM","6","Information","Microsoft-Windows-FilterManager","CRASHLAB-01","File System Filter 'UCPD' (10.0, ‎2061‎-‎11‎-‎20T00:48:12.000000000Z) has successfully loaded and registered with Filter Manager."
"9/8/2026 6:16:45 PM","6","Information","Microsoft-Windows-FilterManager","CRASHLAB-01","File System Filter 'storqosflt' (10.0, ‎2016‎-‎04‎-‎28T15:00:23.000000000Z) has successfully loaded and registered with Filter Manager."
"9/8/2026 6:16:45 PM","6","Information","Microsoft-Windows-FilterManager","CRASHLAB-01","File System Filter 'UnionFS' (10.0, ‎2017‎-‎11‎-‎02T22:31:51.000000000Z) has successfully loaded and registered with Filter Manager."
"9/8/2026 6:16:45 PM","6","Information","Microsoft-Windows-FilterManager","CRASHLAB-01","File System Filter 'CldFlt' (10.0, ‎1991‎-‎05‎-‎02T13:16:55.000000000Z) has successfully loaded and registered with Filter Manager."
"9/8/2026 6:16:45 PM","1","Information","Microsoft-Windows-FilterManager","CRASHLAB-01","File System Filter 'CldFlt' (Version 10.0, ‎1991‎-‎05‎-‎02T13:16:55.000000000Z) unloaded successfully."
"9/8/2026 6:16:45 PM","6","Information","Microsoft-Windows-FilterManager","CRASHLAB-01","File System Filter 'CldFlt' (10.0, ‎1991‎-‎05‎-‎02T13:16:55.000000000Z) has successfully loaded and registered with Filter Manager."
"9/8/2026 6:16:45 PM","6","Information","Microsoft-Windows-FilterManager","CRASHLAB-01","File System Filter 'wcifs' (10.0, ‎1985‎-‎11‎-‎26T07:47:21.000000000Z) has successfully loaded and registered with Filter Manager."
"9/8/2026 6:16:45 PM","6","Information","Microsoft-Windows-FilterManager","CRASHLAB-01","File System Filter 'luafv' (10.0, ‎2057‎-‎06‎-‎14T06:55:30.000000000Z) has successfully loaded and registered with Filter Manager."
"9/8/2026 6:16:45 PM","6","Information","Microsoft-Windows-FilterManager","CRASHLAB-01","File System Filter 'bfs' (10.0, ‎2086‎-‎03‎-‎20T04:03:22.000000000Z) has successfully loaded and registered with Filter Manager."
"9/8/2026 6:16:44 PM","6","Information","Microsoft-Windows-FilterManager","CRASHLAB-01","File System Filter 'applockerfltr' (10.0, ‎2033‎-‎08‎-‎14T04:35:15.000000000Z) has successfully loaded and registered with Filter Manager."
"9/8/2026 6:16:43 PM","16983","Information","Microsoft-Windows-Directory-Services-SAM","CRASHLAB-01","The security account manager is now logging periodic summary events for remote clients that call legacy password change or set RPC methods. For more information please see https://go.microsoft.com/fwlink/?linkid=2150956."
"9/8/2026 6:16:43 PM","16977","Information","Microsoft-Windows-Directory-Services-SAM","CRASHLAB-01","The domain is configured with the following minimum password length-related settings. MinimumPasswordLength: 0 RelaxMinimumPasswordLengthLimits: 0 MinimumPasswordLengthAudit: -1 For more information see https://go.microsoft.com/fwlink/?LinkId=2097191."
"9/8/2026 6:16:43 PM","16962","Information","Microsoft-Windows-Directory-Services-SAM","CRASHLAB-01","Remote calls to the SAM database are being restricted using the default security descriptor: O:SYG:SYD:(A;;RC;;;BA). For more information please see http://go.microsoft.com/fwlink/?LinkId=787651."
"9/8/2026 6:16:43 PM","6156","Information","LsaSrv","CRASHLAB-01","Credential Guard auto enablement status. Hardware Requirements for Virtualisation Based Security: 1 Domain Joined: 0 Azure AD Joined: 0 Licensed for Credential Guard: 0 Domain Controller: 0"
"9/8/2026 6:16:43 PM","12","Information","Microsoft-Windows-Wininit","CRASHLAB-01","LSASS.exe was started as a protected process with level: 4."
"9/8/2026 6:16:43 PM","14","Information","Microsoft-Windows-Wininit","CRASHLAB-01","Credential Guard configuration: Registry Configuration: 0x0 Test Configuration: 0 Auto Enablement: 0"
"9/8/2026 6:16:43 PM","23","Information","Microsoft-Windows-Wininit","CRASHLAB-01","Boot App Anti-Rollback: Initialise Completed with status: HRESULT: The operation completed successfully. New timer needed: false New timer waiting for system update completion: false Previous latch timer exists but disabled by registry: false"
"9/8/2026 6:16:43 PM","25","Information","Microsoft-Windows-Wininit","CRASHLAB-01","Boot App Anti-Rollback: Previous timer resumed with status: HRESULT: The operation completed successfully. Previous timer present: false Start time: ‎1601‎-‎01‎-‎01T00:00:00.000000000Z Grace period: 0 Attempted recovery enforcement succeeded: false"
"9/8/2026 6:16:43 PM","19","Information","Microsoft-Windows-Wininit","CRASHLAB-01","Virtualisation Based Security new timer creation status HRESULT: The operation completed successfully. New latch timer needed: false New latch timer waiting for system update completion: false Previous latch timer exists but disabled by registry: false Policy file exists: false"
"9/8/2026 6:16:43 PM","24","Information","Microsoft-Windows-Kernel-General","CRASHLAB-01","The time zone information was refreshed with exit reason 0. Current time zone bias is 420."
"9/8/2026 6:16:43 PM","98","Information","Microsoft-Windows-Ntfs","CRASHLAB-01","Volume \\?\Volume{a6c16a98-825c-474d-aa27-6e56c6cf4e9b} (\Device\HarddiskVolume4) is healthy. No action is needed."
"9/8/2026 6:16:40 PM","55","Information","Microsoft-Windows-Kernel-Processor-Power","CRASHLAB-01","Processor 1 in group 0 exposes the following power management capabilities: Idle state type: ACPI Idle (C) States (1 state(s)) Performance state type: None Nominal Frequency (MHz): 3600 Maximum performance percentage: 100 Minimum performance percentage: 100 Minimum throttle percentage: 100"
"9/8/2026 6:16:40 PM","55","Information","Microsoft-Windows-Kernel-Processor-Power","CRASHLAB-01","Processor 0 in group 0 exposes the following power management capabilities: Idle state type: ACPI Idle (C) States (1 state(s)) Performance state type: None Nominal Frequency (MHz): 3600 Maximum performance percentage: 100 Minimum performance percentage: 100 Minimum throttle percentage: 100"
"9/8/2026 6:16:40 PM","172","Information","Microsoft-Windows-Kernel-Power","CRASHLAB-01","Connectivity state in standby: Disconnected, Reason: NIC compliance"
"9/8/2026 6:16:40 PM","6","Information","Microsoft-Windows-FilterManager","CRASHLAB-01","File System Filter 'npsvctrig' (10.0, ‎1978‎-‎05‎-‎14T02:13:30.000000000Z) has successfully loaded and registered with Filter Manager."
"9/8/2026 6:16:40 PM","6","Information","Microsoft-Windows-FilterManager","CRASHLAB-01","File System Filter 'FileCrypt' (10.0, ‎2075‎-‎08‎-‎31T15:07:07.000000000Z) has successfully loaded and registered with Filter Manager."
"9/8/2026 6:16:40 PM","98","Information","Microsoft-Windows-Ntfs","CRASHLAB-01","Volume C: (\Device\HarddiskVolume3) is healthy. No action is needed."
"9/8/2026 6:16:39 PM","6","Information","Microsoft-Windows-FilterManager","CRASHLAB-01","File System Filter 'WdFilter' (10.0, ‎2028‎-‎06‎-‎06T02:57:32.000000000Z) has successfully loaded and registered with Filter Manager."
"9/8/2026 6:16:39 PM","6","Information","Microsoft-Windows-FilterManager","CRASHLAB-01","File System Filter 'Wof' (10.0, ‎2089‎-‎07‎-‎14T19:58:05.000000000Z) has successfully loaded and registered with Filter Manager."
"9/8/2026 6:16:39 PM","6","Information","Microsoft-Windows-FilterManager","CRASHLAB-01","File System Filter 'FileInfo' (10.0, ‎2093‎-‎04‎-‎01T18:29:43.000000000Z) has successfully loaded and registered with Filter Manager."
"9/8/2026 6:16:39 PM","16","Information","Microsoft-Windows-HAL","CRASHLAB-01","IOMMU fault reporting has been initialized."
"9/8/2026 6:16:39 PM","20","Information","Microsoft-Windows-Kernel-General","CRASHLAB-01","The leap second configuration has been updated. Reason: Leap second data initialized from registry during boot Leap seconds enabled: true New leap second count: 0 Old leap second count: 0"
"9/8/2026 6:16:39 PM","32","Information","Microsoft-Windows-Kernel-Boot","CRASHLAB-01","The bootmgr spent 0 ms waiting for user input."
"9/8/2026 6:16:39 PM","18","Information","Microsoft-Windows-Kernel-Boot","CRASHLAB-01","There are 0x1 boot options on this system."
"9/8/2026 6:16:39 PM","27","Information","Microsoft-Windows-Kernel-Boot","CRASHLAB-01","The boot type was 0x0."
"9/8/2026 6:16:39 PM","25","Information","Microsoft-Windows-Kernel-Boot","CRASHLAB-01","The boot menu policy was 0x1."
"9/8/2026 6:16:39 PM","238","Information","Microsoft-Windows-Kernel-Boot","CRASHLAB-01","EFI time zone bias: 2047. Daylight flags: 0. Firmware time: ‎2026‎-‎09‎-‎08T18:16:39.000000000Z."
"9/8/2026 6:16:39 PM","247","Information","Microsoft-Windows-Kernel-Boot","CRASHLAB-01","Unable to load Pluton-Windows firmware. StatusCode: STATUS_SUCCESS, Reason: Failed to apply firmware."
"9/8/2026 6:16:39 PM","20","Information","Microsoft-Windows-Kernel-Boot","CRASHLAB-01","The last shutdown's success status was true. The last boot's success status was true."
"9/8/2026 6:16:39 PM","153","Information","Microsoft-Windows-Kernel-Boot","CRASHLAB-01","Virtualization-based security (policies: 0) is disabled."
"9/8/2026 6:16:39 PM","25","Information","Microsoft-Windows-Kernel-General","CRASHLAB-01","The system time was initialized to ‎2026‎-‎09‎-‎09T01:16:39.500000000Z. Loader time: ‎2026‎-‎09‎-‎09T01:16:39.000000000Z Internal boot flags: 0x2 HAL RTC error code: 0x0 RTC time is in UTC: false Soft boot: false Success: true Phase: 0"
"9/8/2026 6:16:39 PM","12","Information","Microsoft-Windows-Kernel-General","CRASHLAB-01","The operating system started at system time ‎2026‎-‎09‎-‎09T01:16:39.500000000Z."
"9/8/2026 6:16:30 PM","13","Information","Microsoft-Windows-Kernel-General","CRASHLAB-01","The operating system is shutting down at system time ‎2026‎-‎09‎-‎09T01:16:30.564595800Z."
"9/8/2026 6:16:30 PM","577","Information","Microsoft-Windows-Kernel-Power","CRASHLAB-01","The system has prepared for a system initiated reboot from Active."
"9/8/2026 6:16:30 PM","109","Information","Microsoft-Windows-Kernel-Power","CRASHLAB-01","The kernel power manager has initiated a shutdown transition. Action: Power Action Reboot Event Code: 0x0 Reason: Kernel API"
"9/8/2026 6:16:45 PM","6013","Information","EventLog","CRASHLAB-01","The system uptime is 5 seconds."
"9/8/2026 6:16:45 PM","6005","Information","EventLog","CRASHLAB-01","The Event log service was started."
"9/8/2026 6:16:45 PM","6009","Information","EventLog","CRASHLAB-01","Microsoft (R) Windows (R) 10.00. 26200 Multiprocessor Free."
"9/8/2026 6:16:45 PM","6011","Information","EventLog","CRASHLAB-01","The NetBIOS name and DNS host name of this machine have been changed from CRASHLAB-GOLD to CRASHLAB-01."
"9/8/2026 6:16:29 PM","50037","Information","Microsoft-Windows-Dhcp-Client","CRASHLAB-GOLD","DHCPv4 client service is stopped. ShutDown Flag value is 1"
"9/8/2026 6:16:29 PM","51057","Information","Microsoft-Windows-DHCPv6-Client","CRASHLAB-GOLD","DHCPv6 client service stop is almost done.DHCP Context Ref count is 1"
"9/8/2026 6:16:29 PM","51047","Information","Microsoft-Windows-DHCPv6-Client","CRASHLAB-GOLD","DHCPv6 client service is stopped. ShutDown Flag value is 1"
"9/8/2026 6:16:29 PM","50106","Information","Microsoft-Windows-Dhcp-Client","CRASHLAB-GOLD","DHCPv4 is waiting on DHCPv6 service to stop"
"9/8/2026 6:16:29 PM","50105","Information","Microsoft-Windows-Dhcp-Client","CRASHLAB-GOLD","DHCPv4 client ProcessDHCPRequestForever received TERMINATE_EVENT"
"9/8/2026 6:16:29 PM","50104","Information","Microsoft-Windows-Dhcp-Client","CRASHLAB-GOLD","DHCPv4 client received shutdown notification"
"9/8/2026 6:16:28 PM","7002","Information","Microsoft-Windows-Winlogon","CRASHLAB-GOLD","User Log-off Notification for Customer Experience Improvement Program"
"9/8/2026 6:16:29 PM","6006","Information","EventLog","CRASHLAB-GOLD","The Event log service was stopped."
"9/8/2026 6:16:27 PM","100","Warning","winsrvext","CRASHLAB-GOLD","Process C:\Users\CRASHLAB-GOLDEN\AppData\Local\Microsoft\OneDrive\25.087.0506.0001\Microsoft.SharePoint.exe is delaying system shutdown after 10000 milliseconds."
"9/8/2026 6:16:19 PM","10010","Error","Microsoft-Windows-DistributedCOM","CRASHLAB-GOLD","The server {A463FCB9-6B1C-4E0D-A80B-A2CA7999E25D} did not register with DCOM within the required timeout."
"9/8/2026 6:16:19 PM","1074","Information","User32","CRASHLAB-GOLD","The process C:\WINDOWS\system32\wbem\wmiprvse.exe (CRASHLAB-GOLD) has initiated the restart of computer CRASHLAB-GOLD on behalf of user CRASHLAB-GOLD\CRASHLAB-GOLDEN for the following reason: No title for this reason could be found Reason Code: 0x80070015 Shut-down Type: restart Comment:"
"9/8/2026 6:16:03 PM","10010","Error","Microsoft-Windows-DistributedCOM","CRASHLAB-GOLD","The server {A7451292-7906-414C-BB7B-DFD32C749E5C} did not register with DCOM within the required timeout."
"9/8/2026 6:15:59 PM","7001","Information","Microsoft-Windows-Winlogon","CRASHLAB-GOLD","User Log-on Notification for Customer Experience Improvement Program"
"9/8/2026 6:15:26 PM","1025","Information","Microsoft-Windows-TPM-WMI","CRASHLAB-GOLD","The TPM was successfully provisioned and is now ready for use."
"9/8/2026 6:15:26 PM","1282","Information","Microsoft-Windows-TPM-WMI","CRASHLAB-GOLD","The TBS device identifier has been generated."
"9/8/2026 6:15:26 PM","1027","Information","Microsoft-Windows-TPM-WMI","CRASHLAB-GOLD","The Ownership of the Trusted Platform Module (TPM) hardware on this computer was successfully taken (TPM TakeOwnership command) by the system."
"9/8/2026 6:15:26 PM","519","Information","Microsoft-Windows-TPM-WMI","CRASHLAB-GOLD","The TPM has been cleared. Reason: SRK has changed.."
"9/8/2026 6:15:24 PM","18","Information","TPM","CRASHLAB-GOLD","This event triggers the Trusted Platform Module (TPM) provisioning/status check to run."
"9/8/2026 6:15:24 PM","7026","Information","Service Control Manager","CRASHLAB-GOLD","The following boot-start or system-start driver(s) did not load: dam uiomap"
"9/8/2026 6:15:23 PM","1040","Error","Microsoft-Windows-TPM-WMI","CRASHLAB-GOLD","Pre-attestation health checks confirm a critical component has failed, and the device is not expected to pass attestation. Please see C:\WINDOWS\Logs\MeasuredBoot\0000000010-0000000000.json for detailed information on what checks were made."
"9/8/2026 6:15:23 PM","1041","Information","Microsoft-Windows-TPM-WMI","CRASHLAB-GOLD","Pre-attestation health check detailed information: {""Version"":1,""HealthStatus"":""Cannot be attested"",""Required"":[{""Field"":""TpmPresent"",""Value"":true,""DesiredValue"":true},{""Field"":""TpmMeetsMinimumVersion"",""Value"":true,""DesiredValue"":true},{""Field"":""TpmIsResponsive"",""Value"":true,""DesiredValue"":true},{""Field"":""EkCertIsAvailable"",""Value"":false,""DesiredValue"":true},{""Field"":""TcgLogFound"",""Value"":true,""DesiredValue"":true}],""Expected"":[{""Field"":""PcrsMatchTcgLog"",""Value"":true,""DesiredValue"":true}],""Informational"":[{""Field"":""SecureBootEnabled"",""ValueFromComputer"":false,""ValueFromTcgLog"":false,""DesiredValue"":true,""TcgValueIsVerifiable"":true},{""Field"":""VirtualSecureMemory"",""ValueFromComputer"":false,""ValueFromTcgLog"":false,""DesiredValue"":true,""TcgValueIsVerifiable"":true},{""Field"":""SecureCorePCCompliant"",""ValueFromComputer"":false,""ValueFromTcgLog"":false,""DesiredValue"":true,""TcgValueIsVerifiable"":true}{""Field"":""BootTcgLogFoundInFileSystem"",""Value"":true,""DesiredValue"":true},{""Field"":""CurrentTcgLogFoundInFileSystem"",""Value"":true,""DesiredValue"":true}]}"
"9/8/2026 6:15:22 PM","112","Information","Microsoft-Windows-HttpService","CRASHLAB-GOLD","Attempted to reserve URL http://+:10246/MDEServer/. Status 0x0. Process Id 0x4 Executable path , User S-1-5-18"
"9/8/2026 6:15:22 PM","112","Information","Microsoft-Windows-HttpService","CRASHLAB-GOLD","Attempted to reserve URL http://+:10247/apps/. Status 0x0. Process Id 0x4 Executable path , User S-1-5-18"
"9/8/2026 6:15:22 PM","112","Information","Microsoft-Windows-HttpService","CRASHLAB-GOLD","Attempted to reserve URL http://+:10243/WMPNSSv4/. Status 0x0. Process Id 0x4 Executable path , User S-1-5-18"
"9/8/2026 6:15:22 PM","112","Information","Microsoft-Windows-HttpService","CRASHLAB-GOLD","Attempted to reserve URL https://+:10245/WMPNSSv4/. Status 0x0. Process Id 0x4 Executable path , User S-1-5-18"
"9/8/2026 6:15:22 PM","112","Information","Microsoft-Windows-HttpService","CRASHLAB-GOLD","Attempted to reserve URL http://+:80/116B50EB-ECE2-41ac-8429-9F9E963361B7/. Status 0x0. Process Id 0x4 Executable path , User S-1-5-18"
"9/8/2026 6:15:22 PM","112","Information","Microsoft-Windows-HttpService","CRASHLAB-GOLD","Attempted to reserve URL https://+:443/C574AC30-5794-4AEE-B1BB-6651C5315029/. Status 0x0. Process Id 0x4 Executable path , User S-1-5-18"
"9/8/2026 6:15:22 PM","112","Information","Microsoft-Windows-HttpService","CRASHLAB-GOLD","Attempted to reserve URL http://+:80/0131501b-d67f-491b-9a40-c4bf27bcb4d4/. Status 0x0. Process Id 0x4 Executable path , User S-1-5-18"
"9/8/2026 6:15:22 PM","112","Information","Microsoft-Windows-HttpService","CRASHLAB-GOLD","Attempted to reserve URL https://+:443/sra_{BA195980-CD49-458b-9E23-C84EE0ADCD75}/. Status 0x0. Process Id 0x4 Executable path , User S-1-5-18"
"9/8/2026 6:15:22 PM","112","Information","Microsoft-Windows-HttpService","CRASHLAB-GOLD","Attempted to reserve URL https://+:3392/rdp/. Status 0x0. Process Id 0x4 Executable path , User S-1-5-18"
"9/8/2026 6:15:22 PM","112","Information","Microsoft-Windows-HttpService","CRASHLAB-GOLD","Attempted to reserve URL http://+:5985/wsman/. Status 0x0. Process Id 0x4 Executable path , User S-1-5-18"
"9/8/2026 6:15:22 PM","112","Information","Microsoft-Windows-HttpService","CRASHLAB-GOLD","Attempted to reserve URL http://+:47001/wsman/. Status 0x0. Process Id 0x4 Executable path , User S-1-5-18"
"9/8/2026 6:15:22 PM","112","Information","Microsoft-Windows-HttpService","CRASHLAB-GOLD","Attempted to reserve URL https://+:5986/wsman/. Status 0x0. Process Id 0x4 Executable path , User S-1-5-18"
"9/8/2026 6:15:22 PM","112","Information","Microsoft-Windows-HttpService","CRASHLAB-GOLD","Attempted to reserve URL http://*:2869/. Status 0x0. Process Id 0x4 Executable path , User S-1-5-18"
"9/8/2026 6:15:22 PM","112","Information","Microsoft-Windows-HttpService","CRASHLAB-GOLD","Attempted to reserve URL https://*:5358/. Status 0x0. Process Id 0x4 Executable path , User S-1-5-18"
"9/8/2026 6:15:22 PM","112","Information","Microsoft-Windows-HttpService","CRASHLAB-GOLD","Attempted to reserve URL http://+:80/Temporary_Listen_Addresses/. Status 0x0. Process Id 0x4 Executable path , User S-1-5-18"
"9/8/2026 6:15:22 PM","112","Information","Microsoft-Windows-HttpService","CRASHLAB-GOLD","Attempted to reserve URL http://*:5357/. Status 0x0. Process Id 0x4 Executable path , User S-1-5-18"
"9/8/2026 6:15:21 PM","51046","Information","Microsoft-Windows-DHCPv6-Client","CRASHLAB-GOLD","DHCPv6 client service is started"
"9/8/2026 6:15:21 PM","50036","Information","Microsoft-Windows-Dhcp-Client","CRASHLAB-GOLD","DHCPv4 client service is started"
"9/8/2026 6:15:21 PM","50103","Information","Microsoft-Windows-Dhcp-Client","CRASHLAB-GOLD","DHCPv4 client registered for shutdown notification"
"9/8/2026 6:15:21 PM","50036","Information","Microsoft-Windows-Dhcp-Client","CRASHLAB-GOLD","DHCPv4 client service is started"
"9/8/2026 6:15:21 PM","6","Information","Microsoft-Windows-FilterManager","CRASHLAB-GOLD","File System Filter 'bindflt' (10.0, ‎2081‎-‎10‎-‎17T14:34:26.000000000Z) has successfully loaded and registered with Filter Manager."
"9/8/2026 6:15:21 PM","6","Information","Microsoft-Windows-FilterManager","CRASHLAB-GOLD","File System Filter 'UCPD' (10.0, ‎2061‎-‎11‎-‎20T00:48:12.000000000Z) has successfully loaded and registered with Filter Manager."
"9/8/2026 6:15:21 PM","6","Information","Microsoft-Windows-FilterManager","CRASHLAB-GOLD","File System Filter 'storqosflt' (10.0, ‎2016‎-‎04‎-‎28T15:00:23.000000000Z) has successfully loaded and registered with Filter Manager."
"9/8/2026 6:15:21 PM","6","Information","Microsoft-Windows-FilterManager","CRASHLAB-GOLD","File System Filter 'UnionFS' (10.0, ‎2017‎-‎11‎-‎02T22:31:51.000000000Z) has successfully loaded and registered with Filter Manager."
"9/8/2026 6:15:21 PM","6","Information","Microsoft-Windows-FilterManager","CRASHLAB-GOLD","File System Filter 'CldFlt' (10.0, ‎1991‎-‎05‎-‎02T13:16:55.000000000Z) has successfully loaded and registered with Filter Manager."
"9/8/2026 6:15:21 PM","1","Information","Microsoft-Windows-FilterManager","CRASHLAB-GOLD","File System Filter 'CldFlt' (Version 10.0, ‎1991‎-‎05‎-‎02T13:16:55.000000000Z) unloaded successfully."
"9/8/2026 6:15:21 PM","6","Information","Microsoft-Windows-FilterManager","CRASHLAB-GOLD","File System Filter 'CldFlt' (10.0, ‎1991‎-‎05‎-‎02T13:16:55.000000000Z) has successfully loaded and registered with Filter Manager."
"9/8/2026 6:15:21 PM","6","Information","Microsoft-Windows-FilterManager","CRASHLAB-GOLD","File System Filter 'wcifs' (10.0, ‎1985‎-‎11‎-‎26T07:47:21.000000000Z) has successfully loaded and registered with Filter Manager."
"9/8/2026 6:15:21 PM","6","Information","Microsoft-Windows-FilterManager","CRASHLAB-GOLD","File System Filter 'luafv' (10.0, ‎2057‎-‎06‎-‎14T06:55:30.000000000Z) has successfully loaded and registered with Filter Manager."
"9/8/2026 6:15:21 PM","6","Information","Microsoft-Windows-FilterManager","CRASHLAB-GOLD","File System Filter 'bfs' (10.0, ‎2086‎-‎03‎-‎20T04:03:22.000000000Z) has successfully loaded and registered with Filter Manager."
"9/8/2026 6:15:20 PM","6","Information","Microsoft-Windows-FilterManager","CRASHLAB-GOLD","File System Filter 'applockerfltr' (10.0, ‎2033‎-‎08‎-‎14T04:35:15.000000000Z) has successfully loaded and registered with Filter Manager."
"9/8/2026 6:15:20 PM","16983","Information","Microsoft-Windows-Directory-Services-SAM","CRASHLAB-GOLD","The security account manager is now logging periodic summary events for remote clients that call legacy password change or set RPC methods. For more information please see https://go.microsoft.com/fwlink/?linkid=2150956."
"9/8/2026 6:15:20 PM","16977","Information","Microsoft-Windows-Directory-Services-SAM","CRASHLAB-GOLD","The domain is configured with the following minimum password length-related settings. MinimumPasswordLength: 0 RelaxMinimumPasswordLengthLimits: 0 MinimumPasswordLengthAudit: -1 For more information see https://go.microsoft.com/fwlink/?LinkId=2097191."
"9/8/2026 6:15:19 PM","16962","Information","Microsoft-Windows-Directory-Services-SAM","CRASHLAB-GOLD","Remote calls to the SAM database are being restricted using the default security descriptor: O:SYG:SYD:(A;;RC;;;BA). For more information please see http://go.microsoft.com/fwlink/?LinkId=787651."
"9/8/2026 6:15:19 PM","6156","Information","LsaSrv","CRASHLAB-GOLD","Credential Guard auto enablement status. Hardware Requirements for Virtualisation Based Security: 1 Domain Joined: 0 Azure AD Joined: 0 Licensed for Credential Guard: 0 Domain Controller: 0"
"9/8/2026 6:15:19 PM","12","Information","Microsoft-Windows-Wininit","CRASHLAB-GOLD","LSASS.exe was started as a protected process with level: 4."
"9/8/2026 6:15:19 PM","14","Information","Microsoft-Windows-Wininit","CRASHLAB-GOLD","Credential Guard configuration: Registry Configuration: 0x0 Test Configuration: 0 Auto Enablement: 0"
"9/8/2026 6:15:19 PM","23","Information","Microsoft-Windows-Wininit","CRASHLAB-GOLD","Boot App Anti-Rollback: Initialise Completed with status: HRESULT: The operation completed successfully. New timer needed: false New timer waiting for system update completion: false Previous latch timer exists but disabled by registry: false"
"9/8/2026 6:15:19 PM","25","Information","Microsoft-Windows-Wininit","CRASHLAB-GOLD","Boot App Anti-Rollback: Previous timer resumed with status: HRESULT: The operation completed successfully. Previous timer present: false Start time: ‎1601‎-‎01‎-‎01T00:00:00.000000000Z Grace period: 0 Attempted recovery enforcement succeeded: false"
"9/8/2026 6:15:19 PM","19","Information","Microsoft-Windows-Wininit","CRASHLAB-GOLD","Virtualisation Based Security new timer creation status HRESULT: The operation completed successfully. New latch timer needed: false New latch timer waiting for system update completion: false Previous latch timer exists but disabled by registry: false Policy file exists: false"
"9/8/2026 6:15:19 PM","24","Information","Microsoft-Windows-Kernel-General","CRASHLAB-GOLD","The time zone information was refreshed with exit reason 0. Current time zone bias is 420."
"9/8/2026 6:15:19 PM","98","Information","Microsoft-Windows-Ntfs","CRASHLAB-GOLD","Volume \\?\Volume{a6c16a98-825c-474d-aa27-6e56c6cf4e9b} (\Device\HarddiskVolume4) is healthy. No action is needed."
"9/8/2026 6:15:16 PM","55","Information","Microsoft-Windows-Kernel-Processor-Power","CRASHLAB-GOLD","Processor 1 in group 0 exposes the following power management capabilities: Idle state type: ACPI Idle (C) States (1 state(s)) Performance state type: None Nominal Frequency (MHz): 3600 Maximum performance percentage: 100 Minimum performance percentage: 100 Minimum throttle percentage: 100"
"9/8/2026 6:15:16 PM","55","Information","Microsoft-Windows-Kernel-Processor-Power","CRASHLAB-GOLD","Processor 0 in group 0 exposes the following power management capabilities: Idle state type: ACPI Idle (C) States (1 state(s)) Performance state type: None Nominal Frequency (MHz): 3600 Maximum performance percentage: 100 Minimum performance percentage: 100 Minimum throttle percentage: 100"
"9/8/2026 6:15:15 PM","172","Information","Microsoft-Windows-Kernel-Power","CRASHLAB-GOLD","Connectivity state in standby: Disconnected, Reason: NIC compliance"
"9/8/2026 6:15:15 PM","6","Information","Microsoft-Windows-FilterManager","CRASHLAB-GOLD","File System Filter 'npsvctrig' (10.0, ‎1978‎-‎05‎-‎14T02:13:30.000000000Z) has successfully loaded and registered with Filter Manager."
"9/8/2026 6:15:15 PM","6","Information","Microsoft-Windows-FilterManager","CRASHLAB-GOLD","File System Filter 'FileCrypt' (10.0, ‎2075‎-‎08‎-‎31T15:07:07.000000000Z) has successfully loaded and registered with Filter Manager."
"9/8/2026 6:15:15 PM","98","Information","Microsoft-Windows-Ntfs","CRASHLAB-GOLD","Volume C: (\Device\HarddiskVolume3) is healthy. No action is needed."
"9/8/2026 6:15:15 PM","6","Information","Microsoft-Windows-FilterManager","CRASHLAB-GOLD","File System Filter 'WdFilter' (10.0, ‎2028‎-‎06‎-‎06T02:57:32.000000000Z) has successfully loaded and registered with Filter Manager."
"9/8/2026 6:15:15 PM","6","Information","Microsoft-Windows-FilterManager","CRASHLAB-GOLD","File System Filter 'Wof' (10.0, ‎2089‎-‎07‎-‎14T19:58:05.000000000Z) has successfully loaded and registered with Filter Manager."
"9/8/2026 6:15:15 PM","6","Information","Microsoft-Windows-FilterManager","CRASHLAB-GOLD","File System Filter 'FileInfo' (10.0, ‎2093‎-‎04‎-‎01T18:29:43.000000000Z) has successfully loaded and registered with Filter Manager."
"9/8/2026 6:15:02 PM","28","Information","TPM","CRASHLAB-GOLD","Information about the Storage Root Key creation."
"9/8/2026 6:15:00 PM","16","Information","Microsoft-Windows-HAL","CRASHLAB-GOLD","IOMMU fault reporting has been initialized."
"9/8/2026 6:14:59 PM","20","Information","Microsoft-Windows-Kernel-General","CRASHLAB-GOLD","The leap second configuration has been updated. Reason: Leap second data initialized from registry during boot Leap seconds enabled: true New leap second count: 0 Old leap second count: 0"
"9/8/2026 6:14:59 PM","32","Information","Microsoft-Windows-Kernel-Boot","CRASHLAB-GOLD","The bootmgr spent 0 ms waiting for user input."
"9/8/2026 6:14:59 PM","18","Information","Microsoft-Windows-Kernel-Boot","CRASHLAB-GOLD","There are 0x1 boot options on this system."
"9/8/2026 6:14:59 PM","27","Information","Microsoft-Windows-Kernel-Boot","CRASHLAB-GOLD","The boot type was 0x0."
"9/8/2026 6:14:59 PM","25","Information","Microsoft-Windows-Kernel-Boot","CRASHLAB-GOLD","The boot menu policy was 0x1."
"9/8/2026 6:14:59 PM","238","Information","Microsoft-Windows-Kernel-Boot","CRASHLAB-GOLD","EFI time zone bias: 2047. Daylight flags: 0. Firmware time: ‎2026‎-‎09‎-‎08T18:14:56.000000000Z."
"9/8/2026 6:14:59 PM","247","Information","Microsoft-Windows-Kernel-Boot","CRASHLAB-GOLD","Unable to load Pluton-Windows firmware. StatusCode: STATUS_SUCCESS, Reason: Failed to apply firmware."
"9/8/2026 6:14:59 PM","20","Information","Microsoft-Windows-Kernel-Boot","CRASHLAB-GOLD","The last shutdown's success status was true. The last boot's success status was true."
"9/8/2026 6:14:59 PM","153","Information","Microsoft-Windows-Kernel-Boot","CRASHLAB-GOLD","Virtualization-based security (policies: 0) is disabled."
"9/8/2026 6:14:59 PM","25","Information","Microsoft-Windows-Kernel-General","CRASHLAB-GOLD","The system time was initialized to ‎2026‎-‎09‎-‎09T01:14:57.500000000Z. Loader time: ‎2026‎-‎09‎-‎09T01:14:56.000000000Z Internal boot flags: 0x2 HAL RTC error code: 0x0 RTC time is in UTC: false Soft boot: false Success: true Phase: 0"
"9/8/2026 6:14:59 PM","12","Information","Microsoft-Windows-Kernel-General","CRASHLAB-GOLD","The operating system started at system time ‎2026‎-‎09‎-‎09T01:14:57.500000000Z."
"9/8/2026 6:12:07 PM","13","Information","Microsoft-Windows-Kernel-General","CRASHLAB-GOLD","The operating system is shutting down at system time ‎2026‎-‎09‎-‎09T01:12:07.990121100Z."
"9/8/2026 6:12:07 PM","577","Information","Microsoft-Windows-Kernel-Power","CRASHLAB-GOLD","The system has prepared for a system initiated reboot from Active."
"9/8/2026 6:12:07 PM","109","Information","Microsoft-Windows-Kernel-Power","CRASHLAB-GOLD","The kernel power manager has initiated a shutdown transition. Action: Power Action Shutdown Event Code: 0x0 Reason: Kernel API"
"9/8/2026 6:15:21 PM","6013","Information","EventLog","CRASHLAB-GOLD","The system uptime is 24 seconds."
"9/8/2026 6:15:21 PM","6005","Information","EventLog","CRASHLAB-GOLD","The Event log service was started."
"9/8/2026 6:15:21 PM","6009","Information","EventLog","CRASHLAB-GOLD","Microsoft (R) Windows (R) 10.00. 26200 Multiprocessor Free."
"9/8/2026 6:12:07 PM","50037","Information","Microsoft-Windows-Dhcp-Client","CRASHLAB-GOLD","DHCPv4 client service is stopped. ShutDown Flag value is 1"
"9/8/2026 6:12:07 PM","50106","Information","Microsoft-Windows-Dhcp-Client","CRASHLAB-GOLD","DHCPv4 is waiting on DHCPv6 service to stop"
"9/8/2026 6:12:07 PM","51057","Information","Microsoft-Windows-DHCPv6-Client","CRASHLAB-GOLD","DHCPv6 client service stop is almost done.DHCP Context Ref count is 1"
"9/8/2026 6:12:07 PM","51047","Information","Microsoft-Windows-DHCPv6-Client","CRASHLAB-GOLD","DHCPv6 client service is stopped. ShutDown Flag value is 1"
"9/8/2026 6:12:07 PM","50105","Information","Microsoft-Windows-Dhcp-Client","CRASHLAB-GOLD","DHCPv4 client ProcessDHCPRequestForever received TERMINATE_EVENT"
"9/8/2026 6:12:07 PM","50104","Information","Microsoft-Windows-Dhcp-Client","CRASHLAB-GOLD","DHCPv4 client received shutdown notification"
"9/8/2026 6:12:07 PM","6006","Information","EventLog","CRASHLAB-GOLD","The Event log service was stopped."
"9/8/2026 6:12:06 PM","7002","Information","Microsoft-Windows-Winlogon","CRASHLAB-GOLD","User Log-off Notification for Customer Experience Improvement Program"
"9/8/2026 6:12:05 PM","10010","Error","Microsoft-Windows-DistributedCOM","CRASHLAB-GOLD","The server {544C4C52-DE0B-4D14-9510-21745381D5CA} did not register with DCOM within the required timeout."
"9/8/2026 6:12:05 PM","1074","Information","User32","CRASHLAB-GOLD","The process C:\WINDOWS\system32\wbem\wmiprvse.exe (CRASHLAB-GOLD) has initiated the shutdown of computer CRASHLAB-GOLD on behalf of user CRASHLAB-GOLD\CRASHLAB-GOLDEN for the following reason: No title for this reason could be found Reason Code: 0x80070015 Shut-down Type: shutdown Comment:"
"9/8/2026 6:12:01 PM","10016","Warning","Microsoft-Windows-DistributedCOM","CRASHLAB-GOLD","The application-specific permission settings do not grant Local Launch permission for the COM Server application with CLSID Windows.SecurityCenter.SecurityAppBroker and APPID Unavailable to the user NT AUTHORITY\SYSTEM SID (S-1-5-18) from address LocalHost (Using LRPC) running in the application container Unavailable SID (Unavailable). This security permission can be modified using the Component Services administrative tool."
"9/8/2026 6:12:01 PM","10016","Warning","Microsoft-Windows-DistributedCOM","CRASHLAB-GOLD","The application-specific permission settings do not grant Local Launch permission for the COM Server application with CLSID Windows.SecurityCenter.WscDataProtection and APPID Unavailable to the user NT AUTHORITY\SYSTEM SID (S-1-5-18) from address LocalHost (Using LRPC) running in the application container Unavailable SID (Unavailable). This security permission can be modified using the Component Services administrative tool."
"9/8/2026 6:12:01 PM","10016","Warning","Microsoft-Windows-DistributedCOM","CRASHLAB-GOLD","The application-specific permission settings do not grant Local Launch permission for the COM Server application with CLSID Windows.SecurityCenter.WscBrokerManager and APPID Unavailable to the user NT AUTHORITY\SYSTEM SID (S-1-5-18) from address LocalHost (Using LRPC) running in the application container Unavailable SID (Unavailable). This security permission can be modified using the Component Services administrative tool."
"9/8/2026 6:09:50 PM","7040","Information","Service Control Manager","CRASHLAB-GOLD","The start type of the Background Intelligent Transfer Service service was changed from demand start to auto start."
"9/8/2026 6:09:22 PM","10010","Error","Microsoft-Windows-DistributedCOM","CRASHLAB-GOLD","The server {A7451292-7906-414C-BB7B-DFD32C749E5C} did not register with DCOM within the required timeout."
"9/8/2026 6:09:16 PM","7001","Information","Microsoft-Windows-Winlogon","CRASHLAB-GOLD","User Log-on Notification for Customer Experience Improvement Program"
"9/8/2026 6:09:12 PM","1025","Information","Microsoft-Windows-TPM-WMI","CRASHLAB-GOLD","The TPM was successfully provisioned and is now ready for use."
"9/8/2026 6:09:12 PM","1282","Information","Microsoft-Windows-TPM-WMI","CRASHLAB-GOLD","The TBS device identifier has been generated."
"9/8/2026 6:09:12 PM","18","Information","TPM","CRASHLAB-GOLD","This event triggers the Trusted Platform Module (TPM) provisioning/status check to run."
"9/8/2026 6:09:09 PM","7026","Information","Service Control Manager","CRASHLAB-GOLD","The following boot-start or system-start driver(s) did not load: dam uiomap"
"9/8/2026 6:09:08 PM","1040","Error","Microsoft-Windows-TPM-WMI","CRASHLAB-GOLD","Pre-attestation health checks confirm a critical component has failed, and the device is not expected to pass attestation. Please see C:\WINDOWS\Logs\MeasuredBoot\0000000009-0000000000.json for detailed information on what checks were made."
"9/8/2026 6:09:08 PM","1041","Information","Microsoft-Windows-TPM-WMI","CRASHLAB-GOLD","Pre-attestation health check detailed information: {""Version"":1,""HealthStatus"":""Cannot be attested"",""Required"":[{""Field"":""TpmPresent"",""Value"":true,""DesiredValue"":true},{""Field"":""TpmMeetsMinimumVersion"",""Value"":true,""DesiredValue"":true},{""Field"":""TpmIsResponsive"",""Value"":true,""DesiredValue"":true},{""Field"":""EkCertIsAvailable"",""Value"":false,""DesiredValue"":true},{""Field"":""TcgLogFound"",""Value"":true,""DesiredValue"":true}],""Expected"":[{""Field"":""PcrsMatchTcgLog"",""Value"":true,""DesiredValue"":true}],""Informational"":[{""Field"":""SecureBootEnabled"",""ValueFromComputer"":false,""ValueFromTcgLog"":false,""DesiredValue"":true,""TcgValueIsVerifiable"":true},{""Field"":""VirtualSecureMemory"",""ValueFromComputer"":false,""ValueFromTcgLog"":false,""DesiredValue"":true,""TcgValueIsVerifiable"":true},{""Field"":""SecureCorePCCompliant"",""ValueFromComputer"":false,""ValueFromTcgLog"":false,""DesiredValue"":true,""TcgValueIsVerifiable"":true}{""Field"":""BootTcgLogFoundInFileSystem"",""Value"":true,""DesiredValue"":true},{""Field"":""CurrentTcgLogFoundInFileSystem"",""Value"":true,""DesiredValue"":true}]}"
"9/8/2026 6:09:07 PM","112","Information","Microsoft-Windows-HttpService","CRASHLAB-GOLD","Attempted to reserve URL http://+:10246/MDEServer/. Status 0x0. Process Id 0x4 Executable path , User S-1-5-18"
"9/8/2026 6:09:07 PM","112","Information","Microsoft-Windows-HttpService","CRASHLAB-GOLD","Attempted to reserve URL http://+:10247/apps/. Status 0x0. Process Id 0x4 Executable path , User S-1-5-18"
"9/8/2026 6:09:07 PM","112","Information","Microsoft-Windows-HttpService","CRASHLAB-GOLD","Attempted to reserve URL http://+:10243/WMPNSSv4/. Status 0x0. Process Id 0x4 Executable path , User S-1-5-18"
"9/8/2026 6:09:07 PM","112","Information","Microsoft-Windows-HttpService","CRASHLAB-GOLD","Attempted to reserve URL https://+:10245/WMPNSSv4/. Status 0x0. Process Id 0x4 Executable path , User S-1-5-18"
"9/8/2026 6:09:07 PM","112","Information","Microsoft-Windows-HttpService","CRASHLAB-GOLD","Attempted to reserve URL http://+:80/116B50EB-ECE2-41ac-8429-9F9E963361B7/. Status 0x0. Process Id 0x4 Executable path , User S-1-5-18"
"9/8/2026 6:09:07 PM","112","Information","Microsoft-Windows-HttpService","CRASHLAB-GOLD","Attempted to reserve URL https://+:443/C574AC30-5794-4AEE-B1BB-6651C5315029/. Status 0x0. Process Id 0x4 Executable path , User S-1-5-18"
"9/8/2026 6:09:07 PM","112","Information","Microsoft-Windows-HttpService","CRASHLAB-GOLD","Attempted to reserve URL http://+:80/0131501b-d67f-491b-9a40-c4bf27bcb4d4/. Status 0x0. Process Id 0x4 Executable path , User S-1-5-18"
"9/8/2026 6:09:07 PM","112","Information","Microsoft-Windows-HttpService","CRASHLAB-GOLD","Attempted to reserve URL https://+:443/sra_{BA195980-CD49-458b-9E23-C84EE0ADCD75}/. Status 0x0. Process Id 0x4 Executable path , User S-1-5-18"
"9/8/2026 6:09:07 PM","112","Information","Microsoft-Windows-HttpService","CRASHLAB-GOLD","Attempted to reserve URL https://+:3392/rdp/. Status 0x0. Process Id 0x4 Executable path , User S-1-5-18"
"9/8/2026 6:09:07 PM","112","Information","Microsoft-Windows-HttpService","CRASHLAB-GOLD","Attempted to reserve URL http://+:5985/wsman/. Status 0x0. Process Id 0x4 Executable path , User S-1-5-18"
"9/8/2026 6:09:07 PM","112","Information","Microsoft-Windows-HttpService","CRASHLAB-GOLD","Attempted to reserve URL http://+:47001/wsman/. Status 0x0. Process Id 0x4 Executable path , User S-1-5-18"
"9/8/2026 6:09:07 PM","112","Information","Microsoft-Windows-HttpService","CRASHLAB-GOLD","Attempted to reserve URL https://+:5986/wsman/. Status 0x0. Process Id 0x4 Executable path , User S-1-5-18"
"9/8/2026 6:09:07 PM","112","Information","Microsoft-Windows-HttpService","CRASHLAB-GOLD","Attempted to reserve URL http://*:2869/. Status 0x0. Process Id 0x4 Executable path , User S-1-5-18"
"9/8/2026 6:09:07 PM","112","Information","Microsoft-Windows-HttpService","CRASHLAB-GOLD","Attempted to reserve URL https://*:5358/. Status 0x0. Process Id 0x4 Executable path , User S-1-5-18"
"9/8/2026 6:09:07 PM","112","Information","Microsoft-Windows-HttpService","CRASHLAB-GOLD","Attempted to reserve URL http://+:80/Temporary_Listen_Addresses/. Status 0x0. Process Id 0x4 Executable path , User S-1-5-18"
"9/8/2026 6:09:07 PM","112","Information","Microsoft-Windows-HttpService","CRASHLAB-GOLD","Attempted to reserve URL http://*:5357/. Status 0x0. Process Id 0x4 Executable path , User S-1-5-18"
"9/8/2026 6:09:07 PM","51046","Information","Microsoft-Windows-DHCPv6-Client","CRASHLAB-GOLD","DHCPv6 client service is started"
"9/8/2026 6:09:07 PM","50036","Information","Microsoft-Windows-Dhcp-Client","CRASHLAB-GOLD","DHCPv4 client service is started"
"9/8/2026 6:09:07 PM","50103","Information","Microsoft-Windows-Dhcp-Client","CRASHLAB-GOLD","DHCPv4 client registered for shutdown notification"
"9/8/2026 6:09:07 PM","50036","Information","Microsoft-Windows-Dhcp-Client","CRASHLAB-GOLD","DHCPv4 client service is started"
"9/8/2026 6:09:06 PM","6","Information","Microsoft-Windows-FilterManager","CRASHLAB-GOLD","File System Filter 'bindflt' (10.0, ‎2081‎-‎10‎-‎17T14:34:26.000000000Z) has successfully loaded and registered with Filter Manager."
"9/8/2026 6:09:06 PM","6","Information","Microsoft-Windows-FilterManager","CRASHLAB-GOLD","File System Filter 'UCPD' (10.0, ‎2061‎-‎11‎-‎20T00:48:12.000000000Z) has successfully loaded and registered with Filter Manager."
"9/8/2026 6:09:06 PM","6","Information","Microsoft-Windows-FilterManager","CRASHLAB-GOLD","File System Filter 'storqosflt' (10.0, ‎2016‎-‎04‎-‎28T15:00:23.000000000Z) has successfully loaded and registered with Filter Manager."
"9/8/2026 6:09:06 PM","6","Information","Microsoft-Windows-FilterManager","CRASHLAB-GOLD","File System Filter 'UnionFS' (10.0, ‎2017‎-‎11‎-‎02T22:31:51.000000000Z) has successfully loaded and registered with Filter Manager."
"9/8/2026 6:09:06 PM","6","Information","Microsoft-Windows-FilterManager","CRASHLAB-GOLD","File System Filter 'CldFlt' (10.0, ‎1991‎-‎05‎-‎02T13:16:55.000000000Z) has successfully loaded and registered with Filter Manager."
"9/8/2026 6:09:06 PM","1","Information","Microsoft-Windows-FilterManager","CRASHLAB-GOLD","File System Filter 'CldFlt' (Version 10.0, ‎1991‎-‎05‎-‎02T13:16:55.000000000Z) unloaded successfully."
"9/8/2026 6:09:06 PM","6","Information","Microsoft-Windows-FilterManager","CRASHLAB-GOLD","File System Filter 'CldFlt' (10.0, ‎1991‎-‎05‎-‎02T13:16:55.000000000Z) has successfully loaded and registered with Filter Manager."
"9/8/2026 6:09:06 PM","6","Information","Microsoft-Windows-FilterManager","CRASHLAB-GOLD","File System Filter 'luafv' (10.0, ‎2057‎-‎06‎-‎14T06:55:30.000000000Z) has successfully loaded and registered with Filter Manager."
"9/8/2026 6:09:06 PM","6","Information","Microsoft-Windows-FilterManager","CRASHLAB-GOLD","File System Filter 'wcifs' (10.0, ‎1985‎-‎11‎-‎26T07:47:21.000000000Z) has successfully loaded and registered with Filter Manager."
"9/8/2026 6:09:06 PM","6","Information","Microsoft-Windows-FilterManager","CRASHLAB-GOLD","File System Filter 'bfs' (10.0, ‎2086‎-‎03‎-‎20T04:03:22.000000000Z) has successfully loaded and registered with Filter Manager."
"9/8/2026 6:09:06 PM","6","Information","Microsoft-Windows-FilterManager","CRASHLAB-GOLD","File System Filter 'applockerfltr' (10.0, ‎2033‎-‎08‎-‎14T04:35:15.000000000Z) has successfully loaded and registered with Filter Manager."
"9/8/2026 6:09:05 PM","16983","Information","Microsoft-Windows-Directory-Services-SAM","CRASHLAB-GOLD","The security account manager is now logging periodic summary events for remote clients that call legacy password change or set RPC methods. For more information please see https://go.microsoft.com/fwlink/?linkid=2150956."
"9/8/2026 6:09:05 PM","16977","Information","Microsoft-Windows-Directory-Services-SAM","CRASHLAB-GOLD","The domain is configured with the following minimum password length-related settings. MinimumPasswordLength: 0 RelaxMinimumPasswordLengthLimits: 0 MinimumPasswordLengthAudit: -1 For more information see https://go.microsoft.com/fwlink/?LinkId=2097191."
"9/8/2026 6:09:05 PM","16962","Information","Microsoft-Windows-Directory-Services-SAM","CRASHLAB-GOLD","Remote calls to the SAM database are being restricted using the default security descriptor: O:SYG:SYD:(A;;RC;;;BA). For more information please see http://go.microsoft.com/fwlink/?LinkId=787651."
"9/8/2026 6:09:05 PM","6156","Information","LsaSrv","CRASHLAB-GOLD","Credential Guard auto enablement status. Hardware Requirements for Virtualisation Based Security: 1 Domain Joined: 0 Azure AD Joined: 0 Licensed for Credential Guard: 0 Domain Controller: 0"
"9/8/2026 6:09:05 PM","12","Information","Microsoft-Windows-Wininit","CRASHLAB-GOLD","LSASS.exe was started as a protected process with level: 4."
"9/8/2026 6:09:05 PM","14","Information","Microsoft-Windows-Wininit","CRASHLAB-GOLD","Credential Guard configuration: Registry Configuration: 0x0 Test Configuration: 0 Auto Enablement: 0"
"9/8/2026 6:09:05 PM","23","Information","Microsoft-Windows-Wininit","CRASHLAB-GOLD","Boot App Anti-Rollback: Initialise Completed with status: HRESULT: The operation completed successfully. New timer needed: false New timer waiting for system update completion: false Previous latch timer exists but disabled by registry: false"
"9/8/2026 6:09:05 PM","25","Information","Microsoft-Windows-Wininit","CRASHLAB-GOLD","Boot App Anti-Rollback: Previous timer resumed with status: HRESULT: The operation completed successfully. Previous timer present: false Start time: ‎1601‎-‎01‎-‎01T00:00:00.000000000Z Grace period: 0 Attempted recovery enforcement succeeded: false"
"9/8/2026 6:09:05 PM","19","Information","Microsoft-Windows-Wininit","CRASHLAB-GOLD","Virtualisation Based Security new timer creation status HRESULT: The operation completed successfully. New latch timer needed: false New latch timer waiting for system update completion: false Previous latch timer exists but disabled by registry: false Policy file exists: false"
"9/8/2026 6:09:05 PM","24","Information","Microsoft-Windows-Kernel-General","CRASHLAB-GOLD","The time zone information was refreshed with exit reason 0. Current time zone bias is 420."
"9/8/2026 6:09:05 PM","98","Information","Microsoft-Windows-Ntfs","CRASHLAB-GOLD","Volume \\?\Volume{a6c16a98-825c-474d-aa27-6e56c6cf4e9b} (\Device\HarddiskVolume4) is healthy. No action is needed."
"9/8/2026 6:09:02 PM","55","Information","Microsoft-Windows-Kernel-Processor-Power","CRASHLAB-GOLD","Processor 1 in group 0 exposes the following power management capabilities: Idle state type: ACPI Idle (C) States (1 state(s)) Performance state type: None Nominal Frequency (MHz): 3600 Maximum performance percentage: 100 Minimum performance percentage: 100 Minimum throttle percentage: 100"
"9/8/2026 6:09:02 PM","55","Information","Microsoft-Windows-Kernel-Processor-Power","CRASHLAB-GOLD","Processor 0 in group 0 exposes the following power management capabilities: Idle state type: ACPI Idle (C) States (1 state(s)) Performance state type: None Nominal Frequency (MHz): 3600 Maximum performance percentage: 100 Minimum performance percentage: 100 Minimum throttle percentage: 100"
"9/8/2026 6:09:02 PM","172","Information","Microsoft-Windows-Kernel-Power","CRASHLAB-GOLD","Connectivity state in standby: Disconnected, Reason: NIC compliance"
"9/8/2026 6:09:02 PM","6","Information","Microsoft-Windows-FilterManager","CRASHLAB-GOLD","File System Filter 'npsvctrig' (10.0, ‎1978‎-‎05‎-‎14T02:13:30.000000000Z) has successfully loaded and registered with Filter Manager."
"9/8/2026 6:09:02 PM","6","Information","Microsoft-Windows-FilterManager","CRASHLAB-GOLD","File System Filter 'FileCrypt' (10.0, ‎2075‎-‎08‎-‎31T15:07:07.000000000Z) has successfully loaded and registered with Filter Manager."
"9/8/2026 6:09:02 PM","98","Information","Microsoft-Windows-Ntfs","CRASHLAB-GOLD","Volume C: (\Device\HarddiskVolume3) is healthy. No action is needed."
"9/8/2026 6:09:01 PM","6","Information","Microsoft-Windows-FilterManager","CRASHLAB-GOLD","File System Filter 'WdFilter' (10.0, ‎2028‎-‎06‎-‎06T02:57:32.000000000Z) has successfully loaded and registered with Filter Manager."
"9/8/2026 6:09:01 PM","6","Information","Microsoft-Windows-FilterManager","CRASHLAB-GOLD","File System Filter 'Wof' (10.0, ‎2089‎-‎07‎-‎14T19:58:05.000000000Z) has successfully loaded and registered with Filter Manager."
"9/8/2026 6:09:01 PM","6","Information","Microsoft-Windows-FilterManager","CRASHLAB-GOLD","File System Filter 'FileInfo' (10.0, ‎2093‎-‎04‎-‎01T18:29:43.000000000Z) has successfully loaded and registered with Filter Manager."
"9/8/2026 6:09:01 PM","16","Information","Microsoft-Windows-HAL","CRASHLAB-GOLD","IOMMU fault reporting has been initialized."
"9/8/2026 6:09:01 PM","20","Information","Microsoft-Windows-Kernel-General","CRASHLAB-GOLD","The leap second configuration has been updated. Reason: Leap second data initialized from registry during boot Leap seconds enabled: true New leap second count: 0 Old leap second count: 0"
"9/8/2026 6:09:01 PM","32","Information","Microsoft-Windows-Kernel-Boot","CRASHLAB-GOLD","The bootmgr spent 0 ms waiting for user input."
"9/8/2026 6:09:01 PM","18","Information","Microsoft-Windows-Kernel-Boot","CRASHLAB-GOLD","There are 0x1 boot options on this system."
"9/8/2026 6:09:01 PM","27","Information","Microsoft-Windows-Kernel-Boot","CRASHLAB-GOLD","The boot type was 0x0."
"9/8/2026 6:09:01 PM","25","Information","Microsoft-Windows-Kernel-Boot","CRASHLAB-GOLD","The boot menu policy was 0x1."
"9/8/2026 6:09:01 PM","238","Information","Microsoft-Windows-Kernel-Boot","CRASHLAB-GOLD","EFI time zone bias: 2047. Daylight flags: 0. Firmware time: ‎2026‎-‎09‎-‎08T18:09:01.000000000Z."
"9/8/2026 6:09:01 PM","247","Information","Microsoft-Windows-Kernel-Boot","CRASHLAB-GOLD","Unable to load Pluton-Windows firmware. StatusCode: STATUS_SUCCESS, Reason: Failed to apply firmware."
"9/8/2026 6:09:01 PM","20","Information","Microsoft-Windows-Kernel-Boot","CRASHLAB-GOLD","The last shutdown's success status was true. The last boot's success status was true."
"9/8/2026 6:09:01 PM","153","Information","Microsoft-Windows-Kernel-Boot","CRASHLAB-GOLD","Virtualization-based security (policies: 0) is disabled."
"9/8/2026 6:09:01 PM","25","Information","Microsoft-Windows-Kernel-General","CRASHLAB-GOLD","The system time was initialized to ‎2026‎-‎09‎-‎09T01:09:01.500000000Z. Loader time: ‎2026‎-‎09‎-‎09T01:09:01.000000000Z Internal boot flags: 0x2 HAL RTC error code: 0x0 RTC time is in UTC: false Soft boot: false Success: true Phase: 0"
"9/8/2026 6:09:01 PM","12","Information","Microsoft-Windows-Kernel-General","CRASHLAB-GOLD","The operating system started at system time ‎2026‎-‎09‎-‎09T01:09:01.500000000Z."
"9/8/2026 6:09:31 PM","13","Information","Microsoft-Windows-Kernel-General","CRASHLAB-GOLD","The operating system is shutting down at system time ‎2026‎-‎09‎-‎09T01:09:31.584328100Z."
"9/8/2026 6:09:31 PM","577","Information","Microsoft-Windows-Kernel-Power","CRASHLAB-GOLD","The system has prepared for a system initiated reboot from Active."
"9/8/2026 6:09:31 PM","109","Information","Microsoft-Windows-Kernel-Power","CRASHLAB-GOLD","The kernel power manager has initiated a shutdown transition. Action: Power Action Reboot Event Code: 0x0 Reason: Kernel API"
"9/8/2026 6:09:06 PM","6013","Information","EventLog","CRASHLAB-GOLD","The system uptime is 5 seconds."
"9/8/2026 6:09:06 PM","6005","Information","EventLog","CRASHLAB-GOLD","The Event log service was started."
"9/8/2026 6:09:06 PM","6009","Information","EventLog","CRASHLAB-GOLD","Microsoft (R) Windows (R) 10.00. 26200 Multiprocessor Free."
"9/8/2026 6:09:30 PM","50037","Information","Microsoft-Windows-Dhcp-Client","CRASHLAB-GOLD","DHCPv4 client service is stopped. ShutDown Flag value is 1"
"9/8/2026 6:09:30 PM","50106","Information","Microsoft-Windows-Dhcp-Client","CRASHLAB-GOLD","DHCPv4 is waiting on DHCPv6 service to stop"
"9/8/2026 6:09:30 PM","51057","Information","Microsoft-Windows-DHCPv6-Client","CRASHLAB-GOLD","DHCPv6 client service stop is almost done.DHCP Context Ref count is 1"
"9/8/2026 6:09:30 PM","51047","Information","Microsoft-Windows-DHCPv6-Client","CRASHLAB-GOLD","DHCPv6 client service is stopped. ShutDown Flag value is 1"
"9/8/2026 6:09:30 PM","50105","Information","Microsoft-Windows-Dhcp-Client","CRASHLAB-GOLD","DHCPv4 client ProcessDHCPRequestForever received TERMINATE_EVENT"
"9/8/2026 6:09:30 PM","50104","Information","Microsoft-Windows-Dhcp-Client","CRASHLAB-GOLD","DHCPv4 client received shutdown notification"
"9/8/2026 6:09:30 PM","6006","Information","EventLog","CRASHLAB-GOLD","The Event log service was stopped."
"9/8/2026 6:09:30 PM","7002","Information","Microsoft-Windows-Winlogon","CRASHLAB-GOLD","User Log-off Notification for Customer Experience Improvement Program"
"9/8/2026 6:09:29 PM","10010","Error","Microsoft-Windows-DistributedCOM","CRASHLAB-GOLD","The server {544C4C52-DE0B-4D14-9510-21745381D5CA} did not register with DCOM within the required timeout."
"9/8/2026 6:09:29 PM","1074","Information","User32","CRASHLAB-GOLD","The process C:\WINDOWS\system32\wbem\wmiprvse.exe (CRASHLAB-GOLD) has initiated the restart of computer CRASHLAB-GOLD on behalf of user CRASHLAB-GOLD\CRASHLAB-GOLDEN for the following reason: No title for this reason could be found Reason Code: 0x80070015 Shut-down Type: restart Comment:"
"9/8/2026 6:08:48 PM","7040","Information","Service Control Manager","CRASHLAB-GOLD","The start type of the Background Intelligent Transfer Service service was changed from auto start to demand start."
"9/8/2026 6:08:20 PM","10016","Warning","Microsoft-Windows-DistributedCOM","CRASHLAB-GOLD","The application-specific permission settings do not grant Local Launch permission for the COM Server application with CLSID Windows.SecurityCenter.SecurityAppBroker and APPID Unavailable to the user NT AUTHORITY\SYSTEM SID (S-1-5-18) from address LocalHost (Using LRPC) running in the application container Unavailable SID (Unavailable). This security permission can be modified using the Component Services administrative tool."
"9/8/2026 6:08:20 PM","10016","Warning","Microsoft-Windows-DistributedCOM","CRASHLAB-GOLD","The application-specific permission settings do not grant Local Launch permission for the COM Server application with CLSID Windows.SecurityCenter.WscDataProtection and APPID Unavailable to the user NT AUTHORITY\SYSTEM SID (S-1-5-18) from address LocalHost (Using LRPC) running in the application container Unavailable SID (Unavailable). This security permission can be modified using the Component Services administrative tool."
"9/8/2026 6:08:20 PM","10016","Warning","Microsoft-Windows-DistributedCOM","CRASHLAB-GOLD","The application-specific permission settings do not grant Local Launch permission for the COM Server application with CLSID Windows.SecurityCenter.WscBrokerManager and APPID Unavailable to the user NT AUTHORITY\SYSTEM SID (S-1-5-18) from address LocalHost (Using LRPC) running in the application container Unavailable SID (Unavailable). This security permission can be modified using the Component Services administrative tool."
"9/8/2026 6:05:55 PM","1025","Information","Microsoft-Windows-TPM-WMI","CRASHLAB-GOLD","The TPM was successfully provisioned and is now ready for use."
"9/8/2026 6:05:55 PM","1282","Information","Microsoft-Windows-TPM-WMI","CRASHLAB-GOLD","The TBS device identifier has been generated."
"9/8/2026 6:05:50 PM","1040","Error","Microsoft-Windows-TPM-WMI","CRASHLAB-GOLD","Pre-attestation health checks confirm a critical component has failed, and the device is not expected to pass attestation. Please see C:\WINDOWS\Logs\MeasuredBoot\0000000008-0000000000.json for detailed information on what checks were made."
"9/8/2026 6:05:50 PM","1041","Information","Microsoft-Windows-TPM-WMI","CRASHLAB-GOLD","Pre-attestation health check detailed information: {""Version"":1,""HealthStatus"":""Cannot be attested"",""Required"":[{""Field"":""TpmPresent"",""Value"":true,""DesiredValue"":true},{""Field"":""TpmMeetsMinimumVersion"",""Value"":true,""DesiredValue"":true},{""Field"":""TpmIsResponsive"",""Value"":true,""DesiredValue"":true},{""Field"":""EkCertIsAvailable"",""Value"":false,""DesiredValue"":true},{""Field"":""TcgLogFound"",""Value"":true,""DesiredValue"":true}],""Expected"":[{""Field"":""PcrsMatchTcgLog"",""Value"":true,""DesiredValue"":true}],""Informational"":[{""Field"":""SecureBootEnabled"",""ValueFromComputer"":false,""ValueFromTcgLog"":false,""DesiredValue"":true,""TcgValueIsVerifiable"":true},{""Field"":""VirtualSecureMemory"",""ValueFromComputer"":false,""ValueFromTcgLog"":false,""DesiredValue"":true,""TcgValueIsVerifiable"":true},{""Field"":""SecureCorePCCompliant"",""ValueFromComputer"":false,""ValueFromTcgLog"":false,""DesiredValue"":true,""TcgValueIsVerifiable"":true}{""Field"":""BootTcgLogFoundInFileSystem"",""Value"":true,""DesiredValue"":true},{""Field"":""CurrentTcgLogFoundInFileSystem"",""Value"":true,""DesiredValue"":true}]}"
"9/8/2026 6:05:50 PM","19","Information","Microsoft-Windows-WindowsUpdateClient","CRASHLAB-GOLD","Installation Successful: Windows successfully installed the following update: 2026-09 .NET Framework Security Update (KB5126052)"
"9/8/2026 6:05:47 PM","16","Information","Microsoft-Windows-Kernel-General","CRASHLAB-GOLD","The access history in hive \??\C:\Users\CRASHLAB-GOLDEN\AppData\Local\Packages\Microsoft.LockApp_cw5n1h2txyewy\Settings\settings.dat was cleared updating 3 keys and creating 1 modified pages."
"9/8/2026 6:05:43 PM","10010","Error","Microsoft-Windows-DistributedCOM","CRASHLAB-GOLD","The server {A7451292-7906-414C-BB7B-DFD32C749E5C} did not register with DCOM within the required timeout."
"9/8/2026 6:05:40 PM","18","Information","TPM","CRASHLAB-GOLD","This event triggers the Trusted Platform Module (TPM) provisioning/status check to run."
"9/8/2026 6:05:38 PM","7001","Information","Microsoft-Windows-Winlogon","CRASHLAB-GOLD","User Log-on Notification for Customer Experience Improvement Program"
"9/8/2026 6:05:37 PM","7040","Information","Service Control Manager","CRASHLAB-GOLD","The start type of the Windows Modules Installer service was changed from auto start to demand start."
"9/8/2026 6:05:37 PM","7026","Information","Service Control Manager","CRASHLAB-GOLD","The following boot-start or system-start driver(s) did not load: dam uiomap"
"9/8/2026 6:05:35 PM","112","Information","Microsoft-Windows-HttpService","CRASHLAB-GOLD","Attempted to reserve URL http://+:10246/MDEServer/. Status 0x0. Process Id 0x4 Executable path , User S-1-5-18"
"9/8/2026 6:05:35 PM","112","Information","Microsoft-Windows-HttpService","CRASHLAB-GOLD","Attempted to reserve URL http://+:10247/apps/. Status 0x0. Process Id 0x4 Executable path , User S-1-5-18"
"9/8/2026 6:05:35 PM","112","Information","Microsoft-Windows-HttpService","CRASHLAB-GOLD","Attempted to reserve URL http://+:10243/WMPNSSv4/. Status 0x0. Process Id 0x4 Executable path , User S-1-5-18"
"9/8/2026 6:05:35 PM","112","Information","Microsoft-Windows-HttpService","CRASHLAB-GOLD","Attempted to reserve URL https://+:10245/WMPNSSv4/. Status 0x0. Process Id 0x4 Executable path , User S-1-5-18"
"9/8/2026 6:05:35 PM","112","Information","Microsoft-Windows-HttpService","CRASHLAB-GOLD","Attempted to reserve URL http://+:80/116B50EB-ECE2-41ac-8429-9F9E963361B7/. Status 0x0. Process Id 0x4 Executable path , User S-1-5-18"
"9/8/2026 6:05:35 PM","112","Information","Microsoft-Windows-HttpService","CRASHLAB-GOLD","Attempted to reserve URL https://+:443/C574AC30-5794-4AEE-B1BB-6651C5315029/. Status 0x0. Process Id 0x4 Executable path , User S-1-5-18"
"9/8/2026 6:05:35 PM","112","Information","Microsoft-Windows-HttpService","CRASHLAB-GOLD","Attempted to reserve URL http://+:80/0131501b-d67f-491b-9a40-c4bf27bcb4d4/. Status 0x0. Process Id 0x4 Executable path , User S-1-5-18"
"9/8/2026 6:05:35 PM","112","Information","Microsoft-Windows-HttpService","CRASHLAB-GOLD","Attempted to reserve URL https://+:443/sra_{BA195980-CD49-458b-9E23-C84EE0ADCD75}/. Status 0x0. Process Id 0x4 Executable path , User S-1-5-18"
"9/8/2026 6:05:35 PM","112","Information","Microsoft-Windows-HttpService","CRASHLAB-GOLD","Attempted to reserve URL https://+:3392/rdp/. Status 0x0. Process Id 0x4 Executable path , User S-1-5-18"
"9/8/2026 6:05:35 PM","112","Information","Microsoft-Windows-HttpService","CRASHLAB-GOLD","Attempted to reserve URL http://+:5985/wsman/. Status 0x0. Process Id 0x4 Executable path , User S-1-5-18"
"9/8/2026 6:05:35 PM","112","Information","Microsoft-Windows-HttpService","CRASHLAB-GOLD","Attempted to reserve URL http://+:47001/wsman/. Status 0x0. Process Id 0x4 Executable path , User S-1-5-18"
"9/8/2026 6:05:35 PM","112","Information","Microsoft-Windows-HttpService","CRASHLAB-GOLD","Attempted to reserve URL https://+:5986/wsman/. Status 0x0. Process Id 0x4 Executable path , User S-1-5-18"
"9/8/2026 6:05:35 PM","112","Information","Microsoft-Windows-HttpService","CRASHLAB-GOLD","Attempted to reserve URL http://*:2869/. Status 0x0. Process Id 0x4 Executable path , User S-1-5-18"
"9/8/2026 6:05:35 PM","112","Information","Microsoft-Windows-HttpService","CRASHLAB-GOLD","Attempted to reserve URL https://*:5358/. Status 0x0. Process Id 0x4 Executable path , User S-1-5-18"
"9/8/2026 6:05:35 PM","112","Information","Microsoft-Windows-HttpService","CRASHLAB-GOLD","Attempted to reserve URL http://+:80/Temporary_Listen_Addresses/. Status 0x0. Process Id 0x4 Executable path , User S-1-5-18"
"9/8/2026 6:05:35 PM","112","Information","Microsoft-Windows-HttpService","CRASHLAB-GOLD","Attempted to reserve URL http://*:5357/. Status 0x0. Process Id 0x4 Executable path , User S-1-5-18"
"9/8/2026 6:05:34 PM","51046","Information","Microsoft-Windows-DHCPv6-Client","CRASHLAB-GOLD","DHCPv6 client service is started"
"9/8/2026 6:05:34 PM","50036","Information","Microsoft-Windows-Dhcp-Client","CRASHLAB-GOLD","DHCPv4 client service is started"
"9/8/2026 6:05:34 PM","50103","Information","Microsoft-Windows-Dhcp-Client","CRASHLAB-GOLD","DHCPv4 client registered for shutdown notification"
"9/8/2026 6:05:34 PM","50036","Information","Microsoft-Windows-Dhcp-Client","CRASHLAB-GOLD","DHCPv4 client service is started"
"9/8/2026 6:05:34 PM","6","Information","Microsoft-Windows-FilterManager","CRASHLAB-GOLD","File System Filter 'bindflt' (10.0, ‎2081‎-‎10‎-‎17T14:34:26.000000000Z) has successfully loaded and registered with Filter Manager."
"9/8/2026 6:05:34 PM","6","Information","Microsoft-Windows-FilterManager","CRASHLAB-GOLD","File System Filter 'UCPD' (10.0, ‎2061‎-‎11‎-‎20T00:48:12.000000000Z) has successfully loaded and registered with Filter Manager."
"9/8/2026 6:05:34 PM","6","Information","Microsoft-Windows-FilterManager","CRASHLAB-GOLD","File System Filter 'storqosflt' (10.0, ‎2016‎-‎04‎-‎28T15:00:23.000000000Z) has successfully loaded and registered with Filter Manager."
"9/8/2026 6:05:34 PM","6","Information","Microsoft-Windows-FilterManager","CRASHLAB-GOLD","File System Filter 'CldFlt' (10.0, ‎1991‎-‎05‎-‎02T13:16:55.000000000Z) has successfully loaded and registered with Filter Manager."
"9/8/2026 6:05:34 PM","1","Information","Microsoft-Windows-FilterManager","CRASHLAB-GOLD","File System Filter 'CldFlt' (Version 10.0, ‎1991‎-‎05‎-‎02T13:16:55.000000000Z) unloaded successfully."
"9/8/2026 6:05:34 PM","6","Information","Microsoft-Windows-FilterManager","CRASHLAB-GOLD","File System Filter 'CldFlt' (10.0, ‎1991‎-‎05‎-‎02T13:16:55.000000000Z) has successfully loaded and registered with Filter Manager."
"9/8/2026 6:05:34 PM","6","Information","Microsoft-Windows-FilterManager","CRASHLAB-GOLD","File System Filter 'UnionFS' (10.0, ‎2017‎-‎11‎-‎02T22:31:51.000000000Z) has successfully loaded and registered with Filter Manager."
"9/8/2026 6:05:34 PM","6","Information","Microsoft-Windows-FilterManager","CRASHLAB-GOLD","File System Filter 'luafv' (10.0, ‎2057‎-‎06‎-‎14T06:55:30.000000000Z) has successfully loaded and registered with Filter Manager."
"9/8/2026 6:05:34 PM","6","Information","Microsoft-Windows-FilterManager","CRASHLAB-GOLD","File System Filter 'wcifs' (10.0, ‎1985‎-‎11‎-‎26T07:47:21.000000000Z) has successfully loaded and registered with Filter Manager."
"9/8/2026 6:05:34 PM","6","Information","Microsoft-Windows-FilterManager","CRASHLAB-GOLD","File System Filter 'bfs' (10.0, ‎2086‎-‎03‎-‎20T04:03:22.000000000Z) has successfully loaded and registered with Filter Manager."
"9/8/2026 6:05:34 PM","6","Information","Microsoft-Windows-FilterManager","CRASHLAB-GOLD","File System Filter 'applockerfltr' (10.0, ‎2033‎-‎08‎-‎14T04:35:15.000000000Z) has successfully loaded and registered with Filter Manager."
"9/8/2026 6:05:33 PM","16983","Information","Microsoft-Windows-Directory-Services-SAM","CRASHLAB-GOLD","The security account manager is now logging periodic summary events for remote clients that call legacy password change or set RPC methods. For more information please see https://go.microsoft.com/fwlink/?linkid=2150956."
"9/8/2026 6:05:33 PM","16977","Information","Microsoft-Windows-Directory-Services-SAM","CRASHLAB-GOLD","The domain is configured with the following minimum password length-related settings. MinimumPasswordLength: 0 RelaxMinimumPasswordLengthLimits: 0 MinimumPasswordLengthAudit: -1 For more information see https://go.microsoft.com/fwlink/?LinkId=2097191."
"9/8/2026 6:05:33 PM","16962","Information","Microsoft-Windows-Directory-Services-SAM","CRASHLAB-GOLD","Remote calls to the SAM database are being restricted using the default security descriptor: O:SYG:SYD:(A;;RC;;;BA). For more information please see http://go.microsoft.com/fwlink/?LinkId=787651."
"9/8/2026 6:05:33 PM","6156","Information","LsaSrv","CRASHLAB-GOLD","Credential Guard auto enablement status. Hardware Requirements for Virtualisation Based Security: 1 Domain Joined: 0 Azure AD Joined: 0 Licensed for Credential Guard: 0 Domain Controller: 0"
"9/8/2026 6:05:33 PM","12","Information","Microsoft-Windows-Wininit","CRASHLAB-GOLD","LSASS.exe was started as a protected process with level: 4."
"9/8/2026 6:05:33 PM","14","Information","Microsoft-Windows-Wininit","CRASHLAB-GOLD","Credential Guard configuration: Registry Configuration: 0x0 Test Configuration: 0 Auto Enablement: 0"
"9/8/2026 6:05:33 PM","23","Information","Microsoft-Windows-Wininit","CRASHLAB-GOLD","Boot App Anti-Rollback: Initialise Completed with status: HRESULT: The operation completed successfully. New timer needed: false New timer waiting for system update completion: false Previous latch timer exists but disabled by registry: false"
"9/8/2026 6:05:33 PM","25","Information","Microsoft-Windows-Wininit","CRASHLAB-GOLD","Boot App Anti-Rollback: Previous timer resumed with status: HRESULT: The operation completed successfully. Previous timer present: false Start time: ‎1601‎-‎01‎-‎01T00:00:00.000000000Z Grace period: 0 Attempted recovery enforcement succeeded: false"
"9/8/2026 6:05:33 PM","19","Information","Microsoft-Windows-Wininit","CRASHLAB-GOLD","Virtualisation Based Security new timer creation status HRESULT: The operation completed successfully. New latch timer needed: false New latch timer waiting for system update completion: false Previous latch timer exists but disabled by registry: false Policy file exists: false"
"9/8/2026 6:05:33 PM","24","Information","Microsoft-Windows-Kernel-General","CRASHLAB-GOLD","The time zone information was refreshed with exit reason 0. Current time zone bias is 420."
"9/8/2026 6:05:33 PM","98","Information","Microsoft-Windows-Ntfs","CRASHLAB-GOLD","Volume \\?\Volume{a6c16a98-825c-474d-aa27-6e56c6cf4e9b} (\Device\HarddiskVolume4) is healthy. No action is needed."
"9/8/2026 6:05:30 PM","55","Information","Microsoft-Windows-Kernel-Processor-Power","CRASHLAB-GOLD","Processor 1 in group 0 exposes the following power management capabilities: Idle state type: ACPI Idle (C) States (1 state(s)) Performance state type: None Nominal Frequency (MHz): 3600 Maximum performance percentage: 100 Minimum performance percentage: 100 Minimum throttle percentage: 100"
"9/8/2026 6:05:30 PM","55","Information","Microsoft-Windows-Kernel-Processor-Power","CRASHLAB-GOLD","Processor 0 in group 0 exposes the following power management capabilities: Idle state type: ACPI Idle (C) States (1 state(s)) Performance state type: None Nominal Frequency (MHz): 3600 Maximum performance percentage: 100 Minimum performance percentage: 100 Minimum throttle percentage: 100"
"9/8/2026 6:05:30 PM","172","Information","Microsoft-Windows-Kernel-Power","CRASHLAB-GOLD","Connectivity state in standby: Disconnected, Reason: NIC compliance"
"9/8/2026 6:05:30 PM","6","Information","Microsoft-Windows-FilterManager","CRASHLAB-GOLD","File System Filter 'npsvctrig' (10.0, ‎1978‎-‎05‎-‎14T02:13:30.000000000Z) has successfully loaded and registered with Filter Manager."
"9/8/2026 6:05:30 PM","6","Information","Microsoft-Windows-FilterManager","CRASHLAB-GOLD","File System Filter 'FileCrypt' (10.0, ‎2075‎-‎08‎-‎31T15:07:07.000000000Z) has successfully loaded and registered with Filter Manager."
"9/8/2026 6:05:30 PM","98","Information","Microsoft-Windows-Ntfs","CRASHLAB-GOLD","Volume C: (\Device\HarddiskVolume3) is healthy. No action is needed."
"9/8/2026 6:05:29 PM","6","Information","Microsoft-Windows-FilterManager","CRASHLAB-GOLD","File System Filter 'WdFilter' (10.0, ‎2028‎-‎06‎-‎06T02:57:32.000000000Z) has successfully loaded and registered with Filter Manager."
"9/8/2026 6:05:29 PM","6","Information","Microsoft-Windows-FilterManager","CRASHLAB-GOLD","File System Filter 'Wof' (10.0, ‎2089‎-‎07‎-‎14T19:58:05.000000000Z) has successfully loaded and registered with Filter Manager."
"9/8/2026 6:05:29 PM","6","Information","Microsoft-Windows-FilterManager","CRASHLAB-GOLD","File System Filter 'FileInfo' (10.0, ‎2093‎-‎04‎-‎01T18:29:43.000000000Z) has successfully loaded and registered with Filter Manager."
"9/8/2026 6:05:29 PM","16","Information","Microsoft-Windows-HAL","CRASHLAB-GOLD","IOMMU fault reporting has been initialized."
"9/8/2026 6:05:29 PM","20","Information","Microsoft-Windows-Kernel-General","CRASHLAB-GOLD","The leap second configuration has been updated. Reason: Leap second data initialized from registry during boot Leap seconds enabled: true New leap second count: 0 Old leap second count: 0"
"9/8/2026 6:05:29 PM","32","Information","Microsoft-Windows-Kernel-Boot","CRASHLAB-GOLD","The bootmgr spent 0 ms waiting for user input."
"9/8/2026 6:05:29 PM","18","Information","Microsoft-Windows-Kernel-Boot","CRASHLAB-GOLD","There are 0x1 boot options on this system."
"9/8/2026 6:05:29 PM","27","Information","Microsoft-Windows-Kernel-Boot","CRASHLAB-GOLD","The boot type was 0x0."
"9/8/2026 6:05:29 PM","25","Information","Microsoft-Windows-Kernel-Boot","CRASHLAB-GOLD","The boot menu policy was 0x1."
"9/8/2026 6:05:29 PM","238","Information","Microsoft-Windows-Kernel-Boot","CRASHLAB-GOLD","EFI time zone bias: 2047. Daylight flags: 0. Firmware time: ‎2026‎-‎09‎-‎08T18:05:29.000000000Z."
"9/8/2026 6:05:29 PM","247","Information","Microsoft-Windows-Kernel-Boot","CRASHLAB-GOLD","Unable to load Pluton-Windows firmware. StatusCode: STATUS_SUCCESS, Reason: Failed to apply firmware."
"9/8/2026 6:05:29 PM","20","Information","Microsoft-Windows-Kernel-Boot","CRASHLAB-GOLD","The last shutdown's success status was true. The last boot's success status was true."
"9/8/2026 6:05:29 PM","153","Information","Microsoft-Windows-Kernel-Boot","CRASHLAB-GOLD","Virtualization-based security (policies: 0) is disabled."
"9/8/2026 6:05:29 PM","25","Information","Microsoft-Windows-Kernel-General","CRASHLAB-GOLD","The system time was initialized to ‎2026‎-‎09‎-‎09T01:05:29.500000000Z. Loader time: ‎2026‎-‎09‎-‎09T01:05:29.000000000Z Internal boot flags: 0x2 HAL RTC error code: 0x0 RTC time is in UTC: false Soft boot: false Success: true Phase: 0"
"9/8/2026 6:05:29 PM","12","Information","Microsoft-Windows-Kernel-General","CRASHLAB-GOLD","The operating system started at system time ‎2026‎-‎09‎-‎09T01:05:29.500000000Z."
"9/8/2026 6:05:15 PM","13","Information","Microsoft-Windows-Kernel-General","CRASHLAB-GOLD","The operating system is shutting down at system time ‎2026‎-‎09‎-‎09T01:05:15.711239600Z."
"9/8/2026 6:05:15 PM","577","Information","Microsoft-Windows-Kernel-Power","CRASHLAB-GOLD","The system has prepared for a system initiated reboot from Active."
"9/8/2026 6:05:15 PM","109","Information","Microsoft-Windows-Kernel-Power","CRASHLAB-GOLD","The kernel power manager has initiated a shutdown transition. Action: Power Action Reboot Event Code: 0x0 Reason: Kernel API"
"9/8/2026 6:05:34 PM","6013","Information","EventLog","CRASHLAB-GOLD","The system uptime is 5 seconds."
"9/8/2026 6:05:34 PM","6005","Information","EventLog","CRASHLAB-GOLD","The Event log service was started."
"9/8/2026 6:05:34 PM","6009","Information","EventLog","CRASHLAB-GOLD","Microsoft (R) Windows (R) 10.00. 26200 Multiprocessor Free."
"9/8/2026 6:05:14 PM","50037","Information","Microsoft-Windows-Dhcp-Client","CRASHLAB-GOLD","DHCPv4 client service is stopped. ShutDown Flag value is 1"
"9/8/2026 6:05:14 PM","50106","Information","Microsoft-Windows-Dhcp-Client","CRASHLAB-GOLD","DHCPv4 is waiting on DHCPv6 service to stop"
"9/8/2026 6:05:14 PM","51057","Information","Microsoft-Windows-DHCPv6-Client","CRASHLAB-GOLD","DHCPv6 client service stop is almost done.DHCP Context Ref count is 1"
"9/8/2026 6:05:14 PM","51047","Information","Microsoft-Windows-DHCPv6-Client","CRASHLAB-GOLD","DHCPv6 client service is stopped. ShutDown Flag value is 1"
"9/8/2026 6:05:14 PM","50105","Information","Microsoft-Windows-Dhcp-Client","CRASHLAB-GOLD","DHCPv4 client ProcessDHCPRequestForever received TERMINATE_EVENT"
"9/8/2026 6:05:14 PM","50104","Information","Microsoft-Windows-Dhcp-Client","CRASHLAB-GOLD","DHCPv4 client received shutdown notification"
"9/8/2026 6:05:14 PM","6006","Information","EventLog","CRASHLAB-GOLD","The Event log service was stopped."
"9/8/2026 6:05:05 PM","7002","Information","Microsoft-Windows-Winlogon","CRASHLAB-GOLD","User Log-off Notification for Customer Experience Improvement Program"
"9/8/2026 6:05:05 PM","100","Warning","winsrvext","CRASHLAB-GOLD","Process C:\Windows\explorer.exe is delaying system shutdown after 5015 milliseconds."
"9/8/2026 6:05:02 PM","10010","Error","Microsoft-Windows-DistributedCOM","CRASHLAB-GOLD","The server {69B7FE84-6361-4423-B948-1D64820B1E96} did not register with DCOM within the required timeout."
"9/8/2026 6:05:01 PM","10010","Error","Microsoft-Windows-DistributedCOM","CRASHLAB-GOLD","The server {544C4C52-DE0B-4D14-9510-21745381D5CA} did not register with DCOM within the required timeout."
"9/8/2026 6:05:01 PM","10010","Error","Microsoft-Windows-DistributedCOM","CRASHLAB-GOLD","The server {FD06603A-2BDF-4BB1-B7DF-5DC68F353601} did not register with DCOM within the required timeout."
"9/8/2026 6:05:00 PM","1074","Information","User32","CRASHLAB-GOLD","The process C:\WINDOWS\uus\packages\preview\AMD64\MoNotificationUx.exe (CRASHLAB-GOLD) has initiated the restart of computer CRASHLAB-GOLD on behalf of user CRASHLAB-GOLD\CRASHLAB-GOLDEN for the following reason: Operating System: Service pack (Planned) Reason Code: 0x80020010 Shut-down Type: restart Comment:"
"9/8/2026 6:04:44 PM","7040","Information","Service Control Manager","CRASHLAB-GOLD","The start type of the Windows Modules Installer service was changed from demand start to auto start."
"9/8/2026 6:04:43 PM","7040","Information","Service Control Manager","CRASHLAB-GOLD","The start type of the Windows Modules Installer service was changed from auto start to demand start."
"9/8/2026 6:04:35 PM","7040","Information","Service Control Manager","CRASHLAB-GOLD","The start type of the Windows Modules Installer service was changed from demand start to auto start."
"9/8/2026 6:04:34 PM","43","Information","Microsoft-Windows-WindowsUpdateClient","CRASHLAB-GOLD","Installation Started: Windows has started installing the following update: 2026-09 .NET Framework Security Update (KB5126052)"
"9/8/2026 6:04:34 PM","19","Information","Microsoft-Windows-WindowsUpdateClient","CRASHLAB-GOLD","Installation Successful: Windows successfully installed the following update: Windows Malicious Software Removal Tool x64 - v5.145 (KB890830)"
"9/8/2026 6:04:29 PM","7040","Information","Service Control Manager","CRASHLAB-GOLD","The start type of the Windows Modules Installer service was changed from auto start to demand start."
"9/8/2026 6:04:18 PM","16","Information","Microsoft-Windows-Kernel-General","CRASHLAB-GOLD","The access history in hive \??\C:\Users\CRASHLAB-GOLDEN\AppData\Local\Packages\Microsoft.SecHealthUI_8wekyb3d8bbwe\Settings\settings.dat was cleared updating 3 keys and creating 1 modified pages."
"9/8/2026 6:04:18 PM","16","Information","Microsoft-Windows-Kernel-General","CRASHLAB-GOLD","The access history in hive \??\C:\ProgramData\Microsoft\Windows\AppRepository\Packages\Microsoft.SecHealthUI_1000.29628.1000.0_x64__8wekyb3d8bbwe\ActivationStore.dat was cleared updating 0 keys and creating 0 modified pages."
"9/8/2026 6:03:50 PM","7040","Information","Service Control Manager","CRASHLAB-GOLD","The start type of the Windows Modules Installer service was changed from demand start to auto start."
"9/8/2026 6:03:50 PM","43","Information","Microsoft-Windows-WindowsUpdateClient","CRASHLAB-GOLD","Installation Started: Windows has started installing the following update: Windows Malicious Software Removal Tool x64 - v5.145 (KB890830)"
"9/8/2026 6:03:40 PM","19","Information","Microsoft-Windows-WindowsUpdateClient","CRASHLAB-GOLD","Installation Successful: Windows successfully installed the following update: Update for Windows Security platform - KB5007651 (Version 10.0.29628.1000)"
"9/8/2026 6:03:40 PM","43","Information","Microsoft-Windows-WindowsUpdateClient","CRASHLAB-GOLD","Installation Started: Windows has started installing the following update: Update for Windows Security platform - KB5007651 (Version 10.0.29628.1000)"
"9/8/2026 6:03:40 PM","44","Information","Microsoft-Windows-WindowsUpdateClient","CRASHLAB-GOLD","Windows Update started downloading an update."
"9/8/2026 6:03:40 PM","44","Information","Microsoft-Windows-WindowsUpdateClient","CRASHLAB-GOLD","Windows Update started downloading an update."
"9/8/2026 6:03:40 PM","44","Information","Microsoft-Windows-WindowsUpdateClient","CRASHLAB-GOLD","Windows Update started downloading an update."
"9/8/2026 6:03:05 PM","7040","Information","Service Control Manager","CRASHLAB-GOLD","The start type of the Remote Access IP ARP Driver service was changed from demand start to auto start."
"9/8/2026 6:02:51 PM","7040","Information","Service Control Manager","CRASHLAB-GOLD","The start type of the Windows Update service was changed from demand start to auto start."
"9/8/2026 6:02:24 PM","10016","Warning","Microsoft-Windows-DistributedCOM","CRASHLAB-GOLD","The application-specific permission settings do not grant Local Launch permission for the COM Server application with CLSID Windows.SecurityCenter.SecurityAppBroker and APPID Unavailable to the user NT AUTHORITY\SYSTEM SID (S-1-5-18) from address LocalHost (Using LRPC) running in the application container Unavailable SID (Unavailable). This security permission can be modified using the Component Services administrative tool."
"9/8/2026 6:02:24 PM","10016","Warning","Microsoft-Windows-DistributedCOM","CRASHLAB-GOLD","The application-specific permission settings do not grant Local Launch permission for the COM Server application with CLSID Windows.SecurityCenter.WscBrokerManager and APPID Unavailable to the user NT AUTHORITY\SYSTEM SID (S-1-5-18) from address LocalHost (Using LRPC) running in the application container Unavailable SID (Unavailable). This security permission can be modified using the Component Services administrative tool."
"9/8/2026 6:02:24 PM","10016","Warning","Microsoft-Windows-DistributedCOM","CRASHLAB-GOLD","The application-specific permission settings do not grant Local Launch permission for the COM Server application with CLSID Windows.SecurityCenter.WscDataProtection and APPID Unavailable to the user NT AUTHORITY\SYSTEM SID (S-1-5-18) from address LocalHost (Using LRPC) running in the application container Unavailable SID (Unavailable). This security permission can be modified using the Component Services administrative tool."
"9/8/2026 6:01:11 PM","7040","Information","Service Control Manager","CRASHLAB-GOLD","The start type of the Background Intelligent Transfer Service service was changed from demand start to auto start."
"9/8/2026 6:00:53 PM","16","Information","Microsoft-Windows-Kernel-General","CRASHLAB-GOLD","The access history in hive \??\C:\Users\CRASHLAB-GOLDEN\AppData\Local\Packages\Microsoft.WindowsNotepad_8wekyb3d8bbwe\Settings\settings.dat was cleared updating 3 keys and creating 1 modified pages."
"9/8/2026 6:00:49 PM","10010","Error","Microsoft-Windows-DistributedCOM","CRASHLAB-GOLD","The server {A7451292-7906-414C-BB7B-DFD32C749E5C} did not register with DCOM within the required timeout."
"9/8/2026 6:00:45 PM","7001","Information","Microsoft-Windows-Winlogon","CRASHLAB-GOLD","User Log-on Notification for Customer Experience Improvement Program"
"9/8/2026 6:00:44 PM","1025","Information","Microsoft-Windows-TPM-WMI","CRASHLAB-GOLD","The TPM was successfully provisioned and is now ready for use."
"9/8/2026 6:00:44 PM","1282","Information","Microsoft-Windows-TPM-WMI","CRASHLAB-GOLD","The TBS device identifier has been generated."
"9/8/2026 6:00:43 PM","18","Information","TPM","CRASHLAB-GOLD","This event triggers the Trusted Platform Module (TPM) provisioning/status check to run."
"9/8/2026 6:00:43 PM","7026","Information","Service Control Manager","CRASHLAB-GOLD","The following boot-start or system-start driver(s) did not load: dam uiomap"
"9/8/2026 6:00:41 PM","1040","Error","Microsoft-Windows-TPM-WMI","CRASHLAB-GOLD","Pre-attestation health checks confirm a critical component has failed, and the device is not expected to pass attestation. Please see C:\WINDOWS\Logs\MeasuredBoot\0000000007-0000000000.json for detailed information on what checks were made."
"9/8/2026 6:00:41 PM","1041","Information","Microsoft-Windows-TPM-WMI","CRASHLAB-GOLD","Pre-attestation health check detailed information: {""Version"":1,""HealthStatus"":""Cannot be attested"",""Required"":[{""Field"":""TpmPresent"",""Value"":true,""DesiredValue"":true},{""Field"":""TpmMeetsMinimumVersion"",""Value"":true,""DesiredValue"":true},{""Field"":""TpmIsResponsive"",""Value"":true,""DesiredValue"":true},{""Field"":""EkCertIsAvailable"",""Value"":false,""DesiredValue"":true},{""Field"":""TcgLogFound"",""Value"":true,""DesiredValue"":true}],""Expected"":[{""Field"":""PcrsMatchTcgLog"",""Value"":true,""DesiredValue"":true}],""Informational"":[{""Field"":""SecureBootEnabled"",""ValueFromComputer"":false,""ValueFromTcgLog"":false,""DesiredValue"":true,""TcgValueIsVerifiable"":true},{""Field"":""VirtualSecureMemory"",""ValueFromComputer"":false,""ValueFromTcgLog"":false,""DesiredValue"":true,""TcgValueIsVerifiable"":true},{""Field"":""SecureCorePCCompliant"",""ValueFromComputer"":false,""ValueFromTcgLog"":false,""DesiredValue"":true,""TcgValueIsVerifiable"":true}{""Field"":""BootTcgLogFoundInFileSystem"",""Value"":true,""DesiredValue"":true},{""Field"":""CurrentTcgLogFoundInFileSystem"",""Value"":true,""DesiredValue"":true}]}"
"9/8/2026 6:00:40 PM","112","Information","Microsoft-Windows-HttpService","CRASHLAB-GOLD","Attempted to reserve URL http://+:10246/MDEServer/. Status 0x0. Process Id 0x4 Executable path , User S-1-5-18"
"9/8/2026 6:00:40 PM","112","Information","Microsoft-Windows-HttpService","CRASHLAB-GOLD","Attempted to reserve URL http://+:10247/apps/. Status 0x0. Process Id 0x4 Executable path , User S-1-5-18"
"9/8/2026 6:00:40 PM","112","Information","Microsoft-Windows-HttpService","CRASHLAB-GOLD","Attempted to reserve URL http://+:10243/WMPNSSv4/. Status 0x0. Process Id 0x4 Executable path , User S-1-5-18"
"9/8/2026 6:00:40 PM","112","Information","Microsoft-Windows-HttpService","CRASHLAB-GOLD","Attempted to reserve URL https://+:10245/WMPNSSv4/. Status 0x0. Process Id 0x4 Executable path , User S-1-5-18"
"9/8/2026 6:00:40 PM","112","Information","Microsoft-Windows-HttpService","CRASHLAB-GOLD","Attempted to reserve URL http://+:80/116B50EB-ECE2-41ac-8429-9F9E963361B7/. Status 0x0. Process Id 0x4 Executable path , User S-1-5-18"
"9/8/2026 6:00:40 PM","112","Information","Microsoft-Windows-HttpService","CRASHLAB-GOLD","Attempted to reserve URL https://+:443/C574AC30-5794-4AEE-B1BB-6651C5315029/. Status 0x0. Process Id 0x4 Executable path , User S-1-5-18"
"9/8/2026 6:00:40 PM","112","Information","Microsoft-Windows-HttpService","CRASHLAB-GOLD","Attempted to reserve URL http://+:80/0131501b-d67f-491b-9a40-c4bf27bcb4d4/. Status 0x0. Process Id 0x4 Executable path , User S-1-5-18"
"9/8/2026 6:00:40 PM","112","Information","Microsoft-Windows-HttpService","CRASHLAB-GOLD","Attempted to reserve URL https://+:443/sra_{BA195980-CD49-458b-9E23-C84EE0ADCD75}/. Status 0x0. Process Id 0x4 Executable path , User S-1-5-18"
"9/8/2026 6:00:40 PM","112","Information","Microsoft-Windows-HttpService","CRASHLAB-GOLD","Attempted to reserve URL https://+:3392/rdp/. Status 0x0. Process Id 0x4 Executable path , User S-1-5-18"
"9/8/2026 6:00:40 PM","112","Information","Microsoft-Windows-HttpService","CRASHLAB-GOLD","Attempted to reserve URL http://+:5985/wsman/. Status 0x0. Process Id 0x4 Executable path , User S-1-5-18"
"9/8/2026 6:00:40 PM","112","Information","Microsoft-Windows-HttpService","CRASHLAB-GOLD","Attempted to reserve URL http://+:47001/wsman/. Status 0x0. Process Id 0x4 Executable path , User S-1-5-18"
"9/8/2026 6:00:40 PM","112","Information","Microsoft-Windows-HttpService","CRASHLAB-GOLD","Attempted to reserve URL https://+:5986/wsman/. Status 0x0. Process Id 0x4 Executable path , User S-1-5-18"
"9/8/2026 6:00:40 PM","112","Information","Microsoft-Windows-HttpService","CRASHLAB-GOLD","Attempted to reserve URL http://*:2869/. Status 0x0. Process Id 0x4 Executable path , User S-1-5-18"
"9/8/2026 6:00:40 PM","112","Information","Microsoft-Windows-HttpService","CRASHLAB-GOLD","Attempted to reserve URL https://*:5358/. Status 0x0. Process Id 0x4 Executable path , User S-1-5-18"
"9/8/2026 6:00:40 PM","112","Information","Microsoft-Windows-HttpService","CRASHLAB-GOLD","Attempted to reserve URL http://+:80/Temporary_Listen_Addresses/. Status 0x0. Process Id 0x4 Executable path , User S-1-5-18"
"9/8/2026 6:00:40 PM","112","Information","Microsoft-Windows-HttpService","CRASHLAB-GOLD","Attempted to reserve URL http://*:5357/. Status 0x0. Process Id 0x4 Executable path , User S-1-5-18"
"9/8/2026 6:00:39 PM","51046","Information","Microsoft-Windows-DHCPv6-Client","CRASHLAB-GOLD","DHCPv6 client service is started"
"9/8/2026 6:00:39 PM","50036","Information","Microsoft-Windows-Dhcp-Client","CRASHLAB-GOLD","DHCPv4 client service is started"
"9/8/2026 6:00:39 PM","50103","Information","Microsoft-Windows-Dhcp-Client","CRASHLAB-GOLD","DHCPv4 client registered for shutdown notification"
"9/8/2026 6:00:39 PM","50036","Information","Microsoft-Windows-Dhcp-Client","CRASHLAB-GOLD","DHCPv4 client service is started"
"9/8/2026 6:00:39 PM","6","Information","Microsoft-Windows-FilterManager","CRASHLAB-GOLD","File System Filter 'bindflt' (10.0, ‎2081‎-‎10‎-‎17T14:34:26.000000000Z) has successfully loaded and registered with Filter Manager."
"9/8/2026 6:00:39 PM","6","Information","Microsoft-Windows-FilterManager","CRASHLAB-GOLD","File System Filter 'UCPD' (10.0, ‎2061‎-‎11‎-‎20T00:48:12.000000000Z) has successfully loaded and registered with Filter Manager."
"9/8/2026 6:00:39 PM","6","Information","Microsoft-Windows-FilterManager","CRASHLAB-GOLD","File System Filter 'storqosflt' (10.0, ‎2016‎-‎04‎-‎28T15:00:23.000000000Z) has successfully loaded and registered with Filter Manager."
"9/8/2026 6:00:39 PM","6","Information","Microsoft-Windows-FilterManager","CRASHLAB-GOLD","File System Filter 'UnionFS' (10.0, ‎2017‎-‎11‎-‎02T22:31:51.000000000Z) has successfully loaded and registered with Filter Manager."
"9/8/2026 6:00:39 PM","6","Information","Microsoft-Windows-FilterManager","CRASHLAB-GOLD","File System Filter 'CldFlt' (10.0, ‎1991‎-‎05‎-‎02T13:16:55.000000000Z) has successfully loaded and registered with Filter Manager."
"9/8/2026 6:00:39 PM","1","Information","Microsoft-Windows-FilterManager","CRASHLAB-GOLD","File System Filter 'CldFlt' (Version 10.0, ‎1991‎-‎05‎-‎02T13:16:55.000000000Z) unloaded successfully."
"9/8/2026 6:00:39 PM","6","Information","Microsoft-Windows-FilterManager","CRASHLAB-GOLD","File System Filter 'CldFlt' (10.0, ‎1991‎-‎05‎-‎02T13:16:55.000000000Z) has successfully loaded and registered with Filter Manager."
"9/8/2026 6:00:39 PM","6","Information","Microsoft-Windows-FilterManager","CRASHLAB-GOLD","File System Filter 'wcifs' (10.0, ‎1985‎-‎11‎-‎26T07:47:21.000000000Z) has successfully loaded and registered with Filter Manager."
"9/8/2026 6:00:39 PM","6","Information","Microsoft-Windows-FilterManager","CRASHLAB-GOLD","File System Filter 'luafv' (10.0, ‎2057‎-‎06‎-‎14T06:55:30.000000000Z) has successfully loaded and registered with Filter Manager."
"9/8/2026 6:00:39 PM","6","Information","Microsoft-Windows-FilterManager","CRASHLAB-GOLD","File System Filter 'bfs' (10.0, ‎2086‎-‎03‎-‎20T04:03:22.000000000Z) has successfully loaded and registered with Filter Manager."
"9/8/2026 6:00:39 PM","6","Information","Microsoft-Windows-FilterManager","CRASHLAB-GOLD","File System Filter 'applockerfltr' (10.0, ‎2033‎-‎08‎-‎14T04:35:15.000000000Z) has successfully loaded and registered with Filter Manager."
"9/8/2026 6:00:38 PM","16983","Information","Microsoft-Windows-Directory-Services-SAM","CRASHLAB-GOLD","The security account manager is now logging periodic summary events for remote clients that call legacy password change or set RPC methods. For more information please see https://go.microsoft.com/fwlink/?linkid=2150956."
"9/8/2026 6:00:38 PM","16977","Information","Microsoft-Windows-Directory-Services-SAM","CRASHLAB-GOLD","The domain is configured with the following minimum password length-related settings. MinimumPasswordLength: 0 RelaxMinimumPasswordLengthLimits: 0 MinimumPasswordLengthAudit: -1 For more information see https://go.microsoft.com/fwlink/?LinkId=2097191."
"9/8/2026 6:00:38 PM","16962","Information","Microsoft-Windows-Directory-Services-SAM","CRASHLAB-GOLD","Remote calls to the SAM database are being restricted using the default security descriptor: O:SYG:SYD:(A;;RC;;;BA). For more information please see http://go.microsoft.com/fwlink/?LinkId=787651."
"9/8/2026 6:00:38 PM","6156","Information","LsaSrv","CRASHLAB-GOLD","Credential Guard auto enablement status. Hardware Requirements for Virtualisation Based Security: 1 Domain Joined: 0 Azure AD Joined: 0 Licensed for Credential Guard: 0 Domain Controller: 0"
"9/8/2026 6:00:38 PM","12","Information","Microsoft-Windows-Wininit","CRASHLAB-GOLD","LSASS.exe was started as a protected process with level: 4."
"9/8/2026 6:00:38 PM","14","Information","Microsoft-Windows-Wininit","CRASHLAB-GOLD","Credential Guard configuration: Registry Configuration: 0x0 Test Configuration: 0 Auto Enablement: 0"
"9/8/2026 6:00:38 PM","23","Information","Microsoft-Windows-Wininit","CRASHLAB-GOLD","Boot App Anti-Rollback: Initialise Completed with status: HRESULT: The operation completed successfully. New timer needed: false New timer waiting for system update completion: false Previous latch timer exists but disabled by registry: false"
"9/8/2026 6:00:38 PM","25","Information","Microsoft-Windows-Wininit","CRASHLAB-GOLD","Boot App Anti-Rollback: Previous timer resumed with status: HRESULT: The operation completed successfully. Previous timer present: false Start time: ‎1601‎-‎01‎-‎01T00:00:00.000000000Z Grace period: 0 Attempted recovery enforcement succeeded: false"
"9/8/2026 6:00:38 PM","19","Information","Microsoft-Windows-Wininit","CRASHLAB-GOLD","Virtualisation Based Security new timer creation status HRESULT: The operation completed successfully. New latch timer needed: false New latch timer waiting for system update completion: false Previous latch timer exists but disabled by registry: false Policy file exists: false"
"9/8/2026 6:00:38 PM","24","Information","Microsoft-Windows-Kernel-General","CRASHLAB-GOLD","The time zone information was refreshed with exit reason 0. Current time zone bias is 420."
"9/8/2026 6:00:38 PM","98","Information","Microsoft-Windows-Ntfs","CRASHLAB-GOLD","Volume \\?\Volume{a6c16a98-825c-474d-aa27-6e56c6cf4e9b} (\Device\HarddiskVolume4) is healthy. No action is needed."
"9/8/2026 6:00:35 PM","55","Information","Microsoft-Windows-Kernel-Processor-Power","CRASHLAB-GOLD","Processor 1 in group 0 exposes the following power management capabilities: Idle state type: ACPI Idle (C) States (1 state(s)) Performance state type: None Nominal Frequency (MHz): 3600 Maximum performance percentage: 100 Minimum performance percentage: 100 Minimum throttle percentage: 100"
"9/8/2026 6:00:35 PM","55","Information","Microsoft-Windows-Kernel-Processor-Power","CRASHLAB-GOLD","Processor 0 in group 0 exposes the following power management capabilities: Idle state type: ACPI Idle (C) States (1 state(s)) Performance state type: None Nominal Frequency (MHz): 3600 Maximum performance percentage: 100 Minimum performance percentage: 100 Minimum throttle percentage: 100"
"9/8/2026 6:00:35 PM","172","Information","Microsoft-Windows-Kernel-Power","CRASHLAB-GOLD","Connectivity state in standby: Disconnected, Reason: NIC compliance"
"9/8/2026 6:00:35 PM","6","Information","Microsoft-Windows-FilterManager","CRASHLAB-GOLD","File System Filter 'npsvctrig' (10.0, ‎1978‎-‎05‎-‎14T02:13:30.000000000Z) has successfully loaded and registered with Filter Manager."
"9/8/2026 6:00:34 PM","6","Information","Microsoft-Windows-FilterManager","CRASHLAB-GOLD","File System Filter 'FileCrypt' (10.0, ‎2075‎-‎08‎-‎31T15:07:07.000000000Z) has successfully loaded and registered with Filter Manager."
"9/8/2026 6:00:34 PM","98","Information","Microsoft-Windows-Ntfs","CRASHLAB-GOLD","Volume C: (\Device\HarddiskVolume3) is healthy. No action is needed."
"9/8/2026 6:00:24 PM","6","Information","Microsoft-Windows-FilterManager","CRASHLAB-GOLD","File System Filter 'WdFilter' (10.0, ‎2028‎-‎06‎-‎06T02:57:32.000000000Z) has successfully loaded and registered with Filter Manager."
"9/8/2026 6:00:24 PM","6","Information","Microsoft-Windows-FilterManager","CRASHLAB-GOLD","File System Filter 'Wof' (10.0, ‎2089‎-‎07‎-‎14T19:58:05.000000000Z) has successfully loaded and registered with Filter Manager."
"9/8/2026 6:00:24 PM","6","Information","Microsoft-Windows-FilterManager","CRASHLAB-GOLD","File System Filter 'FileInfo' (10.0, ‎2093‎-‎04‎-‎01T18:29:43.000000000Z) has successfully loaded and registered with Filter Manager."
"9/8/2026 6:00:21 PM","16","Information","Microsoft-Windows-HAL","CRASHLAB-GOLD","IOMMU fault reporting has been initialized."
"9/8/2026 6:00:21 PM","20","Information","Microsoft-Windows-Kernel-General","CRASHLAB-GOLD","The leap second configuration has been updated. Reason: Leap second data initialized from registry during boot Leap seconds enabled: true New leap second count: 0 Old leap second count: 0"
"9/8/2026 6:00:21 PM","32","Information","Microsoft-Windows-Kernel-Boot","CRASHLAB-GOLD","The bootmgr spent 0 ms waiting for user input."
"9/8/2026 6:00:21 PM","18","Information","Microsoft-Windows-Kernel-Boot","CRASHLAB-GOLD","There are 0x1 boot options on this system."
"9/8/2026 6:00:21 PM","27","Information","Microsoft-Windows-Kernel-Boot","CRASHLAB-GOLD","The boot type was 0x0."
"9/8/2026 6:00:21 PM","25","Information","Microsoft-Windows-Kernel-Boot","CRASHLAB-GOLD","The boot menu policy was 0x1."
"9/8/2026 6:00:21 PM","238","Information","Microsoft-Windows-Kernel-Boot","CRASHLAB-GOLD","EFI time zone bias: 2047. Daylight flags: 0. Firmware time: ‎2026‎-‎09‎-‎08T18:00:21.000000000Z."
"9/8/2026 6:00:21 PM","247","Information","Microsoft-Windows-Kernel-Boot","CRASHLAB-GOLD","Unable to load Pluton-Windows firmware. StatusCode: STATUS_SUCCESS, Reason: Failed to apply firmware."
"9/8/2026 6:00:21 PM","20","Information","Microsoft-Windows-Kernel-Boot","CRASHLAB-GOLD","The last shutdown's success status was true. The last boot's success status was true."
"9/8/2026 6:00:21 PM","153","Information","Microsoft-Windows-Kernel-Boot","CRASHLAB-GOLD","Virtualization-based security (policies: 0) is disabled."
"9/8/2026 6:00:21 PM","25","Information","Microsoft-Windows-Kernel-General","CRASHLAB-GOLD","The system time was initialized to ‎2026‎-‎09‎-‎09T01:00:21.500000000Z. Loader time: ‎2026‎-‎09‎-‎09T01:00:21.000000000Z Internal boot flags: 0x2 HAL RTC error code: 0x0 RTC time is in UTC: false Soft boot: false Success: true Phase: 0"
"9/8/2026 6:00:21 PM","12","Information","Microsoft-Windows-Kernel-General","CRASHLAB-GOLD","The operating system started at system time ‎2026‎-‎09‎-‎09T01:00:21.500000000Z."
"9/8/2026 5:58:13 PM","13","Information","Microsoft-Windows-Kernel-General","CRASHLAB-GOLD","The operating system is shutting down at system time ‎2026‎-‎09‎-‎09T00:58:13.659186300Z."
"9/8/2026 5:58:13 PM","577","Information","Microsoft-Windows-Kernel-Power","CRASHLAB-GOLD","The system has prepared for a system initiated reboot from Active."
"9/8/2026 5:58:13 PM","109","Information","Microsoft-Windows-Kernel-Power","CRASHLAB-GOLD","The kernel power manager has initiated a shutdown transition. Action: Power Action Shutdown Event Code: 0x0 Reason: Kernel API"
"9/8/2026 6:00:39 PM","6013","Information","EventLog","CRASHLAB-GOLD","The system uptime is 18 seconds."
"9/8/2026 6:00:39 PM","6005","Information","EventLog","CRASHLAB-GOLD","The Event log service was started."
"9/8/2026 6:00:39 PM","6009","Information","EventLog","CRASHLAB-GOLD","Microsoft (R) Windows (R) 10.00. 26200 Multiprocessor Free."
"9/8/2026 5:58:12 PM","50037","Information","Microsoft-Windows-Dhcp-Client","CRASHLAB-GOLD","DHCPv4 client service is stopped. ShutDown Flag value is 1"
"9/8/2026 5:58:12 PM","51057","Information","Microsoft-Windows-DHCPv6-Client","CRASHLAB-GOLD","DHCPv6 client service stop is almost done.DHCP Context Ref count is 1"
"9/8/2026 5:58:12 PM","51047","Information","Microsoft-Windows-DHCPv6-Client","CRASHLAB-GOLD","DHCPv6 client service is stopped. ShutDown Flag value is 1"
"9/8/2026 5:58:12 PM","50106","Information","Microsoft-Windows-Dhcp-Client","CRASHLAB-GOLD","DHCPv4 is waiting on DHCPv6 service to stop"
"9/8/2026 5:58:12 PM","50105","Information","Microsoft-Windows-Dhcp-Client","CRASHLAB-GOLD","DHCPv4 client ProcessDHCPRequestForever received TERMINATE_EVENT"
"9/8/2026 5:58:12 PM","50104","Information","Microsoft-Windows-Dhcp-Client","CRASHLAB-GOLD","DHCPv4 client received shutdown notification"
"9/8/2026 5:58:12 PM","6006","Information","EventLog","CRASHLAB-GOLD","The Event log service was stopped."
"9/8/2026 5:58:00 PM","7040","Information","Service Control Manager","CRASHLAB-GOLD","The start type of the Background Intelligent Transfer Service service was changed from auto start to demand start."
"9/8/2026 5:57:35 PM","7040","Information","Service Control Manager","CRASHLAB-GOLD","The start type of the Windows Modules Installer service was changed from auto start to demand start."
"9/8/2026 5:57:25 PM","7002","Information","Microsoft-Windows-Winlogon","CRASHLAB-GOLD","User Log-off Notification for Customer Experience Improvement Program"
"9/8/2026 5:57:23 PM","10010","Error","Microsoft-Windows-DistributedCOM","CRASHLAB-GOLD","The server {544C4C52-DE0B-4D14-9510-21745381D5CA} did not register with DCOM within the required timeout."
"9/8/2026 5:57:22 PM","1074","Information","User32","CRASHLAB-GOLD","The process C:\WINDOWS\system32\wbem\wmiprvse.exe (CRASHLAB-GOLD) has initiated the shutdown of computer CRASHLAB-GOLD on behalf of user CRASHLAB-GOLD\CRASHLAB-GOLDEN for the following reason: No title for this reason could be found Reason Code: 0x80070015 Shut-down Type: shutdown Comment:"
"9/8/2026 5:56:12 PM","7040","Information","Service Control Manager","CRASHLAB-GOLD","The start type of the Background Intelligent Transfer Service service was changed from demand start to auto start."
"9/8/2026 5:55:58 PM","16","Information","Microsoft-Windows-Kernel-General","CRASHLAB-GOLD","The access history in hive \??\C:\Users\CRASHLAB-GOLDEN\AppData\Local\Packages\Microsoft.DesktopAppInstaller_8wekyb3d8bbwe\Settings\settings.dat was cleared updating 3 keys and creating 1 modified pages."
"9/8/2026 5:55:42 PM","7040","Information","Service Control Manager","CRASHLAB-GOLD","The start type of the Background Intelligent Transfer Service service was changed from auto start to demand start."
"9/8/2026 5:53:05 PM","566","Information","Microsoft-Windows-Kernel-Power","CRASHLAB-GOLD","The system session has transitioned from 1 to 3. Reason InputHid BootId: 6"
"9/8/2026 5:52:24 PM","566","Information","Microsoft-Windows-Kernel-Power","CRASHLAB-GOLD","The system session has transitioned from 0 to 1. Reason SessionUnlock BootId: 6"
"9/8/2026 5:51:59 PM","19","Information","Microsoft-Windows-WindowsUpdateClient","CRASHLAB-GOLD","Installation Successful: Windows successfully installed the following update: 9MZ95KL8MR0L-Microsoft.ScreenSketch"
"9/8/2026 5:51:58 PM","16","Information","Microsoft-Windows-Kernel-General","CRASHLAB-GOLD","The access history in hive \??\C:\Users\CRASHLAB-GOLDEN\AppData\Local\Packages\Microsoft.ScreenSketch_8wekyb3d8bbwe\Settings\settings.dat was cleared updating 3 keys and creating 1 modified pages."
"9/8/2026 5:51:58 PM","43","Information","Microsoft-Windows-WindowsUpdateClient","CRASHLAB-GOLD","Installation Started: Windows has started installing the following update: 9MZ95KL8MR0L-Microsoft.ScreenSketch"
"9/8/2026 5:51:58 PM","19","Information","Microsoft-Windows-WindowsUpdateClient","CRASHLAB-GOLD","Installation Successful: Windows successfully installed the following update: 9NKRJ3SJ9SDG-Microsoft.WindowsAppRuntime.1.8"
"9/8/2026 5:51:56 PM","43","Information","Microsoft-Windows-WindowsUpdateClient","CRASHLAB-GOLD","Installation Started: Windows has started installing the following update: 9NKRJ3SJ9SDG-Microsoft.WindowsAppRuntime.1.8"
"9/8/2026 5:51:56 PM","19","Information","Microsoft-Windows-WindowsUpdateClient","CRASHLAB-GOLD","Installation Successful: Windows successfully installed the following update: 9NSTH9KHZDLQ-Microsoft.UI.Xaml.2.8"
"9/8/2026 5:51:56 PM","43","Information","Microsoft-Windows-WindowsUpdateClient","CRASHLAB-GOLD","Installation Started: Windows has started installing the following update: 9NSTH9KHZDLQ-Microsoft.UI.Xaml.2.8"
"9/8/2026 5:51:53 PM","16","Information","Microsoft-Windows-Kernel-General","CRASHLAB-GOLD","The access history in hive \??\C:\ProgramData\Microsoft\Windows\AppRepository\Packages\Microsoft.WindowsAppRuntime.1.8_8000.946.1701.0_x64__8wekyb3d8bbwe\ActivationStore.dat was cleared updating 0 keys and creating 0 modified pages."
"9/8/2026 5:51:49 PM","16","Information","Microsoft-Windows-Kernel-General","CRASHLAB-GOLD","The access history in hive \??\C:\ProgramData\Microsoft\Windows\AppRepository\Packages\Microsoft.WindowsAppRuntime.1.8_8000.946.1701.0_x86__8wekyb3d8bbwe\ActivationStore.dat was cleared updating 0 keys and creating 0 modified pages."
"9/8/2026 5:51:42 PM","16","Information","Microsoft-Windows-Kernel-General","CRASHLAB-GOLD","The access history in hive \??\C:\ProgramData\Microsoft\Windows\AppRepository\Packages\Microsoft.ScreenSketch_11.2605.38.0_x64__8wekyb3d8bbwe\ActivationStore.dat was cleared updating 0 keys and creating 0 modified pages."
"9/8/2026 5:51:42 PM","44","Information","Microsoft-Windows-WindowsUpdateClient","CRASHLAB-GOLD","Windows Update started downloading an update."
"9/8/2026 5:51:28 PM","20","Error","Microsoft-Windows-WindowsUpdateClient","CRASHLAB-GOLD","Installation Failure: Windows failed to install the following update with error 0x80073D02: 9WZDNCRFJBMP-MICROSOFT.WINDOWSSTORE."
"9/8/2026 5:51:28 PM","43","Information","Microsoft-Windows-WindowsUpdateClient","CRASHLAB-GOLD","Installation Started: Windows has started installing the following update: 9WZDNCRFJBMP-MICROSOFT.WINDOWSSTORE"
"9/8/2026 5:51:28 PM","19","Information","Microsoft-Windows-WindowsUpdateClient","CRASHLAB-GOLD","Installation Successful: Windows successfully installed the following update: 9NSTH9KHZDLQ-Microsoft.UI.Xaml.2.8"
"9/8/2026 5:51:28 PM","43","Information","Microsoft-Windows-WindowsUpdateClient","CRASHLAB-GOLD","Installation Started: Windows has started installing the following update: 9NSTH9KHZDLQ-Microsoft.UI.Xaml.2.8"
"9/8/2026 5:51:28 PM","19","Information","Microsoft-Windows-WindowsUpdateClient","CRASHLAB-GOLD","Installation Successful: Windows successfully installed the following update: 9PCFS5B6T72H-Microsoft.Paint"
"9/8/2026 5:51:27 PM","16","Information","Microsoft-Windows-Kernel-General","CRASHLAB-GOLD","The access history in hive \??\C:\Users\CRASHLAB-GOLDEN\AppData\Local\Packages\Microsoft.Paint_8wekyb3d8bbwe\Settings\settings.dat was cleared updating 3 keys and creating 1 modified pages."
"9/8/2026 5:51:27 PM","43","Information","Microsoft-Windows-WindowsUpdateClient","CRASHLAB-GOLD","Installation Started: Windows has started installing the following update: 9PCFS5B6T72H-Microsoft.Paint"
"9/8/2026 5:51:22 PM","16","Information","Microsoft-Windows-Kernel-General","CRASHLAB-GOLD","The access history in hive \??\C:\ProgramData\Microsoft\Windows\AppRepository\Packages\Microsoft.WindowsStore_22607.1401.9.0_x64__8wekyb3d8bbwe\ActivationStore.dat was cleared updating 0 keys and creating 0 modified pages."
"9/8/2026 5:51:20 PM","16","Information","Microsoft-Windows-Kernel-General","CRASHLAB-GOLD","The access history in hive \??\C:\ProgramData\Microsoft\Windows\AppRepository\Packages\Microsoft.Paint_11.2605.81.0_x64__8wekyb3d8bbwe\ActivationStore.dat was cleared updating 0 keys and creating 0 modified pages."
"9/8/2026 5:51:19 PM","44","Information","Microsoft-Windows-WindowsUpdateClient","CRASHLAB-GOLD","Windows Update started downloading an update."
"9/8/2026 5:51:19 PM","44","Information","Microsoft-Windows-WindowsUpdateClient","CRASHLAB-GOLD","Windows Update started downloading an update."
"9/8/2026 5:51:18 PM","44","Information","Microsoft-Windows-WindowsUpdateClient","CRASHLAB-GOLD","Windows Update started downloading an update."
"9/8/2026 5:51:18 PM","44","Information","Microsoft-Windows-WindowsUpdateClient","CRASHLAB-GOLD","Windows Update started downloading an update."
"9/8/2026 5:51:18 PM","44","Information","Microsoft-Windows-WindowsUpdateClient","CRASHLAB-GOLD","Windows Update started downloading an update."
"9/8/2026 5:51:18 PM","44","Information","Microsoft-Windows-WindowsUpdateClient","CRASHLAB-GOLD","Windows Update started downloading an update."
"9/8/2026 5:51:18 PM","44","Information","Microsoft-Windows-WindowsUpdateClient","CRASHLAB-GOLD","Windows Update started downloading an update."
"9/8/2026 5:51:17 PM","16","Information","Microsoft-Windows-Kernel-General","CRASHLAB-GOLD","The access history in hive \??\C:\ProgramData\Microsoft\Windows\AppRepository\Packages\Microsoft.UI.Xaml.2.8_8.2501.31001.0_x86__8wekyb3d8bbwe\ActivationStore.dat was cleared updating 0 keys and creating 0 modified pages."
"9/8/2026 5:51:16 PM","7040","Information","Service Control Manager","CRASHLAB-GOLD","The start type of the Windows Modules Installer service was changed from demand start to auto start."
"9/8/2026 5:51:15 PM","44","Information","Microsoft-Windows-WindowsUpdateClient","CRASHLAB-GOLD","Windows Update started downloading an update."
"9/8/2026 5:51:15 PM","44","Information","Microsoft-Windows-WindowsUpdateClient","CRASHLAB-GOLD","Windows Update started downloading an update."
"9/8/2026 5:51:15 PM","44","Information","Microsoft-Windows-WindowsUpdateClient","CRASHLAB-GOLD","Windows Update started downloading an update."
"9/8/2026 5:51:15 PM","44","Information","Microsoft-Windows-WindowsUpdateClient","CRASHLAB-GOLD","Windows Update started downloading an update."
"9/8/2026 5:51:15 PM","44","Information","Microsoft-Windows-WindowsUpdateClient","CRASHLAB-GOLD","Windows Update started downloading an update."
"9/8/2026 5:51:15 PM","44","Information","Microsoft-Windows-WindowsUpdateClient","CRASHLAB-GOLD","Windows Update started downloading an update."
"9/8/2026 5:51:15 PM","44","Information","Microsoft-Windows-WindowsUpdateClient","CRASHLAB-GOLD","Windows Update started downloading an update."
"9/8/2026 5:51:15 PM","44","Information","Microsoft-Windows-WindowsUpdateClient","CRASHLAB-GOLD","Windows Update started downloading an update."
"9/8/2026 5:51:15 PM","44","Information","Microsoft-Windows-WindowsUpdateClient","CRASHLAB-GOLD","Windows Update started downloading an update."
"9/8/2026 5:51:15 PM","44","Information","Microsoft-Windows-WindowsUpdateClient","CRASHLAB-GOLD","Windows Update started downloading an update."
"9/8/2026 5:51:15 PM","44","Information","Microsoft-Windows-WindowsUpdateClient","CRASHLAB-GOLD","Windows Update started downloading an update."
"9/8/2026 5:51:15 PM","44","Information","Microsoft-Windows-WindowsUpdateClient","CRASHLAB-GOLD","Windows Update started downloading an update."
"9/8/2026 5:51:15 PM","44","Information","Microsoft-Windows-WindowsUpdateClient","CRASHLAB-GOLD","Windows Update started downloading an update."
"9/8/2026 5:51:13 PM","20","Error","Microsoft-Windows-WindowsUpdateClient","CRASHLAB-GOLD","Installation Failure: Windows failed to install the following update with error 0x80073D02: 9MSMLRH6LZF3-Microsoft.WindowsNotepad."
"9/8/2026 5:51:13 PM","20","Error","Microsoft-Windows-WindowsUpdateClient","CRASHLAB-GOLD","Installation Failure: Windows failed to install the following update with error 0x80073D02: 9MSSGKG348SP-MicrosoftWindows.Client.WebExperience."
"9/8/2026 5:51:13 PM","43","Information","Microsoft-Windows-WindowsUpdateClient","CRASHLAB-GOLD","Installation Started: Windows has started installing the following update: 9MSMLRH6LZF3-Microsoft.WindowsNotepad"
"9/8/2026 5:51:13 PM","19","Information","Microsoft-Windows-WindowsUpdateClient","CRASHLAB-GOLD","Installation Successful: Windows successfully installed the following update: 9NRZT3Q9R3DL-Microsoft.WindowsAppRuntime.2"
"9/8/2026 5:51:13 PM","43","Information","Microsoft-Windows-WindowsUpdateClient","CRASHLAB-GOLD","Installation Started: Windows has started installing the following update: 9MSSGKG348SP-MicrosoftWindows.Client.WebExperience"
"9/8/2026 5:51:13 PM","20","Error","Microsoft-Windows-WindowsUpdateClient","CRASHLAB-GOLD","Installation Failure: Windows failed to install the following update with error 0x80240016: 9NRZT3Q9R3DL-Microsoft.WindowsAppRuntime.2."
"9/8/2026 5:51:13 PM","19","Information","Microsoft-Windows-WindowsUpdateClient","CRASHLAB-GOLD","Installation Successful: Windows successfully installed the following update: 9NBLGGH3FRZM-Microsoft.VCLibs.140.00"
"9/8/2026 5:51:12 PM","43","Information","Microsoft-Windows-WindowsUpdateClient","CRASHLAB-GOLD","Installation Started: Windows has started installing the following update: 9NRZT3Q9R3DL-Microsoft.WindowsAppRuntime.2"
"9/8/2026 5:51:12 PM","20","Error","Microsoft-Windows-WindowsUpdateClient","CRASHLAB-GOLD","Installation Failure: Windows failed to install the following update with error 0x80240016: 9NBLGGH3FRZM-Microsoft.VCLibs.140.00."
"9/8/2026 5:51:12 PM","43","Information","Microsoft-Windows-WindowsUpdateClient","CRASHLAB-GOLD","Installation Started: Windows has started installing the following update: 9NBLGGH3FRZM-Microsoft.VCLibs.140.00"
"9/8/2026 5:51:12 PM","19","Information","Microsoft-Windows-WindowsUpdateClient","CRASHLAB-GOLD","Installation Successful: Windows successfully installed the following update: 9NBLGGH4RV3K-Microsoft.VCLibs.140.00.UWPDesktop"
"9/8/2026 5:51:12 PM","20","Error","Microsoft-Windows-WindowsUpdateClient","CRASHLAB-GOLD","Installation Failure: Windows failed to install the following update with error 0x80240016: 9NBLGGH4RV3K-Microsoft.VCLibs.140.00.UWPDesktop."
"9/8/2026 5:51:12 PM","43","Information","Microsoft-Windows-WindowsUpdateClient","CRASHLAB-GOLD","Installation Started: Windows has started installing the following update: 9NBLGGH4RV3K-Microsoft.VCLibs.140.00.UWPDesktop"
"9/8/2026 5:51:08 PM","16","Information","Microsoft-Windows-Kernel-General","CRASHLAB-GOLD","The access history in hive \??\C:\ProgramData\Microsoft\Windows\AppRepository\Packages\MicrosoftWindows.Client.WebExperience_526.21100.40.0_x64__cw5n1h2txyewy\ActivationStore.dat was cleared updating 0 keys and creating 0 modified pages."
"9/8/2026 5:51:08 PM","44","Information","Microsoft-Windows-WindowsUpdateClient","CRASHLAB-GOLD","Windows Update started downloading an update."
"9/8/2026 5:51:08 PM","44","Information","Microsoft-Windows-WindowsUpdateClient","CRASHLAB-GOLD","Windows Update started downloading an update."
"9/8/2026 5:51:08 PM","44","Information","Microsoft-Windows-WindowsUpdateClient","CRASHLAB-GOLD","Windows Update started downloading an update."
"9/8/2026 5:51:08 PM","44","Information","Microsoft-Windows-WindowsUpdateClient","CRASHLAB-GOLD","Windows Update started downloading an update."
"9/8/2026 5:51:07 PM","16","Information","Microsoft-Windows-Kernel-General","CRASHLAB-GOLD","The access history in hive \??\C:\ProgramData\Microsoft\Windows\AppRepository\Packages\Microsoft.WindowsNotepad_11.2607.14.0_x64__8wekyb3d8bbwe\ActivationStore.dat was cleared updating 0 keys and creating 0 modified pages."
"9/8/2026 5:51:03 PM","44","Information","Microsoft-Windows-WindowsUpdateClient","CRASHLAB-GOLD","Windows Update started downloading an update."
"9/8/2026 5:51:03 PM","44","Information","Microsoft-Windows-WindowsUpdateClient","CRASHLAB-GOLD","Windows Update started downloading an update."
"9/8/2026 5:51:03 PM","44","Information","Microsoft-Windows-WindowsUpdateClient","CRASHLAB-GOLD","Windows Update started downloading an update."
"9/8/2026 5:51:03 PM","44","Information","Microsoft-Windows-WindowsUpdateClient","CRASHLAB-GOLD","Windows Update started downloading an update."
"9/8/2026 5:51:02 PM","44","Information","Microsoft-Windows-WindowsUpdateClient","CRASHLAB-GOLD","Windows Update started downloading an update."
"9/8/2026 5:51:02 PM","44","Information","Microsoft-Windows-WindowsUpdateClient","CRASHLAB-GOLD","Windows Update started downloading an update."
"9/8/2026 5:51:02 PM","44","Information","Microsoft-Windows-WindowsUpdateClient","CRASHLAB-GOLD","Windows Update started downloading an update."
"9/8/2026 5:51:02 PM","44","Information","Microsoft-Windows-WindowsUpdateClient","CRASHLAB-GOLD","Windows Update started downloading an update."
"9/8/2026 5:51:00 PM","44","Information","Microsoft-Windows-WindowsUpdateClient","CRASHLAB-GOLD","Windows Update started downloading an update."
"9/8/2026 5:51:00 PM","44","Information","Microsoft-Windows-WindowsUpdateClient","CRASHLAB-GOLD","Windows Update started downloading an update."
"9/8/2026 5:51:00 PM","44","Information","Microsoft-Windows-WindowsUpdateClient","CRASHLAB-GOLD","Windows Update started downloading an update."
"9/8/2026 5:51:00 PM","44","Information","Microsoft-Windows-WindowsUpdateClient","CRASHLAB-GOLD","Windows Update started downloading an update."
"9/8/2026 5:51:00 PM","44","Information","Microsoft-Windows-WindowsUpdateClient","CRASHLAB-GOLD","Windows Update started downloading an update."
"9/8/2026 5:50:51 PM","44","Information","Microsoft-Windows-WindowsUpdateClient","CRASHLAB-GOLD","Windows Update started downloading an update."
"9/8/2026 5:50:51 PM","44","Information","Microsoft-Windows-WindowsUpdateClient","CRASHLAB-GOLD","Windows Update started downloading an update."
"9/8/2026 5:50:51 PM","44","Information","Microsoft-Windows-WindowsUpdateClient","CRASHLAB-GOLD","Windows Update started downloading an update."
"9/8/2026 5:50:51 PM","44","Information","Microsoft-Windows-WindowsUpdateClient","CRASHLAB-GOLD","Windows Update started downloading an update."
"9/8/2026 5:50:51 PM","44","Information","Microsoft-Windows-WindowsUpdateClient","CRASHLAB-GOLD","Windows Update started downloading an update."
"9/8/2026 5:50:51 PM","44","Information","Microsoft-Windows-WindowsUpdateClient","CRASHLAB-GOLD","Windows Update started downloading an update."
"9/8/2026 5:50:51 PM","44","Information","Microsoft-Windows-WindowsUpdateClient","CRASHLAB-GOLD","Windows Update started downloading an update."
"9/8/2026 5:50:51 PM","44","Information","Microsoft-Windows-WindowsUpdateClient","CRASHLAB-GOLD","Windows Update started downloading an update."
"9/8/2026 5:50:51 PM","44","Information","Microsoft-Windows-WindowsUpdateClient","CRASHLAB-GOLD","Windows Update started downloading an update."
"9/8/2026 5:50:51 PM","44","Information","Microsoft-Windows-WindowsUpdateClient","CRASHLAB-GOLD","Windows Update started downloading an update."
"9/8/2026 5:50:49 PM","44","Information","Microsoft-Windows-WindowsUpdateClient","CRASHLAB-GOLD","Windows Update started downloading an update."
"9/8/2026 5:50:49 PM","44","Information","Microsoft-Windows-WindowsUpdateClient","CRASHLAB-GOLD","Windows Update started downloading an update."
"9/8/2026 5:50:47 PM","44","Information","Microsoft-Windows-WindowsUpdateClient","CRASHLAB-GOLD","Windows Update started downloading an update."
"9/8/2026 5:50:47 PM","44","Information","Microsoft-Windows-WindowsUpdateClient","CRASHLAB-GOLD","Windows Update started downloading an update."
"9/8/2026 5:50:47 PM","44","Information","Microsoft-Windows-WindowsUpdateClient","CRASHLAB-GOLD","Windows Update started downloading an update."
"9/8/2026 5:50:47 PM","44","Information","Microsoft-Windows-WindowsUpdateClient","CRASHLAB-GOLD","Windows Update started downloading an update."
"9/8/2026 5:50:47 PM","44","Information","Microsoft-Windows-WindowsUpdateClient","CRASHLAB-GOLD","Windows Update started downloading an update."
"9/8/2026 5:49:55 PM","7040","Information","Service Control Manager","CRASHLAB-GOLD","The start type of the Windows Update service was changed from disabled to demand start."
"9/8/2026 5:49:55 PM","16","Information","Microsoft-Windows-Kernel-General","CRASHLAB-GOLD","The access history in hive \??\C:\Users\CRASHLAB-GOLDEN\AppData\Local\Packages\Microsoft.OutlookForWindows_8wekyb3d8bbwe\Settings\settings.dat was cleared updating 3 keys and creating 1 modified pages."
"9/8/2026 5:49:53 PM","16","Information","Microsoft-Windows-Kernel-General","CRASHLAB-GOLD","The access history in hive \??\C:\ProgramData\Microsoft\Windows\AppRepository\Packages\Microsoft.OutlookForWindows_1.2026.818.100_x64__8wekyb3d8bbwe\ActivationStore.dat was cleared updating 0 keys and creating 0 modified pages."
"9/8/2026 5:42:03 PM","16","Information","Microsoft-Windows-Kernel-General","CRASHLAB-GOLD","The access history in hive \??\C:\Users\CRASHLAB-GOLDEN\AppData\Local\Packages\MicrosoftWindows.Client.WebExperience_cw5n1h2txyewy\Settings\settings.dat was cleared updating 3 keys and creating 1 modified pages."
"9/8/2026 5:41:01 PM","1796","Error","Microsoft-Windows-TPM-WMI","CRASHLAB-GOLD","The Secure Boot update failed to update SBAT with error Secure Boot is not enabled on this machine.. For more information, please see https://go.microsoft.com/fwlink/?linkid=2169931"
"9/8/2026 5:41:01 PM","1796","Error","Microsoft-Windows-TPM-WMI","CRASHLAB-GOLD","The Secure Boot update failed to update DBX with error Secure Boot is not enabled on this machine.. For more information, please see https://go.microsoft.com/fwlink/?linkid=2169931"
"9/8/2026 5:41:01 PM","1808","Information","Microsoft-Windows-TPM-WMI","CRASHLAB-GOLD","This device has updated Secure Boot CA/keys. This device signature information is included here. DeviceAttributes: BaseBoardManufacturer:Oracle Corporation;FirmwareManufacturer:innotek GmbH;FirmwareVersion:VirtualBox;OEMModelNumber:VirtualBox;OEMModelBaseBoard:VirtualBox;OEMModelSystemFamily:Virtual Machine;OEMManufacturerName:innotek GmbH;OEMModelSKU:;OSArchitecture:amd64; BucketId: 3d18f3d936113b0527c53aae6bd2aa89263a978345beb2b2db4869ced83c6d0a BucketConfidenceLevel: No Data Observed - Action Required UpdateType: Windows UEFI CA 2023 (DB), Option ROM CA 2023 (DB), 3P UEFI CA 2023 (DB), KEK 2023, Boot Manager (2023) For more information, please see https://go.microsoft.com/fwlink/?linkid=2301018."
"9/8/2026 5:39:03 PM","10016","Warning","Microsoft-Windows-DistributedCOM","CRASHLAB-GOLD","The application-specific permission settings do not grant Local Launch permission for the COM Server application with CLSID Windows.SecurityCenter.SecurityAppBroker and APPID Unavailable to the user NT AUTHORITY\SYSTEM SID (S-1-5-18) from address LocalHost (Using LRPC) running in the application container Unavailable SID (Unavailable). This security permission can be modified using the Component Services administrative tool."
"9/8/2026 5:39:03 PM","10016","Warning","Microsoft-Windows-DistributedCOM","CRASHLAB-GOLD","The application-specific permission settings do not grant Local Launch permission for the COM Server application with CLSID Windows.SecurityCenter.WscBrokerManager and APPID Unavailable to the user NT AUTHORITY\SYSTEM SID (S-1-5-18) from address LocalHost (Using LRPC) running in the application container Unavailable SID (Unavailable). This security permission can be modified using the Component Services administrative tool."
"9/8/2026 5:39:03 PM","10016","Warning","Microsoft-Windows-DistributedCOM","CRASHLAB-GOLD","The application-specific permission settings do not grant Local Launch permission for the COM Server application with CLSID Windows.SecurityCenter.WscDataProtection and APPID Unavailable to the user NT AUTHORITY\SYSTEM SID (S-1-5-18) from address LocalHost (Using LRPC) running in the application container Unavailable SID (Unavailable). This security permission can be modified using the Component Services administrative tool."
"9/8/2026 5:38:16 PM","7040","Information","Service Control Manager","CRASHLAB-GOLD","The start type of the Windows Update service was changed from demand start to disabled."
"9/8/2026 5:36:36 PM","1025","Information","Microsoft-Windows-TPM-WMI","CRASHLAB-GOLD","The TPM was successfully provisioned and is now ready for use."
"9/8/2026 5:36:36 PM","1282","Information","Microsoft-Windows-TPM-WMI","CRASHLAB-GOLD","The TBS device identifier has been generated."
"9/8/2026 5:36:23 PM","16","Information","Microsoft-Windows-Kernel-General","CRASHLAB-GOLD","The access history in hive \??\C:\Users\CRASHLAB-GOLDEN\AppData\Local\Packages\Microsoft.XboxGamingOverlay_8wekyb3d8bbwe\Settings\settings.dat was cleared updating 3 keys and creating 1 modified pages."
"9/8/2026 5:36:18 PM","10010","Error","Microsoft-Windows-DistributedCOM","CRASHLAB-GOLD","The server {A7451292-7906-414C-BB7B-DFD32C749E5C} did not register with DCOM within the required timeout."
"9/8/2026 5:36:11 PM","18","Information","TPM","CRASHLAB-GOLD","This event triggers the Trusted Platform Module (TPM) provisioning/status check to run."
"9/8/2026 5:36:11 PM","7026","Information","Service Control Manager","CRASHLAB-GOLD","The following boot-start or system-start driver(s) did not load: dam uiomap"
"9/8/2026 5:36:09 PM","112","Information","Microsoft-Windows-HttpService","CRASHLAB-GOLD","Attempted to reserve URL http://+:10246/MDEServer/. Status 0x0. Process Id 0x4 Executable path , User S-1-5-18"
"9/8/2026 5:36:09 PM","112","Information","Microsoft-Windows-HttpService","CRASHLAB-GOLD","Attempted to reserve URL http://+:10247/apps/. Status 0x0. Process Id 0x4 Executable path , User S-1-5-18"
"9/8/2026 5:36:09 PM","112","Information","Microsoft-Windows-HttpService","CRASHLAB-GOLD","Attempted to reserve URL http://+:10243/WMPNSSv4/. Status 0x0. Process Id 0x4 Executable path , User S-1-5-18"
"9/8/2026 5:36:09 PM","112","Information","Microsoft-Windows-HttpService","CRASHLAB-GOLD","Attempted to reserve URL https://+:10245/WMPNSSv4/. Status 0x0. Process Id 0x4 Executable path , User S-1-5-18"
"9/8/2026 5:36:09 PM","112","Information","Microsoft-Windows-HttpService","CRASHLAB-GOLD","Attempted to reserve URL http://+:80/116B50EB-ECE2-41ac-8429-9F9E963361B7/. Status 0x0. Process Id 0x4 Executable path , User S-1-5-18"
"9/8/2026 5:36:09 PM","112","Information","Microsoft-Windows-HttpService","CRASHLAB-GOLD","Attempted to reserve URL https://+:443/C574AC30-5794-4AEE-B1BB-6651C5315029/. Status 0x0. Process Id 0x4 Executable path , User S-1-5-18"
"9/8/2026 5:36:09 PM","112","Information","Microsoft-Windows-HttpService","CRASHLAB-GOLD","Attempted to reserve URL http://+:80/0131501b-d67f-491b-9a40-c4bf27bcb4d4/. Status 0x0. Process Id 0x4 Executable path , User S-1-5-18"
"9/8/2026 5:36:09 PM","112","Information","Microsoft-Windows-HttpService","CRASHLAB-GOLD","Attempted to reserve URL https://+:443/sra_{BA195980-CD49-458b-9E23-C84EE0ADCD75}/. Status 0x0. Process Id 0x4 Executable path , User S-1-5-18"
"9/8/2026 5:36:09 PM","112","Information","Microsoft-Windows-HttpService","CRASHLAB-GOLD","Attempted to reserve URL https://+:3392/rdp/. Status 0x0. Process Id 0x4 Executable path , User S-1-5-18"
"9/8/2026 5:36:09 PM","112","Information","Microsoft-Windows-HttpService","CRASHLAB-GOLD","Attempted to reserve URL http://+:5985/wsman/. Status 0x0. Process Id 0x4 Executable path , User S-1-5-18"
"9/8/2026 5:36:09 PM","112","Information","Microsoft-Windows-HttpService","CRASHLAB-GOLD","Attempted to reserve URL http://+:47001/wsman/. Status 0x0. Process Id 0x4 Executable path , User S-1-5-18"
"9/8/2026 5:36:09 PM","112","Information","Microsoft-Windows-HttpService","CRASHLAB-GOLD","Attempted to reserve URL https://+:5986/wsman/. Status 0x0. Process Id 0x4 Executable path , User S-1-5-18"
"9/8/2026 5:36:09 PM","112","Information","Microsoft-Windows-HttpService","CRASHLAB-GOLD","Attempted to reserve URL http://*:2869/. Status 0x0. Process Id 0x4 Executable path , User S-1-5-18"
"9/8/2026 5:36:09 PM","112","Information","Microsoft-Windows-HttpService","CRASHLAB-GOLD","Attempted to reserve URL https://*:5358/. Status 0x0. Process Id 0x4 Executable path , User S-1-5-18"
"9/8/2026 5:36:09 PM","112","Information","Microsoft-Windows-HttpService","CRASHLAB-GOLD","Attempted to reserve URL http://+:80/Temporary_Listen_Addresses/. Status 0x0. Process Id 0x4 Executable path , User S-1-5-18"
"9/8/2026 5:36:09 PM","112","Information","Microsoft-Windows-HttpService","CRASHLAB-GOLD","Attempted to reserve URL http://*:5357/. Status 0x0. Process Id 0x4 Executable path , User S-1-5-18"
"9/8/2026 5:36:06 PM","7001","Information","Microsoft-Windows-Winlogon","CRASHLAB-GOLD","User Log-on Notification for Customer Experience Improvement Program"
"9/8/2026 5:36:00 PM","1040","Error","Microsoft-Windows-TPM-WMI","CRASHLAB-GOLD","Pre-attestation health checks confirm a critical component has failed, and the device is not expected to pass attestation. Please see C:\WINDOWS\Logs\MeasuredBoot\0000000006-0000000000.json for detailed information on what checks were made."
"9/8/2026 5:36:00 PM","1041","Information","Microsoft-Windows-TPM-WMI","CRASHLAB-GOLD","Pre-attestation health check detailed information: {""Version"":1,""HealthStatus"":""Cannot be attested"",""Required"":[{""Field"":""TpmPresent"",""Value"":true,""DesiredValue"":true},{""Field"":""TpmMeetsMinimumVersion"",""Value"":true,""DesiredValue"":true},{""Field"":""TpmIsResponsive"",""Value"":true,""DesiredValue"":true},{""Field"":""EkCertIsAvailable"",""Value"":false,""DesiredValue"":true},{""Field"":""TcgLogFound"",""Value"":true,""DesiredValue"":true}],""Expected"":[{""Field"":""PcrsMatchTcgLog"",""Value"":true,""DesiredValue"":true}],""Informational"":[{""Field"":""SecureBootEnabled"",""ValueFromComputer"":false,""ValueFromTcgLog"":false,""DesiredValue"":true,""TcgValueIsVerifiable"":true},{""Field"":""VirtualSecureMemory"",""ValueFromComputer"":false,""ValueFromTcgLog"":false,""DesiredValue"":true,""TcgValueIsVerifiable"":true},{""Field"":""SecureCorePCCompliant"",""ValueFromComputer"":false,""ValueFromTcgLog"":false,""DesiredValue"":true,""TcgValueIsVerifiable"":true}{""Field"":""BootTcgLogFoundInFileSystem"",""Value"":true,""DesiredValue"":true},{""Field"":""CurrentTcgLogFoundInFileSystem"",""Value"":true,""DesiredValue"":true}]}"
"9/8/2026 5:35:59 PM","51046","Information","Microsoft-Windows-DHCPv6-Client","CRASHLAB-GOLD","DHCPv6 client service is started"
"9/8/2026 5:35:59 PM","50036","Information","Microsoft-Windows-Dhcp-Client","CRASHLAB-GOLD","DHCPv4 client service is started"
"9/8/2026 5:35:59 PM","50103","Information","Microsoft-Windows-Dhcp-Client","CRASHLAB-GOLD","DHCPv4 client registered for shutdown notification"
"9/8/2026 5:35:59 PM","50036","Information","Microsoft-Windows-Dhcp-Client","CRASHLAB-GOLD","DHCPv4 client service is started"
"9/8/2026 5:35:59 PM","6","Information","Microsoft-Windows-FilterManager","CRASHLAB-GOLD","File System Filter 'applockerfltr' (10.0, ‎2033‎-‎08‎-‎14T04:35:15.000000000Z) has successfully loaded and registered with Filter Manager."
"9/8/2026 5:35:59 PM","6","Information","Microsoft-Windows-FilterManager","CRASHLAB-GOLD","File System Filter 'bindflt' (10.0, ‎2081‎-‎10‎-‎17T14:34:26.000000000Z) has successfully loaded and registered with Filter Manager."
"9/8/2026 5:35:59 PM","6","Information","Microsoft-Windows-FilterManager","CRASHLAB-GOLD","File System Filter 'UCPD' (10.0, ‎2061‎-‎11‎-‎20T00:48:12.000000000Z) has successfully loaded and registered with Filter Manager."
"9/8/2026 5:35:59 PM","6","Information","Microsoft-Windows-FilterManager","CRASHLAB-GOLD","File System Filter 'storqosflt' (10.0, ‎2016‎-‎04‎-‎28T15:00:23.000000000Z) has successfully loaded and registered with Filter Manager."
"9/8/2026 5:35:59 PM","6","Information","Microsoft-Windows-FilterManager","CRASHLAB-GOLD","File System Filter 'CldFlt' (10.0, ‎1991‎-‎05‎-‎02T13:16:55.000000000Z) has successfully loaded and registered with Filter Manager."
"9/8/2026 5:35:59 PM","1","Information","Microsoft-Windows-FilterManager","CRASHLAB-GOLD","File System Filter 'CldFlt' (Version 10.0, ‎1991‎-‎05‎-‎02T13:16:55.000000000Z) unloaded successfully."
"9/8/2026 5:35:59 PM","6","Information","Microsoft-Windows-FilterManager","CRASHLAB-GOLD","File System Filter 'CldFlt' (10.0, ‎1991‎-‎05‎-‎02T13:16:55.000000000Z) has successfully loaded and registered with Filter Manager."
"9/8/2026 5:35:59 PM","6","Information","Microsoft-Windows-FilterManager","CRASHLAB-GOLD","File System Filter 'UnionFS' (10.0, ‎2017‎-‎11‎-‎02T22:31:51.000000000Z) has successfully loaded and registered with Filter Manager."
"9/8/2026 5:35:59 PM","6","Information","Microsoft-Windows-FilterManager","CRASHLAB-GOLD","File System Filter 'wcifs' (10.0, ‎1985‎-‎11‎-‎26T07:47:21.000000000Z) has successfully loaded and registered with Filter Manager."
"9/8/2026 5:35:59 PM","6","Information","Microsoft-Windows-FilterManager","CRASHLAB-GOLD","File System Filter 'luafv' (10.0, ‎2057‎-‎06‎-‎14T06:55:30.000000000Z) has successfully loaded and registered with Filter Manager."
"9/8/2026 5:35:59 PM","6","Information","Microsoft-Windows-FilterManager","CRASHLAB-GOLD","File System Filter 'bfs' (10.0, ‎2086‎-‎03‎-‎20T04:03:22.000000000Z) has successfully loaded and registered with Filter Manager."
"9/8/2026 5:35:58 PM","16983","Information","Microsoft-Windows-Directory-Services-SAM","CRASHLAB-GOLD","The security account manager is now logging periodic summary events for remote clients that call legacy password change or set RPC methods. For more information please see https://go.microsoft.com/fwlink/?linkid=2150956."
"9/8/2026 5:35:58 PM","16977","Information","Microsoft-Windows-Directory-Services-SAM","CRASHLAB-GOLD","The domain is configured with the following minimum password length-related settings. MinimumPasswordLength: 0 RelaxMinimumPasswordLengthLimits: 0 MinimumPasswordLengthAudit: -1 For more information see https://go.microsoft.com/fwlink/?LinkId=2097191."
"9/8/2026 5:35:58 PM","16962","Information","Microsoft-Windows-Directory-Services-SAM","CRASHLAB-GOLD","Remote calls to the SAM database are being restricted using the default security descriptor: O:SYG:SYD:(A;;RC;;;BA). For more information please see http://go.microsoft.com/fwlink/?LinkId=787651."
"9/8/2026 5:35:58 PM","6156","Information","LsaSrv","CRASHLAB-GOLD","Credential Guard auto enablement status. Hardware Requirements for Virtualisation Based Security: 1 Domain Joined: 0 Azure AD Joined: 0 Licensed for Credential Guard: 0 Domain Controller: 0"
"9/8/2026 5:35:58 PM","12","Information","Microsoft-Windows-Wininit","CRASHLAB-GOLD","LSASS.exe was started as a protected process with level: 4."
"9/8/2026 5:35:58 PM","14","Information","Microsoft-Windows-Wininit","CRASHLAB-GOLD","Credential Guard configuration: Registry Configuration: 0x0 Test Configuration: 0 Auto Enablement: 0"
"9/8/2026 5:35:58 PM","23","Information","Microsoft-Windows-Wininit","CRASHLAB-GOLD","Boot App Anti-Rollback: Initialise Completed with status: HRESULT: The operation completed successfully. New timer needed: false New timer waiting for system update completion: false Previous latch timer exists but disabled by registry: false"
"9/8/2026 5:35:58 PM","25","Information","Microsoft-Windows-Wininit","CRASHLAB-GOLD","Boot App Anti-Rollback: Previous timer resumed with status: HRESULT: The operation completed successfully. Previous timer present: false Start time: ‎1601‎-‎01‎-‎01T00:00:00.000000000Z Grace period: 0 Attempted recovery enforcement succeeded: false"
"9/8/2026 5:35:58 PM","19","Information","Microsoft-Windows-Wininit","CRASHLAB-GOLD","Virtualisation Based Security new timer creation status HRESULT: The operation completed successfully. New latch timer needed: false New latch timer waiting for system update completion: false Previous latch timer exists but disabled by registry: false Policy file exists: false"
"9/8/2026 5:35:57 PM","24","Information","Microsoft-Windows-Kernel-General","CRASHLAB-GOLD","The time zone information was refreshed with exit reason 0. Current time zone bias is 420."
"9/8/2026 5:35:57 PM","98","Information","Microsoft-Windows-Ntfs","CRASHLAB-GOLD","Volume \\?\Volume{a6c16a98-825c-474d-aa27-6e56c6cf4e9b} (\Device\HarddiskVolume4) is healthy. No action is needed."
"9/8/2026 5:35:55 PM","55","Information","Microsoft-Windows-Kernel-Processor-Power","CRASHLAB-GOLD","Processor 1 in group 0 exposes the following power management capabilities: Idle state type: ACPI Idle (C) States (1 state(s)) Performance state type: None Nominal Frequency (MHz): 3600 Maximum performance percentage: 100 Minimum performance percentage: 100 Minimum throttle percentage: 100"
"9/8/2026 5:35:55 PM","55","Information","Microsoft-Windows-Kernel-Processor-Power","CRASHLAB-GOLD","Processor 0 in group 0 exposes the following power management capabilities: Idle state type: ACPI Idle (C) States (1 state(s)) Performance state type: None Nominal Frequency (MHz): 3600 Maximum performance percentage: 100 Minimum performance percentage: 100 Minimum throttle percentage: 100"
"9/8/2026 5:35:55 PM","172","Information","Microsoft-Windows-Kernel-Power","CRASHLAB-GOLD","Connectivity state in standby: Disconnected, Reason: NIC compliance"
"9/8/2026 5:35:55 PM","6","Information","Microsoft-Windows-FilterManager","CRASHLAB-GOLD","File System Filter 'npsvctrig' (10.0, ‎1978‎-‎05‎-‎14T02:13:30.000000000Z) has successfully loaded and registered with Filter Manager."
"9/8/2026 5:35:55 PM","6","Information","Microsoft-Windows-FilterManager","CRASHLAB-GOLD","File System Filter 'FileCrypt' (10.0, ‎2075‎-‎08‎-‎31T15:07:07.000000000Z) has successfully loaded and registered with Filter Manager."
"9/8/2026 5:35:55 PM","98","Information","Microsoft-Windows-Ntfs","CRASHLAB-GOLD","Volume C: (\Device\HarddiskVolume3) is healthy. No action is needed."
"9/8/2026 5:35:54 PM","6","Information","Microsoft-Windows-FilterManager","CRASHLAB-GOLD","File System Filter 'WdFilter' (10.0, ‎2028‎-‎06‎-‎06T02:57:32.000000000Z) has successfully loaded and registered with Filter Manager."
"9/8/2026 5:35:54 PM","6","Information","Microsoft-Windows-FilterManager","CRASHLAB-GOLD","File System Filter 'Wof' (10.0, ‎2089‎-‎07‎-‎14T19:58:05.000000000Z) has successfully loaded and registered with Filter Manager."
"9/8/2026 5:35:54 PM","6","Information","Microsoft-Windows-FilterManager","CRASHLAB-GOLD","File System Filter 'FileInfo' (10.0, ‎2093‎-‎04‎-‎01T18:29:43.000000000Z) has successfully loaded and registered with Filter Manager."
"9/8/2026 5:35:54 PM","16","Information","Microsoft-Windows-HAL","CRASHLAB-GOLD","IOMMU fault reporting has been initialized."
"9/8/2026 5:35:54 PM","20","Information","Microsoft-Windows-Kernel-General","CRASHLAB-GOLD","The leap second configuration has been updated. Reason: Leap second data initialized from registry during boot Leap seconds enabled: true New leap second count: 0 Old leap second count: 0"
"9/8/2026 5:35:54 PM","32","Information","Microsoft-Windows-Kernel-Boot","CRASHLAB-GOLD","The bootmgr spent 0 ms waiting for user input."
"9/8/2026 5:35:54 PM","18","Information","Microsoft-Windows-Kernel-Boot","CRASHLAB-GOLD","There are 0x1 boot options on this system."
"9/8/2026 5:35:54 PM","27","Information","Microsoft-Windows-Kernel-Boot","CRASHLAB-GOLD","The boot type was 0x0."
"9/8/2026 5:35:54 PM","25","Information","Microsoft-Windows-Kernel-Boot","CRASHLAB-GOLD","The boot menu policy was 0x1."
"9/8/2026 5:35:54 PM","238","Information","Microsoft-Windows-Kernel-Boot","CRASHLAB-GOLD","EFI time zone bias: 2047. Daylight flags: 0. Firmware time: ‎2026‎-‎09‎-‎08T17:35:54.000000000Z."
"9/8/2026 5:35:54 PM","247","Information","Microsoft-Windows-Kernel-Boot","CRASHLAB-GOLD","Unable to load Pluton-Windows firmware. StatusCode: STATUS_SUCCESS, Reason: Failed to apply firmware."
"9/8/2026 5:35:54 PM","20","Information","Microsoft-Windows-Kernel-Boot","CRASHLAB-GOLD","The last shutdown's success status was true. The last boot's success status was true."
"9/8/2026 5:35:54 PM","153","Information","Microsoft-Windows-Kernel-Boot","CRASHLAB-GOLD","Virtualization-based security (policies: 0) is disabled."
"9/8/2026 5:35:54 PM","25","Information","Microsoft-Windows-Kernel-General","CRASHLAB-GOLD","The system time was initialized to ‎2026‎-‎09‎-‎09T00:35:54.500000000Z. Loader time: ‎2026‎-‎09‎-‎09T00:35:54.000000000Z Internal boot flags: 0x2 HAL RTC error code: 0x0 RTC time is in UTC: false Soft boot: false Success: true Phase: 0"
"9/8/2026 5:35:54 PM","12","Information","Microsoft-Windows-Kernel-General","CRASHLAB-GOLD","The operating system started at system time ‎2026‎-‎09‎-‎09T00:35:54.500000000Z."
"9/8/2026 5:36:14 PM","13","Information","Microsoft-Windows-Kernel-General","CRASHLAB-GOLD","The operating system is shutting down at system time ‎2026‎-‎09‎-‎09T00:36:14.980939400Z."
"9/8/2026 5:36:14 PM","577","Information","Microsoft-Windows-Kernel-Power","CRASHLAB-GOLD","The system has prepared for a system initiated reboot from Active."
"9/8/2026 5:36:14 PM","109","Information","Microsoft-Windows-Kernel-Power","CRASHLAB-GOLD","The kernel power manager has initiated a shutdown transition. Action: Power Action Reboot Event Code: 0x0 Reason: Kernel API"
"9/8/2026 5:36:08 PM","6013","Information","EventLog","CRASHLAB-GOLD","The system uptime is 13 seconds."
"9/8/2026 5:36:08 PM","6005","Information","EventLog","CRASHLAB-GOLD","The Event log service was started."
"9/8/2026 5:36:08 PM","6009","Information","EventLog","CRASHLAB-GOLD","Microsoft (R) Windows (R) 10.00. 26200 Multiprocessor Free."
"9/8/2026 5:36:13 PM","50037","Information","Microsoft-Windows-Dhcp-Client","CRASHLAB-GOLD","DHCPv4 client service is stopped. ShutDown Flag value is 1"
"9/8/2026 5:36:13 PM","50106","Information","Microsoft-Windows-Dhcp-Client","CRASHLAB-GOLD","DHCPv4 is waiting on DHCPv6 service to stop"
"9/8/2026 5:36:13 PM","51057","Information","Microsoft-Windows-DHCPv6-Client","CRASHLAB-GOLD","DHCPv6 client service stop is almost done.DHCP Context Ref count is 1"
"9/8/2026 5:36:13 PM","51047","Information","Microsoft-Windows-DHCPv6-Client","CRASHLAB-GOLD","DHCPv6 client service is stopped. ShutDown Flag value is 1"
"9/8/2026 5:36:13 PM","50105","Information","Microsoft-Windows-Dhcp-Client","CRASHLAB-GOLD","DHCPv4 client ProcessDHCPRequestForever received TERMINATE_EVENT"
"9/8/2026 5:36:13 PM","50104","Information","Microsoft-Windows-Dhcp-Client","CRASHLAB-GOLD","DHCPv4 client received shutdown notification"
"9/8/2026 5:36:13 PM","6006","Information","EventLog","CRASHLAB-GOLD","The Event log service was stopped."
"9/8/2026 5:36:11 PM","7002","Information","Microsoft-Windows-Winlogon","CRASHLAB-GOLD","User Log-off Notification for Customer Experience Improvement Program"
"9/8/2026 5:36:06 PM","10010","Error","Microsoft-Windows-DistributedCOM","CRASHLAB-GOLD","The server {C36FEF7E-35F3-4192-9F2C-AF1FD425FB85} did not register with DCOM within the required timeout."
"9/8/2026 5:36:05 PM","1074","Information","User32","CRASHLAB-GOLD","The process D:\VBoxWindowsAdditions-amd64.exe (CRASHLAB-GOLD) has initiated the restart of computer CRASHLAB-GOLD on behalf of user CRASHLAB-GOLD\CRASHLAB-GOLDEN for the following reason: Application: Installation (Planned) Reason Code: 0x80040002 Shut-down Type: restart Comment:"
"9/8/2026 5:36:02 PM","7045","Information","Service Control Manager","CRASHLAB-GOLD","A service was installed in the system. Service Name: VirtualBox Shared Folders Service File Name: \SystemRoot\System32\drivers\VBoxSF.sys Service Type: kernel mode driver Service Start Type: system start Service Account:"
"9/8/2026 5:36:02 PM","7045","Information","Service Control Manager","CRASHLAB-GOLD","A service was installed in the system. Service Name: VirtualBox Guest Additions Service Service File Name: %SystemRoot%\System32\VBoxService.exe Service Type: user mode service Service Start Type: auto start Service Account: LocalSystem"
"9/8/2026 5:36:02 PM","7045","Information","Service Control Manager","CRASHLAB-GOLD","A service was installed in the system. Service Name: VirtualBox Guest Mouse Service Service File Name: \SystemRoot\system32\DRIVERS\VBoxMouse.sys Service Type: kernel mode driver Service Start Type: demand start Service Account:"
"9/8/2026 5:35:58 PM","7045","Information","Service Control Manager","CRASHLAB-GOLD","A service was installed in the system. Service Name: VBoxWddm Service File Name: \SystemRoot\System32\drivers\VBoxWddm.sys Service Type: kernel mode driver Service Start Type: demand start Service Account:"
"9/8/2026 5:35:54 PM","20003","Information","Microsoft-Windows-UserPnp","CRASHLAB-GOLD","Driver Management has concluded the process to add Service VBoxGuest for Device Instance ID PCI\VEN_80EE&DEV_CAFE&SUBSYS_00000000&REV_00\3&267A616A&0&20 with the following status: 0."
"9/8/2026 5:35:54 PM","7045","Information","Service Control Manager","CRASHLAB-GOLD","A service was installed in the system. Service Name: VirtualBox Guest Driver Service File Name: system32\DRIVERS\VBoxGuest.sys Service Type: kernel mode driver Service Start Type: boot start Service Account:"
"9/8/2026 5:35:26 PM","7040","Information","Service Control Manager","CRASHLAB-GOLD","The start type of the Program Compatibility Assistant Service service was changed from demand start to auto start."
"9/8/2026 5:35:14 PM","16","Information","Microsoft-Windows-Kernel-General","CRASHLAB-GOLD","The access history in hive \??\C:\Users\CRASHLAB-GOLDEN\AppData\Local\Packages\Microsoft.WindowsStore_8wekyb3d8bbwe\Settings\settings.dat was cleared updating 3 keys and creating 1 modified pages."
"9/8/2026 5:35:12 PM","7040","Information","Service Control Manager","CRASHLAB-GOLD","The start type of the Windows Modules Installer service was changed from auto start to demand start."
"9/8/2026 5:35:04 PM","7040","Information","Service Control Manager","CRASHLAB-GOLD","The start type of the Windows Modules Installer service was changed from demand start to auto start."
"9/8/2026 5:34:59 PM","10016","Warning","Microsoft-Windows-DistributedCOM","CRASHLAB-GOLD","The application-specific permission settings do not grant Local Launch permission for the COM Server application with CLSID Windows.SecurityCenter.WscDataProtection and APPID Unavailable to the user NT AUTHORITY\SYSTEM SID (S-1-5-18) from address LocalHost (Using LRPC) running in the application container Unavailable SID (Unavailable). This security permission can be modified using the Component Services administrative tool."
"9/8/2026 5:34:51 PM","44","Information","Microsoft-Windows-WindowsUpdateClient","CRASHLAB-GOLD","Windows Update started downloading an update."
"9/8/2026 5:34:50 PM","7040","Information","Service Control Manager","CRASHLAB-GOLD","The start type of the Windows Modules Installer service was changed from auto start to demand start."
"9/8/2026 5:34:33 PM","10010","Error","Microsoft-Windows-DistributedCOM","CRASHLAB-GOLD","The server {A7451292-7906-414C-BB7B-DFD32C749E5C} did not register with DCOM within the required timeout."
"9/8/2026 5:34:33 PM","7040","Information","Service Control Manager","CRASHLAB-GOLD","The start type of the Windows Modules Installer service was changed from demand start to auto start."
"9/8/2026 5:34:33 PM","7040","Information","Service Control Manager","CRASHLAB-GOLD","The start type of the Windows Modules Installer service was changed from auto start to demand start."
"9/8/2026 5:34:30 PM","7040","Information","Service Control Manager","CRASHLAB-GOLD","The start type of the Windows Modules Installer service was changed from demand start to auto start."
"9/8/2026 5:34:27 PM","16","Information","Microsoft-Windows-Kernel-General","CRASHLAB-GOLD","The access history in hive \??\C:\WINDOWS\AppCompat\Programs\Amcache.hve.tmp was cleared updating 0 keys and creating 0 modified pages."
"9/8/2026 5:34:09 PM","16","Information","Microsoft-Windows-Kernel-General","CRASHLAB-GOLD","The access history in hive \??\C:\Users\CRASHLAB-GOLDEN\AppData\Local\Packages\Microsoft.Windows.StartMenuExperienceHost_cw5n1h2txyewy\Settings\settings.dat was cleared updating 3 keys and creating 1 modified pages."
"9/8/2026 5:34:08 PM","16","Information","Microsoft-Windows-Kernel-General","CRASHLAB-GOLD","The access history in hive \??\C:\Users\CRASHLAB-GOLDEN\AppData\Local\Packages\Microsoft.Windows.ContentDeliveryManager_cw5n1h2txyewy\Settings\settings.dat was cleared updating 3 keys and creating 1 modified pages."
"9/8/2026 5:34:08 PM","16","Information","Microsoft-Windows-Kernel-General","CRASHLAB-GOLD","The access history in hive \??\C:\Users\CRASHLAB-GOLDEN\AppData\Local\Packages\Microsoft.Windows.CloudExperienceHost_cw5n1h2txyewy\Settings\settings.dat was cleared updating 3 keys and creating 1 modified pages."
"9/8/2026 5:34:07 PM","16","Information","Microsoft-Windows-Kernel-General","CRASHLAB-GOLD","The access history in hive \??\C:\Users\CRASHLAB-GOLDEN\AppData\Local\Packages\Microsoft.AAD.BrokerPlugin_cw5n1h2txyewy\Settings\settings.dat was cleared updating 3 keys and creating 1 modified pages."
"9/8/2026 5:34:07 PM","16","Information","Microsoft-Windows-Kernel-General","CRASHLAB-GOLD","The access history in hive \??\C:\Users\CRASHLAB-GOLDEN\AppData\Local\Packages\MicrosoftWindows.Client.CBS_cw5n1h2txyewy\Settings\settings.dat was cleared updating 3 keys and creating 1 modified pages."
"9/8/2026 5:34:05 PM","1","Information","Microsoft-Windows-Kernel-General","CRASHLAB-GOLD","The system time has changed to ‎2026‎-‎09‎-‎09T00:34:05.267151300Z from ‎2026‎-‎09‎-‎09T00:34:05.267151300Z. Time Delta: 0 ms Change Reason: System time adjusted to the new time zone. Process: '\Device\HarddiskVolume3\Windows\System32\dllhost.exe' (PID 756). RTC time: ‎2026‎-‎09‎-‎08T17:34:05.267151300Z Current time zone bias: 420 RTC time is in UTC: false System time was based on RTC time: false"
"9/8/2026 5:34:05 PM","24","Information","Microsoft-Windows-Kernel-General","CRASHLAB-GOLD","The time zone information was refreshed with exit reason 0. Current time zone bias is 420."
"9/8/2026 5:34:05 PM","22","Information","Microsoft-Windows-Kernel-General","CRASHLAB-GOLD","The time zone bias has changed to 420 from -60."
"9/8/2026 5:34:00 PM","1501","Information","Microsoft-Windows-GroupPolicy","CRASHLAB-GOLD","The Group Policy settings for the user were processed successfully. There were no changes detected since the last successful processing of Group Policy."
"9/8/2026 5:33:58 PM","7001","Information","Microsoft-Windows-Winlogon","CRASHLAB-GOLD","User Log-on Notification for Customer Experience Improvement Program"
"9/8/2026 5:33:58 PM","7002","Information","Microsoft-Windows-Winlogon","CRASHLAB-GOLD","User Log-off Notification for Customer Experience Improvement Program"
"9/8/2026 5:32:36 PM","1025","Information","Microsoft-Windows-TPM-WMI","CRASHLAB-GOLD","The TPM was successfully provisioned and is now ready for use."
"9/8/2026 5:32:36 PM","1282","Information","Microsoft-Windows-TPM-WMI","CRASHLAB-GOLD","The TBS device identifier has been generated."
"9/8/2026 5:32:35 PM","18","Information","TPM","CRASHLAB-GOLD","This event triggers the Trusted Platform Module (TPM) provisioning/status check to run."
"9/8/2026 5:32:33 PM","7026","Information","Service Control Manager","CRASHLAB-GOLD","The following boot-start or system-start driver(s) did not load: dam uiomap"
"9/8/2026 5:32:32 PM","1040","Error","Microsoft-Windows-TPM-WMI","CRASHLAB-GOLD","Pre-attestation health checks confirm a critical component has failed, and the device is not expected to pass attestation. Please see C:\WINDOWS\Logs\MeasuredBoot\0000000005-0000000000.json for detailed information on what checks were made."
"9/8/2026 5:32:32 PM","1041","Information","Microsoft-Windows-TPM-WMI","CRASHLAB-GOLD","Pre-attestation health check detailed information: {""Version"":1,""HealthStatus"":""Cannot be attested"",""Required"":[{""Field"":""TpmPresent"",""Value"":true,""DesiredValue"":true},{""Field"":""TpmMeetsMinimumVersion"",""Value"":true,""DesiredValue"":true},{""Field"":""TpmIsResponsive"",""Value"":true,""DesiredValue"":true},{""Field"":""EkCertIsAvailable"",""Value"":false,""DesiredValue"":true},{""Field"":""TcgLogFound"",""Value"":true,""DesiredValue"":true}],""Expected"":[{""Field"":""PcrsMatchTcgLog"",""Value"":true,""DesiredValue"":true}],""Informational"":[{""Field"":""SecureBootEnabled"",""ValueFromComputer"":false,""ValueFromTcgLog"":false,""DesiredValue"":true,""TcgValueIsVerifiable"":true},{""Field"":""VirtualSecureMemory"",""ValueFromComputer"":false,""ValueFromTcgLog"":false,""DesiredValue"":true,""TcgValueIsVerifiable"":true},{""Field"":""SecureCorePCCompliant"",""ValueFromComputer"":false,""ValueFromTcgLog"":false,""DesiredValue"":true,""TcgValueIsVerifiable"":true}{""Field"":""BootTcgLogFoundInFileSystem"",""Value"":true,""DesiredValue"":true},{""Field"":""CurrentTcgLogFoundInFileSystem"",""Value"":true,""DesiredValue"":true}]}"
"9/8/2026 5:32:31 PM","7001","Information","Microsoft-Windows-Winlogon","CRASHLAB-GOLD","User Log-on Notification for Customer Experience Improvement Program"
"9/8/2026 5:32:30 PM","112","Information","Microsoft-Windows-HttpService","CRASHLAB-GOLD","Attempted to reserve URL http://+:10246/MDEServer/. Status 0x0. Process Id 0x4 Executable path , User S-1-5-18"
"9/8/2026 5:32:30 PM","112","Information","Microsoft-Windows-HttpService","CRASHLAB-GOLD","Attempted to reserve URL http://+:10247/apps/. Status 0x0. Process Id 0x4 Executable path , User S-1-5-18"
"9/8/2026 5:32:30 PM","112","Information","Microsoft-Windows-HttpService","CRASHLAB-GOLD","Attempted to reserve URL http://+:10243/WMPNSSv4/. Status 0x0. Process Id 0x4 Executable path , User S-1-5-18"
"9/8/2026 5:32:30 PM","112","Information","Microsoft-Windows-HttpService","CRASHLAB-GOLD","Attempted to reserve URL https://+:10245/WMPNSSv4/. Status 0x0. Process Id 0x4 Executable path , User S-1-5-18"
"9/8/2026 5:32:30 PM","112","Information","Microsoft-Windows-HttpService","CRASHLAB-GOLD","Attempted to reserve URL http://+:80/116B50EB-ECE2-41ac-8429-9F9E963361B7/. Status 0x0. Process Id 0x4 Executable path , User S-1-5-18"
"9/8/2026 5:32:30 PM","112","Information","Microsoft-Windows-HttpService","CRASHLAB-GOLD","Attempted to reserve URL https://+:443/C574AC30-5794-4AEE-B1BB-6651C5315029/. Status 0x0. Process Id 0x4 Executable path , User S-1-5-18"
"9/8/2026 5:32:30 PM","112","Information","Microsoft-Windows-HttpService","CRASHLAB-GOLD","Attempted to reserve URL http://+:80/0131501b-d67f-491b-9a40-c4bf27bcb4d4/. Status 0x0. Process Id 0x4 Executable path , User S-1-5-18"
"9/8/2026 5:32:30 PM","112","Information","Microsoft-Windows-HttpService","CRASHLAB-GOLD","Attempted to reserve URL https://+:443/sra_{BA195980-CD49-458b-9E23-C84EE0ADCD75}/. Status 0x0. Process Id 0x4 Executable path , User S-1-5-18"
"9/8/2026 5:32:30 PM","112","Information","Microsoft-Windows-HttpService","CRASHLAB-GOLD","Attempted to reserve URL https://+:3392/rdp/. Status 0x0. Process Id 0x4 Executable path , User S-1-5-18"
"9/8/2026 5:32:30 PM","112","Information","Microsoft-Windows-HttpService","CRASHLAB-GOLD","Attempted to reserve URL http://+:5985/wsman/. Status 0x0. Process Id 0x4 Executable path , User S-1-5-18"
"9/8/2026 5:32:30 PM","112","Information","Microsoft-Windows-HttpService","CRASHLAB-GOLD","Attempted to reserve URL http://+:47001/wsman/. Status 0x0. Process Id 0x4 Executable path , User S-1-5-18"
"9/8/2026 5:32:30 PM","112","Information","Microsoft-Windows-HttpService","CRASHLAB-GOLD","Attempted to reserve URL https://+:5986/wsman/. Status 0x0. Process Id 0x4 Executable path , User S-1-5-18"
"9/8/2026 5:32:30 PM","112","Information","Microsoft-Windows-HttpService","CRASHLAB-GOLD","Attempted to reserve URL http://*:2869/. Status 0x0. Process Id 0x4 Executable path , User S-1-5-18"
"9/8/2026 5:32:30 PM","112","Information","Microsoft-Windows-HttpService","CRASHLAB-GOLD","Attempted to reserve URL https://*:5358/. Status 0x0. Process Id 0x4 Executable path , User S-1-5-18"
"9/8/2026 5:32:30 PM","112","Information","Microsoft-Windows-HttpService","CRASHLAB-GOLD","Attempted to reserve URL http://+:80/Temporary_Listen_Addresses/. Status 0x0. Process Id 0x4 Executable path , User S-1-5-18"
"9/8/2026 5:32:30 PM","112","Information","Microsoft-Windows-HttpService","CRASHLAB-GOLD","Attempted to reserve URL http://*:5357/. Status 0x0. Process Id 0x4 Executable path , User S-1-5-18"
"9/8/2026 5:32:30 PM","51046","Information","Microsoft-Windows-DHCPv6-Client","CRASHLAB-GOLD","DHCPv6 client service is started"
"9/8/2026 5:32:30 PM","50036","Information","Microsoft-Windows-Dhcp-Client","CRASHLAB-GOLD","DHCPv4 client service is started"
"9/8/2026 5:32:30 PM","50103","Information","Microsoft-Windows-Dhcp-Client","CRASHLAB-GOLD","DHCPv4 client registered for shutdown notification"
"9/8/2026 5:32:30 PM","50036","Information","Microsoft-Windows-Dhcp-Client","CRASHLAB-GOLD","DHCPv4 client service is started"
"9/8/2026 5:32:30 PM","6","Information","Microsoft-Windows-FilterManager","CRASHLAB-GOLD","File System Filter 'bindflt' (10.0, ‎2081‎-‎10‎-‎17T22:34:26.000000000Z) has successfully loaded and registered with Filter Manager."
"9/8/2026 5:32:30 PM","6","Information","Microsoft-Windows-FilterManager","CRASHLAB-GOLD","File System Filter 'UCPD' (10.0, ‎2061‎-‎11‎-‎20T08:48:12.000000000Z) has successfully loaded and registered with Filter Manager."
"9/8/2026 5:32:30 PM","6","Information","Microsoft-Windows-FilterManager","CRASHLAB-GOLD","File System Filter 'storqosflt' (10.0, ‎2016‎-‎04‎-‎28T23:00:23.000000000Z) has successfully loaded and registered with Filter Manager."
"9/8/2026 5:32:30 PM","6","Information","Microsoft-Windows-FilterManager","CRASHLAB-GOLD","File System Filter 'CldFlt' (10.0, ‎1991‎-‎05‎-‎02T21:16:55.000000000Z) has successfully loaded and registered with Filter Manager."
"9/8/2026 5:32:30 PM","1","Information","Microsoft-Windows-FilterManager","CRASHLAB-GOLD","File System Filter 'CldFlt' (Version 10.0, ‎1991‎-‎05‎-‎02T21:16:55.000000000Z) unloaded successfully."
"9/8/2026 5:32:30 PM","6","Information","Microsoft-Windows-FilterManager","CRASHLAB-GOLD","File System Filter 'CldFlt' (10.0, ‎1991‎-‎05‎-‎02T21:16:55.000000000Z) has successfully loaded and registered with Filter Manager."
"9/8/2026 5:32:30 PM","6","Information","Microsoft-Windows-FilterManager","CRASHLAB-GOLD","File System Filter 'UnionFS' (10.0, ‎2017‎-‎11‎-‎03T06:31:51.000000000Z) has successfully loaded and registered with Filter Manager."
"9/8/2026 5:32:29 PM","6","Information","Microsoft-Windows-FilterManager","CRASHLAB-GOLD","File System Filter 'wcifs' (10.0, ‎1985‎-‎11‎-‎26T15:47:21.000000000Z) has successfully loaded and registered with Filter Manager."
"9/8/2026 5:32:29 PM","6","Information","Microsoft-Windows-FilterManager","CRASHLAB-GOLD","File System Filter 'luafv' (10.0, ‎2057‎-‎06‎-‎14T14:55:30.000000000Z) has successfully loaded and registered with Filter Manager."
"9/8/2026 5:32:29 PM","6","Information","Microsoft-Windows-FilterManager","CRASHLAB-GOLD","File System Filter 'bfs' (10.0, ‎2086‎-‎03‎-‎20T12:03:22.000000000Z) has successfully loaded and registered with Filter Manager."
"9/8/2026 5:32:29 PM","6","Information","Microsoft-Windows-FilterManager","CRASHLAB-GOLD","File System Filter 'applockerfltr' (10.0, ‎2033‎-‎08‎-‎14T12:35:15.000000000Z) has successfully loaded and registered with Filter Manager."
"9/8/2026 5:32:29 PM","16983","Information","Microsoft-Windows-Directory-Services-SAM","CRASHLAB-GOLD","The security account manager is now logging periodic summary events for remote clients that call legacy password change or set RPC methods. For more information please see https://go.microsoft.com/fwlink/?linkid=2150956."
"9/8/2026 5:32:29 PM","16977","Information","Microsoft-Windows-Directory-Services-SAM","CRASHLAB-GOLD","The domain is configured with the following minimum password length-related settings. MinimumPasswordLength: 0 RelaxMinimumPasswordLengthLimits: 0 MinimumPasswordLengthAudit: -1 For more information see https://go.microsoft.com/fwlink/?LinkId=2097191."
"9/8/2026 5:32:29 PM","16962","Information","Microsoft-Windows-Directory-Services-SAM","CRASHLAB-GOLD","Remote calls to the SAM database are being restricted using the default security descriptor: O:SYG:SYD:(A;;RC;;;BA). For more information please see http://go.microsoft.com/fwlink/?LinkId=787651."
"9/8/2026 5:32:29 PM","6156","Information","LsaSrv","CRASHLAB-GOLD","Credential Guard auto enablement status. Hardware Requirements for Virtualisation Based Security: 1 Domain Joined: 0 Azure AD Joined: 0 Licensed for Credential Guard: 0 Domain Controller: 0"
"9/8/2026 5:32:29 PM","12","Information","Microsoft-Windows-Wininit","CRASHLAB-GOLD","LSASS.exe was started as a protected process with level: 4."
"9/8/2026 5:32:29 PM","14","Information","Microsoft-Windows-Wininit","CRASHLAB-GOLD","Credential Guard configuration: Registry Configuration: 0x0 Test Configuration: 0 Auto Enablement: 0"
"9/8/2026 5:32:29 PM","23","Information","Microsoft-Windows-Wininit","CRASHLAB-GOLD","Boot App Anti-Rollback: Initialise Completed with status: HRESULT: The operation completed successfully. New timer needed: false New timer waiting for system update completion: false Previous latch timer exists but disabled by registry: false"
"9/8/2026 5:32:29 PM","25","Information","Microsoft-Windows-Wininit","CRASHLAB-GOLD","Boot App Anti-Rollback: Previous timer resumed with status: HRESULT: The operation completed successfully. Previous timer present: false Start time: ‎1601‎-‎01‎-‎01T00:00:00.000000000Z Grace period: 0 Attempted recovery enforcement succeeded: false"
"9/8/2026 5:32:29 PM","19","Information","Microsoft-Windows-Wininit","CRASHLAB-GOLD","Virtualisation Based Security new timer creation status HRESULT: The operation completed successfully. New latch timer needed: false New latch timer waiting for system update completion: false Previous latch timer exists but disabled by registry: false Policy file exists: false"
"9/8/2026 5:32:28 PM","24","Information","Microsoft-Windows-Kernel-General","CRASHLAB-GOLD","The time zone information was refreshed with exit reason 0. Current time zone bias is -60."
"9/8/2026 5:32:28 PM","98","Information","Microsoft-Windows-Ntfs","CRASHLAB-GOLD","Volume \\?\Volume{a6c16a98-825c-474d-aa27-6e56c6cf4e9b} (\Device\HarddiskVolume4) is healthy. No action is needed."
"9/8/2026 5:32:26 PM","55","Information","Microsoft-Windows-Kernel-Processor-Power","CRASHLAB-GOLD","Processor 1 in group 0 exposes the following power management capabilities: Idle state type: ACPI Idle (C) States (1 state(s)) Performance state type: None Nominal Frequency (MHz): 3600 Maximum performance percentage: 100 Minimum performance percentage: 100 Minimum throttle percentage: 100"
"9/8/2026 5:32:26 PM","55","Information","Microsoft-Windows-Kernel-Processor-Power","CRASHLAB-GOLD","Processor 0 in group 0 exposes the following power management capabilities: Idle state type: ACPI Idle (C) States (1 state(s)) Performance state type: None Nominal Frequency (MHz): 3600 Maximum performance percentage: 100 Minimum performance percentage: 100 Minimum throttle percentage: 100"
"9/8/2026 5:32:26 PM","172","Information","Microsoft-Windows-Kernel-Power","CRASHLAB-GOLD","Connectivity state in standby: Disconnected, Reason: NIC compliance"
"9/8/2026 5:32:26 PM","6","Information","Microsoft-Windows-FilterManager","CRASHLAB-GOLD","File System Filter 'npsvctrig' (10.0, ‎1978‎-‎05‎-‎14T10:13:30.000000000Z) has successfully loaded and registered with Filter Manager."
"9/8/2026 5:32:26 PM","6","Information","Microsoft-Windows-FilterManager","CRASHLAB-GOLD","File System Filter 'FileCrypt' (10.0, ‎2075‎-‎08‎-‎31T23:07:07.000000000Z) has successfully loaded and registered with Filter Manager."
"9/8/2026 5:32:26 PM","98","Information","Microsoft-Windows-Ntfs","CRASHLAB-GOLD","Volume C: (\Device\HarddiskVolume3) is healthy. No action is needed."
"9/8/2026 5:32:25 PM","6","Information","Microsoft-Windows-FilterManager","CRASHLAB-GOLD","File System Filter 'WdFilter' (10.0, ‎2028‎-‎06‎-‎06T10:57:32.000000000Z) has successfully loaded and registered with Filter Manager."
"9/8/2026 5:32:25 PM","6","Information","Microsoft-Windows-FilterManager","CRASHLAB-GOLD","File System Filter 'Wof' (10.0, ‎2089‎-‎07‎-‎15T03:58:05.000000000Z) has successfully loaded and registered with Filter Manager."
"9/8/2026 5:32:25 PM","6","Information","Microsoft-Windows-FilterManager","CRASHLAB-GOLD","File System Filter 'FileInfo' (10.0, ‎2093‎-‎04‎-‎02T02:29:43.000000000Z) has successfully loaded and registered with Filter Manager."
"9/8/2026 5:32:25 PM","16","Information","Microsoft-Windows-HAL","CRASHLAB-GOLD","IOMMU fault reporting has been initialized."
"9/8/2026 5:32:25 PM","20","Information","Microsoft-Windows-Kernel-General","CRASHLAB-GOLD","The leap second configuration has been updated. Reason: Leap second data initialized from registry during boot Leap seconds enabled: true New leap second count: 0 Old leap second count: 0"
"9/8/2026 5:32:25 PM","32","Information","Microsoft-Windows-Kernel-Boot","CRASHLAB-GOLD","The bootmgr spent 0 ms waiting for user input."
"9/8/2026 5:32:25 PM","18","Information","Microsoft-Windows-Kernel-Boot","CRASHLAB-GOLD","There are 0x1 boot options on this system."
"9/8/2026 5:32:25 PM","27","Information","Microsoft-Windows-Kernel-Boot","CRASHLAB-GOLD","The boot type was 0x0."
"9/8/2026 5:32:25 PM","25","Information","Microsoft-Windows-Kernel-Boot","CRASHLAB-GOLD","The boot menu policy was 0x1."
"9/8/2026 5:32:25 PM","238","Information","Microsoft-Windows-Kernel-Boot","CRASHLAB-GOLD","EFI time zone bias: 2047. Daylight flags: 0. Firmware time: ‎2026‎-‎09‎-‎09T01:32:24.000000000Z."
"9/8/2026 5:32:25 PM","247","Information","Microsoft-Windows-Kernel-Boot","CRASHLAB-GOLD","Unable to load Pluton-Windows firmware. StatusCode: STATUS_SUCCESS, Reason: Failed to apply firmware."
"9/8/2026 5:32:25 PM","20","Information","Microsoft-Windows-Kernel-Boot","CRASHLAB-GOLD","The last shutdown's success status was true. The last boot's success status was true."
"9/8/2026 5:32:25 PM","153","Information","Microsoft-Windows-Kernel-Boot","CRASHLAB-GOLD","Virtualization-based security (policies: 0) is disabled."
"9/8/2026 5:32:25 PM","25","Information","Microsoft-Windows-Kernel-General","CRASHLAB-GOLD","The system time was initialized to ‎2026‎-‎09‎-‎09T00:32:25.500000000Z. Loader time: ‎2026‎-‎09‎-‎09T00:32:24.000000000Z Internal boot flags: 0x2 HAL RTC error code: 0x0 RTC time is in UTC: false Soft boot: false Success: true Phase: 0"
"9/8/2026 5:32:25 PM","12","Information","Microsoft-Windows-Kernel-General","CRASHLAB-GOLD","The operating system started at system time ‎2026‎-‎09‎-‎09T00:32:25.500000000Z."
"9/8/2026 5:32:33 PM","13","Information","Microsoft-Windows-Kernel-General","CRASHLAB-GOLD","The operating system is shutting down at system time ‎2026‎-‎09‎-‎09T00:32:33.184042600Z."
"9/8/2026 5:32:33 PM","577","Information","Microsoft-Windows-Kernel-Power","CRASHLAB-GOLD","The system has prepared for a system initiated reboot from Active."
"9/8/2026 5:32:32 PM","109","Information","Microsoft-Windows-Kernel-Power","CRASHLAB-GOLD","The kernel power manager has initiated a shutdown transition. Action: Power Action Reboot Event Code: 0x0 Reason: Kernel API"
"9/8/2026 5:32:28 PM","50037","Information","Microsoft-Windows-Dhcp-Client","CRASHLAB-GOLD","DHCPv4 client service is stopped. ShutDown Flag value is 1"
"9/8/2026 5:32:30 PM","6013","Information","EventLog","CRASHLAB-GOLD","The system uptime is 4 seconds."
"9/8/2026 5:32:30 PM","6005","Information","EventLog","CRASHLAB-GOLD","The Event log service was started."
"9/8/2026 5:32:30 PM","6009","Information","EventLog","CRASHLAB-GOLD","Microsoft (R) Windows (R) 10.00. 26200 Multiprocessor Free."
"9/8/2026 5:32:28 PM","51057","Information","Microsoft-Windows-DHCPv6-Client","CRASHLAB-GOLD","DHCPv6 client service stop is almost done.DHCP Context Ref count is 1"
"9/8/2026 5:32:28 PM","51047","Information","Microsoft-Windows-DHCPv6-Client","CRASHLAB-GOLD","DHCPv6 client service is stopped. ShutDown Flag value is 1"
"9/8/2026 5:32:28 PM","50106","Information","Microsoft-Windows-Dhcp-Client","CRASHLAB-GOLD","DHCPv4 is waiting on DHCPv6 service to stop"
"9/8/2026 5:32:27 PM","50105","Information","Microsoft-Windows-Dhcp-Client","CRASHLAB-GOLD","DHCPv4 client ProcessDHCPRequestForever received TERMINATE_EVENT"
"9/8/2026 5:32:27 PM","50104","Information","Microsoft-Windows-Dhcp-Client","CRASHLAB-GOLD","DHCPv4 client received shutdown notification"
"9/8/2026 5:32:28 PM","6006","Information","EventLog","CRASHLAB-GOLD","The Event log service was stopped."
"9/8/2026 5:32:26 PM","7002","Information","Microsoft-Windows-Winlogon","CRASHLAB-GOLD","User Log-off Notification for Customer Experience Improvement Program"
"9/8/2026 5:32:24 PM","1074","Information","User32","CRASHLAB-GOLD","The process C:\Windows\System32\CloudExperienceHostBroker.exe (CRASHLAB-GOLD) has initiated the restart of computer CRASHLAB-GOLD on behalf of user NT AUTHORITY\SYSTEM for the following reason: Operating System: Reconfiguration (Unplanned) Reason Code: 0x20004 Shut-down Type: restart Comment:"
"9/8/2026 5:32:22 PM","44","Information","Microsoft-Windows-WindowsUpdateClient","CRASHLAB-GOLD","Windows Update started downloading an update."
"9/8/2026 5:31:59 PM","10016","Warning","Microsoft-Windows-DistributedCOM","CRASHLAB-GOLD","The application-specific permission settings do not grant Local Activation permission for the COM Server application with CLSID {8BC3F05E-D86B-11D0-A075-00C04FB68820} and APPID {8BC3F05E-D86B-11D0-A075-00C04FB68820} to the user CRASHLAB-GOLD\defaultuser0 SID (S-1-5-21-3827045323-3528195103-341004652-1000) from address LocalHost (Using LRPC) running in the application container Microsoft.Windows.CloudExperienceHost_10.0.26100.1_neutral_neutral_cw5n1h2txyewy SID (S-1-15-2-2434737943-167758768-3180539153-984336765-1107280622-3591121930-2677285773). This security permission can be modified using the Component Services administrative tool."
"9/8/2026 5:31:59 PM","10016","Warning","Microsoft-Windows-DistributedCOM","CRASHLAB-GOLD","The application-specific permission settings do not grant Local Activation permission for the COM Server application with CLSID {8BC3F05E-D86B-11D0-A075-00C04FB68820} and APPID {8BC3F05E-D86B-11D0-A075-00C04FB68820} to the user CRASHLAB-GOLD\defaultuser0 SID (S-1-5-21-3827045323-3528195103-341004652-1000) from address LocalHost (Using LRPC) running in the application container Microsoft.Windows.CloudExperienceHost_10.0.26100.1_neutral_neutral_cw5n1h2txyewy SID (S-1-15-2-2434737943-167758768-3180539153-984336765-1107280622-3591121930-2677285773). This security permission can be modified using the Component Services administrative tool."
"9/8/2026 5:31:59 PM","10016","Warning","Microsoft-Windows-DistributedCOM","CRASHLAB-GOLD","The application-specific permission settings do not grant Local Activation permission for the COM Server application with CLSID {8BC3F05E-D86B-11D0-A075-00C04FB68820} and APPID {8BC3F05E-D86B-11D0-A075-00C04FB68820} to the user CRASHLAB-GOLD\defaultuser0 SID (S-1-5-21-3827045323-3528195103-341004652-1000) from address LocalHost (Using LRPC) running in the application container Microsoft.Windows.CloudExperienceHost_10.0.26100.1_neutral_neutral_cw5n1h2txyewy SID (S-1-15-2-2434737943-167758768-3180539153-984336765-1107280622-3591121930-2677285773). This security permission can be modified using the Component Services administrative tool."
"9/8/2026 5:31:59 PM","10016","Warning","Microsoft-Windows-DistributedCOM","CRASHLAB-GOLD","The application-specific permission settings do not grant Local Activation permission for the COM Server application with CLSID {8BC3F05E-D86B-11D0-A075-00C04FB68820} and APPID {8BC3F05E-D86B-11D0-A075-00C04FB68820} to the user CRASHLAB-GOLD\defaultuser0 SID (S-1-5-21-3827045323-3528195103-341004652-1000) from address LocalHost (Using LRPC) running in the application container Microsoft.Windows.CloudExperienceHost_10.0.26100.1_neutral_neutral_cw5n1h2txyewy SID (S-1-15-2-2434737943-167758768-3180539153-984336765-1107280622-3591121930-2677285773). This security permission can be modified using the Component Services administrative tool."
"9/8/2026 5:31:34 PM","1025","Information","Microsoft-Windows-TPM-WMI","CRASHLAB-GOLD","The TPM was successfully provisioned and is now ready for use."
"9/8/2026 5:31:34 PM","1282","Information","Microsoft-Windows-TPM-WMI","CRASHLAB-GOLD","The TBS device identifier has been generated."
"9/8/2026 5:31:31 PM","18","Information","TPM","CRASHLAB-GOLD","This event triggers the Trusted Platform Module (TPM) provisioning/status check to run."
"9/8/2026 5:31:29 PM","7026","Information","Service Control Manager","CRASHLAB-GOLD","The following boot-start or system-start driver(s) did not load: dam uiomap"
"9/8/2026 5:31:29 PM","1040","Error","Microsoft-Windows-TPM-WMI","CRASHLAB-GOLD","Pre-attestation health checks confirm a critical component has failed, and the device is not expected to pass attestation. Please see C:\WINDOWS\Logs\MeasuredBoot\0000000004-0000000000.json for detailed information on what checks were made."
"9/8/2026 5:31:29 PM","1041","Information","Microsoft-Windows-TPM-WMI","CRASHLAB-GOLD","Pre-attestation health check detailed information: {""Version"":1,""HealthStatus"":""Cannot be attested"",""Required"":[{""Field"":""TpmPresent"",""Value"":true,""DesiredValue"":true},{""Field"":""TpmMeetsMinimumVersion"",""Value"":true,""DesiredValue"":true},{""Field"":""TpmIsResponsive"",""Value"":true,""DesiredValue"":true},{""Field"":""EkCertIsAvailable"",""Value"":false,""DesiredValue"":true},{""Field"":""TcgLogFound"",""Value"":true,""DesiredValue"":true}],""Expected"":[{""Field"":""PcrsMatchTcgLog"",""Value"":true,""DesiredValue"":true}],""Informational"":[{""Field"":""SecureBootEnabled"",""ValueFromComputer"":false,""ValueFromTcgLog"":false,""DesiredValue"":true,""TcgValueIsVerifiable"":true},{""Field"":""VirtualSecureMemory"",""ValueFromComputer"":false,""ValueFromTcgLog"":false,""DesiredValue"":true,""TcgValueIsVerifiable"":true},{""Field"":""SecureCorePCCompliant"",""ValueFromComputer"":false,""ValueFromTcgLog"":false,""DesiredValue"":true,""TcgValueIsVerifiable"":true}{""Field"":""BootTcgLogFoundInFileSystem"",""Value"":true,""DesiredValue"":true},{""Field"":""CurrentTcgLogFoundInFileSystem"",""Value"":true,""DesiredValue"":true}]}"
"9/8/2026 5:31:27 PM","7001","Information","Microsoft-Windows-Winlogon","CRASHLAB-GOLD","User Log-on Notification for Customer Experience Improvement Program"
"9/8/2026 5:31:26 PM","112","Information","Microsoft-Windows-HttpService","CRASHLAB-GOLD","Attempted to reserve URL http://+:10246/MDEServer/. Status 0x0. Process Id 0x4 Executable path , User S-1-5-18"
"9/8/2026 5:31:26 PM","112","Information","Microsoft-Windows-HttpService","CRASHLAB-GOLD","Attempted to reserve URL http://+:10247/apps/. Status 0x0. Process Id 0x4 Executable path , User S-1-5-18"
"9/8/2026 5:31:26 PM","112","Information","Microsoft-Windows-HttpService","CRASHLAB-GOLD","Attempted to reserve URL http://+:10243/WMPNSSv4/. Status 0x0. Process Id 0x4 Executable path , User S-1-5-18"
"9/8/2026 5:31:26 PM","112","Information","Microsoft-Windows-HttpService","CRASHLAB-GOLD","Attempted to reserve URL https://+:10245/WMPNSSv4/. Status 0x0. Process Id 0x4 Executable path , User S-1-5-18"
"9/8/2026 5:31:26 PM","112","Information","Microsoft-Windows-HttpService","CRASHLAB-GOLD","Attempted to reserve URL http://+:80/116B50EB-ECE2-41ac-8429-9F9E963361B7/. Status 0x0. Process Id 0x4 Executable path , User S-1-5-18"
"9/8/2026 5:31:26 PM","112","Information","Microsoft-Windows-HttpService","CRASHLAB-GOLD","Attempted to reserve URL https://+:443/C574AC30-5794-4AEE-B1BB-6651C5315029/. Status 0x0. Process Id 0x4 Executable path , User S-1-5-18"
"9/8/2026 5:31:26 PM","112","Information","Microsoft-Windows-HttpService","CRASHLAB-GOLD","Attempted to reserve URL http://+:80/0131501b-d67f-491b-9a40-c4bf27bcb4d4/. Status 0x0. Process Id 0x4 Executable path , User S-1-5-18"
"9/8/2026 5:31:26 PM","112","Information","Microsoft-Windows-HttpService","CRASHLAB-GOLD","Attempted to reserve URL https://+:443/sra_{BA195980-CD49-458b-9E23-C84EE0ADCD75}/. Status 0x0. Process Id 0x4 Executable path , User S-1-5-18"
"9/8/2026 5:31:26 PM","112","Information","Microsoft-Windows-HttpService","CRASHLAB-GOLD","Attempted to reserve URL https://+:3392/rdp/. Status 0x0. Process Id 0x4 Executable path , User S-1-5-18"
"9/8/2026 5:31:26 PM","112","Information","Microsoft-Windows-HttpService","CRASHLAB-GOLD","Attempted to reserve URL http://+:5985/wsman/. Status 0x0. Process Id 0x4 Executable path , User S-1-5-18"
"9/8/2026 5:31:26 PM","112","Information","Microsoft-Windows-HttpService","CRASHLAB-GOLD","Attempted to reserve URL http://+:47001/wsman/. Status 0x0. Process Id 0x4 Executable path , User S-1-5-18"
"9/8/2026 5:31:26 PM","112","Information","Microsoft-Windows-HttpService","CRASHLAB-GOLD","Attempted to reserve URL https://+:5986/wsman/. Status 0x0. Process Id 0x4 Executable path , User S-1-5-18"
"9/8/2026 5:31:26 PM","112","Information","Microsoft-Windows-HttpService","CRASHLAB-GOLD","Attempted to reserve URL http://*:2869/. Status 0x0. Process Id 0x4 Executable path , User S-1-5-18"
"9/8/2026 5:31:26 PM","112","Information","Microsoft-Windows-HttpService","CRASHLAB-GOLD","Attempted to reserve URL https://*:5358/. Status 0x0. Process Id 0x4 Executable path , User S-1-5-18"
"9/8/2026 5:31:26 PM","112","Information","Microsoft-Windows-HttpService","CRASHLAB-GOLD","Attempted to reserve URL http://+:80/Temporary_Listen_Addresses/. Status 0x0. Process Id 0x4 Executable path , User S-1-5-18"
"9/8/2026 5:31:26 PM","112","Information","Microsoft-Windows-HttpService","CRASHLAB-GOLD","Attempted to reserve URL http://*:5357/. Status 0x0. Process Id 0x4 Executable path , User S-1-5-18"
"9/8/2026 5:31:26 PM","51046","Information","Microsoft-Windows-DHCPv6-Client","CRASHLAB-GOLD","DHCPv6 client service is started"
"9/8/2026 5:31:26 PM","50036","Information","Microsoft-Windows-Dhcp-Client","CRASHLAB-GOLD","DHCPv4 client service is started"
"9/8/2026 5:31:26 PM","50103","Information","Microsoft-Windows-Dhcp-Client","CRASHLAB-GOLD","DHCPv4 client registered for shutdown notification"
"9/8/2026 5:31:26 PM","50036","Information","Microsoft-Windows-Dhcp-Client","CRASHLAB-GOLD","DHCPv4 client service is started"
"9/8/2026 5:31:26 PM","6","Information","Microsoft-Windows-FilterManager","CRASHLAB-GOLD","File System Filter 'applockerfltr' (10.0, ‎2033‎-‎08‎-‎14T12:35:15.000000000Z) has successfully loaded and registered with Filter Manager."
"9/8/2026 5:31:26 PM","6","Information","Microsoft-Windows-FilterManager","CRASHLAB-GOLD","File System Filter 'bindflt' (10.0, ‎2081‎-‎10‎-‎17T22:34:26.000000000Z) has successfully loaded and registered with Filter Manager."
"9/8/2026 5:31:26 PM","6","Information","Microsoft-Windows-FilterManager","CRASHLAB-GOLD","File System Filter 'UCPD' (10.0, ‎2061‎-‎11‎-‎20T08:48:12.000000000Z) has successfully loaded and registered with Filter Manager."
"9/8/2026 5:31:26 PM","6","Information","Microsoft-Windows-FilterManager","CRASHLAB-GOLD","File System Filter 'storqosflt' (10.0, ‎2016‎-‎04‎-‎28T23:00:23.000000000Z) has successfully loaded and registered with Filter Manager."
"9/8/2026 5:31:26 PM","6","Information","Microsoft-Windows-FilterManager","CRASHLAB-GOLD","File System Filter 'UnionFS' (10.0, ‎2017‎-‎11‎-‎03T06:31:51.000000000Z) has successfully loaded and registered with Filter Manager."
"9/8/2026 5:31:26 PM","6","Information","Microsoft-Windows-FilterManager","CRASHLAB-GOLD","File System Filter 'CldFlt' (10.0, ‎1991‎-‎05‎-‎02T21:16:55.000000000Z) has successfully loaded and registered with Filter Manager."
"9/8/2026 5:31:26 PM","1","Information","Microsoft-Windows-FilterManager","CRASHLAB-GOLD","File System Filter 'CldFlt' (Version 10.0, ‎1991‎-‎05‎-‎02T21:16:55.000000000Z) unloaded successfully."
"9/8/2026 5:31:26 PM","6","Information","Microsoft-Windows-FilterManager","CRASHLAB-GOLD","File System Filter 'CldFlt' (10.0, ‎1991‎-‎05‎-‎02T21:16:55.000000000Z) has successfully loaded and registered with Filter Manager."
"9/8/2026 5:31:26 PM","6","Information","Microsoft-Windows-FilterManager","CRASHLAB-GOLD","File System Filter 'luafv' (10.0, ‎2057‎-‎06‎-‎14T14:55:30.000000000Z) has successfully loaded and registered with Filter Manager."
"9/8/2026 5:31:26 PM","6","Information","Microsoft-Windows-FilterManager","CRASHLAB-GOLD","File System Filter 'wcifs' (10.0, ‎1985‎-‎11‎-‎26T15:47:21.000000000Z) has successfully loaded and registered with Filter Manager."
"9/8/2026 5:31:26 PM","6","Information","Microsoft-Windows-FilterManager","CRASHLAB-GOLD","File System Filter 'bfs' (10.0, ‎2086‎-‎03‎-‎20T12:03:22.000000000Z) has successfully loaded and registered with Filter Manager."
"9/8/2026 5:31:25 PM","16983","Information","Microsoft-Windows-Directory-Services-SAM","CRASHLAB-GOLD","The security account manager is now logging periodic summary events for remote clients that call legacy password change or set RPC methods. For more information please see https://go.microsoft.com/fwlink/?linkid=2150956."
"9/8/2026 5:31:25 PM","16977","Information","Microsoft-Windows-Directory-Services-SAM","CRASHLAB-GOLD","The domain is configured with the following minimum password length-related settings. MinimumPasswordLength: 0 RelaxMinimumPasswordLengthLimits: 0 MinimumPasswordLengthAudit: -1 For more information see https://go.microsoft.com/fwlink/?LinkId=2097191."
"9/8/2026 5:31:25 PM","16962","Information","Microsoft-Windows-Directory-Services-SAM","CRASHLAB-GOLD","Remote calls to the SAM database are being restricted using the default security descriptor: O:SYG:SYD:(A;;RC;;;BA). For more information please see http://go.microsoft.com/fwlink/?LinkId=787651."
"9/8/2026 5:31:25 PM","6156","Information","LsaSrv","CRASHLAB-GOLD","Credential Guard auto enablement status. Hardware Requirements for Virtualisation Based Security: 1 Domain Joined: 0 Azure AD Joined: 0 Licensed for Credential Guard: 0 Domain Controller: 0"
"9/8/2026 5:31:25 PM","12","Information","Microsoft-Windows-Wininit","CRASHLAB-GOLD","LSASS.exe was started as a protected process with level: 4."
"9/8/2026 5:31:25 PM","14","Information","Microsoft-Windows-Wininit","CRASHLAB-GOLD","Credential Guard configuration: Registry Configuration: 0x0 Test Configuration: 0 Auto Enablement: 0"
"9/8/2026 5:31:24 PM","23","Information","Microsoft-Windows-Wininit","CRASHLAB-GOLD","Boot App Anti-Rollback: Initialise Completed with status: HRESULT: The operation completed successfully. New timer needed: false New timer waiting for system update completion: false Previous latch timer exists but disabled by registry: false"
"9/8/2026 5:31:24 PM","25","Information","Microsoft-Windows-Wininit","CRASHLAB-GOLD","Boot App Anti-Rollback: Previous timer resumed with status: HRESULT: The operation completed successfully. Previous timer present: false Start time: ‎1601‎-‎01‎-‎01T00:00:00.000000000Z Grace period: 0 Attempted recovery enforcement succeeded: false"
"9/8/2026 5:31:24 PM","19","Information","Microsoft-Windows-Wininit","CRASHLAB-GOLD","Virtualisation Based Security new timer creation status HRESULT: The operation completed successfully. New latch timer needed: false New latch timer waiting for system update completion: false Previous latch timer exists but disabled by registry: false Policy file exists: false"
"9/8/2026 5:31:24 PM","24","Information","Microsoft-Windows-Kernel-General","CRASHLAB-GOLD","The time zone information was refreshed with exit reason 0. Current time zone bias is -60."
"9/8/2026 5:31:24 PM","98","Information","Microsoft-Windows-Ntfs","CRASHLAB-GOLD","Volume \\?\Volume{a6c16a98-825c-474d-aa27-6e56c6cf4e9b} (\Device\HarddiskVolume4) is healthy. No action is needed."
"9/8/2026 5:31:22 PM","55","Information","Microsoft-Windows-Kernel-Processor-Power","CRASHLAB-GOLD","Processor 1 in group 0 exposes the following power management capabilities: Idle state type: ACPI Idle (C) States (1 state(s)) Performance state type: None Nominal Frequency (MHz): 3600 Maximum performance percentage: 100 Minimum performance percentage: 100 Minimum throttle percentage: 100"
"9/8/2026 5:31:22 PM","55","Information","Microsoft-Windows-Kernel-Processor-Power","CRASHLAB-GOLD","Processor 0 in group 0 exposes the following power management capabilities: Idle state type: ACPI Idle (C) States (1 state(s)) Performance state type: None Nominal Frequency (MHz): 3600 Maximum performance percentage: 100 Minimum performance percentage: 100 Minimum throttle percentage: 100"
"9/8/2026 5:31:22 PM","172","Information","Microsoft-Windows-Kernel-Power","CRASHLAB-GOLD","Connectivity state in standby: Disconnected, Reason: NIC compliance"
"9/8/2026 5:31:22 PM","6","Information","Microsoft-Windows-FilterManager","CRASHLAB-GOLD","File System Filter 'npsvctrig' (10.0, ‎1978‎-‎05‎-‎14T10:13:30.000000000Z) has successfully loaded and registered with Filter Manager."
"9/8/2026 5:31:22 PM","6","Information","Microsoft-Windows-FilterManager","CRASHLAB-GOLD","File System Filter 'FileCrypt' (10.0, ‎2075‎-‎08‎-‎31T23:07:07.000000000Z) has successfully loaded and registered with Filter Manager."
"9/8/2026 5:31:22 PM","98","Information","Microsoft-Windows-Ntfs","CRASHLAB-GOLD","Volume C: (\Device\HarddiskVolume3) is healthy. No action is needed."
"9/8/2026 5:31:21 PM","6","Information","Microsoft-Windows-FilterManager","CRASHLAB-GOLD","File System Filter 'WdFilter' (10.0, ‎2028‎-‎06‎-‎06T10:57:32.000000000Z) has successfully loaded and registered with Filter Manager."
"9/8/2026 5:31:21 PM","6","Information","Microsoft-Windows-FilterManager","CRASHLAB-GOLD","File System Filter 'Wof' (10.0, ‎2089‎-‎07‎-‎15T03:58:05.000000000Z) has successfully loaded and registered with Filter Manager."
"9/8/2026 5:31:21 PM","6","Information","Microsoft-Windows-FilterManager","CRASHLAB-GOLD","File System Filter 'FileInfo' (10.0, ‎2093‎-‎04‎-‎02T02:29:43.000000000Z) has successfully loaded and registered with Filter Manager."
"9/8/2026 5:31:21 PM","16","Information","Microsoft-Windows-HAL","CRASHLAB-GOLD","IOMMU fault reporting has been initialized."
"9/8/2026 5:31:21 PM","20","Information","Microsoft-Windows-Kernel-General","CRASHLAB-GOLD","The leap second configuration has been updated. Reason: Leap second data initialized from registry during boot Leap seconds enabled: true New leap second count: 0 Old leap second count: 0"
"9/8/2026 5:31:21 PM","32","Information","Microsoft-Windows-Kernel-Boot","CRASHLAB-GOLD","The bootmgr spent 0 ms waiting for user input."
"9/8/2026 5:31:21 PM","18","Information","Microsoft-Windows-Kernel-Boot","CRASHLAB-GOLD","There are 0x1 boot options on this system."
"9/8/2026 5:31:21 PM","27","Information","Microsoft-Windows-Kernel-Boot","CRASHLAB-GOLD","The boot type was 0x0."
"9/8/2026 5:31:21 PM","25","Information","Microsoft-Windows-Kernel-Boot","CRASHLAB-GOLD","The boot menu policy was 0x1."
"9/8/2026 5:31:21 PM","238","Information","Microsoft-Windows-Kernel-Boot","CRASHLAB-GOLD","EFI time zone bias: 2047. Daylight flags: 0. Firmware time: ‎2026‎-‎09‎-‎09T01:31:21.000000000Z."
"9/8/2026 5:31:21 PM","247","Information","Microsoft-Windows-Kernel-Boot","CRASHLAB-GOLD","Unable to load Pluton-Windows firmware. StatusCode: STATUS_SUCCESS, Reason: Failed to apply firmware."
"9/8/2026 5:31:21 PM","20","Information","Microsoft-Windows-Kernel-Boot","CRASHLAB-GOLD","The last shutdown's success status was true. The last boot's success status was true."
"9/8/2026 5:31:21 PM","153","Information","Microsoft-Windows-Kernel-Boot","CRASHLAB-GOLD","Virtualization-based security (policies: 0) is disabled."
"9/8/2026 5:31:21 PM","25","Information","Microsoft-Windows-Kernel-General","CRASHLAB-GOLD","The system time was initialized to ‎2026‎-‎09‎-‎09T00:31:21.500000000Z. Loader time: ‎2026‎-‎09‎-‎09T00:31:21.000000000Z Internal boot flags: 0x2 HAL RTC error code: 0x0 RTC time is in UTC: false Soft boot: false Success: true Phase: 0"
"9/8/2026 5:31:21 PM","12","Information","Microsoft-Windows-Kernel-General","CRASHLAB-GOLD","The operating system started at system time ‎2026‎-‎09‎-‎09T00:31:21.500000000Z."
"9/8/2026 5:31:25 PM","13","Information","Microsoft-Windows-Kernel-General","CRASHLAB-GOLD","The operating system is shutting down at system time ‎2026‎-‎09‎-‎09T00:31:25.026368000Z."
"9/8/2026 5:31:24 PM","577","Information","Microsoft-Windows-Kernel-Power","CRASHLAB-GOLD","The system has prepared for a system initiated reboot from Active."
"9/8/2026 5:31:24 PM","109","Information","Microsoft-Windows-Kernel-Power","CRASHLAB-GOLD","The kernel power manager has initiated a shutdown transition. Action: Power Action Reboot Event Code: 0x0 Reason: Kernel API"
"9/8/2026 5:31:26 PM","6013","Information","EventLog","CRASHLAB-GOLD","The system uptime is 4 seconds."
"9/8/2026 5:31:26 PM","6005","Information","EventLog","CRASHLAB-GOLD","The Event log service was started."
"9/8/2026 5:31:26 PM","6009","Information","EventLog","CRASHLAB-GOLD","Microsoft (R) Windows (R) 10.00. 26200 Multiprocessor Free."
"9/8/2026 5:31:26 PM","6011","Information","EventLog","CRASHLAB-GOLD","The NetBIOS name and DNS host name of this machine have been changed from DESKTOP-7KP8ILC to CRASHLAB-GOLD."
"9/8/2026 5:31:19 PM","50037","Information","Microsoft-Windows-Dhcp-Client","DESKTOP-7KP8ILC","DHCPv4 client service is stopped. ShutDown Flag value is 1"
"9/8/2026 5:31:19 PM","51057","Information","Microsoft-Windows-DHCPv6-Client","DESKTOP-7KP8ILC","DHCPv6 client service stop is almost done.DHCP Context Ref count is 1"
"9/8/2026 5:31:19 PM","51047","Information","Microsoft-Windows-DHCPv6-Client","DESKTOP-7KP8ILC","DHCPv6 client service is stopped. ShutDown Flag value is 1"
"9/8/2026 5:31:19 PM","50106","Information","Microsoft-Windows-Dhcp-Client","DESKTOP-7KP8ILC","DHCPv4 is waiting on DHCPv6 service to stop"
"9/8/2026 5:31:19 PM","50105","Information","Microsoft-Windows-Dhcp-Client","DESKTOP-7KP8ILC","DHCPv4 client ProcessDHCPRequestForever received TERMINATE_EVENT"
"9/8/2026 5:31:19 PM","50104","Information","Microsoft-Windows-Dhcp-Client","DESKTOP-7KP8ILC","DHCPv4 client received shutdown notification"
"9/8/2026 5:31:19 PM","7002","Information","Microsoft-Windows-Winlogon","DESKTOP-7KP8ILC","User Log-off Notification for Customer Experience Improvement Program"
"9/8/2026 5:31:19 PM","6006","Information","EventLog","DESKTOP-7KP8ILC","The Event log service was stopped."
"9/8/2026 5:31:17 PM","1074","Information","User32","DESKTOP-7KP8ILC","The process C:\Windows\System32\CloudExperienceHostBroker.exe (DESKTOP-7KP8ILC) has initiated the restart of computer CRASHLAB-GOLD on behalf of user NT AUTHORITY\SYSTEM for the following reason: Operating System: Reconfiguration (Unplanned) Reason Code: 0x20004 Shut-down Type: restart Comment:"
"9/8/2026 5:30:52 PM","19","Information","Microsoft-Windows-WindowsUpdateClient","DESKTOP-7KP8ILC","Installation Successful: Windows successfully installed the following update: Microsoft Corporation AudioProcessingObject Driver Update (1.0.4.7057)"
"9/8/2026 5:30:51 PM","43","Information","Microsoft-Windows-WindowsUpdateClient","DESKTOP-7KP8ILC","Installation Started: Windows has started installing the following update: Microsoft Corporation AudioProcessingObject Driver Update (1.0.4.7057)"
"9/8/2026 5:30:49 PM","44","Information","Microsoft-Windows-WindowsUpdateClient","DESKTOP-7KP8ILC","Windows Update started downloading an update."
"9/8/2026 5:30:06 PM","19","Information","Microsoft-Windows-WindowsUpdateClient","DESKTOP-7KP8ILC","Installation Successful: Windows successfully installed the following update: 2026-06 Critical Update (KB5095189)"
"9/8/2026 5:29:56 PM","16","Information","Microsoft-Windows-Kernel-General","DESKTOP-7KP8ILC","The access history in hive \??\C:\Users\defaultuser0\AppData\Local\Packages\MicrosoftWindows.Client.WebExperience_cw5n1h2txyewy\Settings\settings.dat was cleared updating 3 keys and creating 1 modified pages."
"9/8/2026 5:29:55 PM","1025","Information","Microsoft-Windows-TPM-WMI","DESKTOP-7KP8ILC","The TPM was successfully provisioned and is now ready for use."
"9/8/2026 5:29:55 PM","1282","Information","Microsoft-Windows-TPM-WMI","DESKTOP-7KP8ILC","The TBS device identifier has been generated."
"9/8/2026 5:29:53 PM","18","Information","TPM","DESKTOP-7KP8ILC","This event triggers the Trusted Platform Module (TPM) provisioning/status check to run."
"9/8/2026 5:29:52 PM","7001","Information","Microsoft-Windows-Winlogon","DESKTOP-7KP8ILC","User Log-on Notification for Customer Experience Improvement Program"
"9/8/2026 5:29:51 PM","7040","Information","Service Control Manager","DESKTOP-7KP8ILC","The start type of the Windows Modules Installer service was changed from auto start to demand start."
"9/8/2026 5:29:49 PM","7026","Information","Service Control Manager","DESKTOP-7KP8ILC","The following boot-start or system-start driver(s) did not load: dam uiomap"
"9/8/2026 5:29:49 PM","1040","Error","Microsoft-Windows-TPM-WMI","DESKTOP-7KP8ILC","Pre-attestation health checks confirm a critical component has failed, and the device is not expected to pass attestation. Please see C:\WINDOWS\Logs\MeasuredBoot\0000000003-0000000000.json for detailed information on what checks were made."
"9/8/2026 5:29:49 PM","1041","Information","Microsoft-Windows-TPM-WMI","DESKTOP-7KP8ILC","Pre-attestation health check detailed information: {""Version"":1,""HealthStatus"":""Cannot be attested"",""Required"":[{""Field"":""TpmPresent"",""Value"":true,""DesiredValue"":true},{""Field"":""TpmMeetsMinimumVersion"",""Value"":true,""DesiredValue"":true},{""Field"":""TpmIsResponsive"",""Value"":true,""DesiredValue"":true},{""Field"":""EkCertIsAvailable"",""Value"":false,""DesiredValue"":true},{""Field"":""TcgLogFound"",""Value"":true,""DesiredValue"":true}],""Expected"":[{""Field"":""PcrsMatchTcgLog"",""Value"":true,""DesiredValue"":true}],""Informational"":[{""Field"":""SecureBootEnabled"",""ValueFromComputer"":false,""ValueFromTcgLog"":false,""DesiredValue"":true,""TcgValueIsVerifiable"":true},{""Field"":""VirtualSecureMemory"",""ValueFromComputer"":false,""ValueFromTcgLog"":false,""DesiredValue"":true,""TcgValueIsVerifiable"":true},{""Field"":""SecureCorePCCompliant"",""ValueFromComputer"":false,""ValueFromTcgLog"":false,""DesiredValue"":true,""TcgValueIsVerifiable"":true}{""Field"":""BootTcgLogFoundInFileSystem"",""Value"":true,""DesiredValue"":true},{""Field"":""CurrentTcgLogFoundInFileSystem"",""Value"":true,""DesiredValue"":true}]}"
"9/8/2026 5:29:47 PM","112","Information","Microsoft-Windows-HttpService","DESKTOP-7KP8ILC","Attempted to reserve URL http://+:10246/MDEServer/. Status 0x0. Process Id 0x4 Executable path , User S-1-5-18"
"9/8/2026 5:29:47 PM","112","Information","Microsoft-Windows-HttpService","DESKTOP-7KP8ILC","Attempted to reserve URL http://+:10247/apps/. Status 0x0. Process Id 0x4 Executable path , User S-1-5-18"
"9/8/2026 5:29:47 PM","112","Information","Microsoft-Windows-HttpService","DESKTOP-7KP8ILC","Attempted to reserve URL http://+:10243/WMPNSSv4/. Status 0x0. Process Id 0x4 Executable path , User S-1-5-18"
"9/8/2026 5:29:47 PM","112","Information","Microsoft-Windows-HttpService","DESKTOP-7KP8ILC","Attempted to reserve URL https://+:10245/WMPNSSv4/. Status 0x0. Process Id 0x4 Executable path , User S-1-5-18"
"9/8/2026 5:29:47 PM","112","Information","Microsoft-Windows-HttpService","DESKTOP-7KP8ILC","Attempted to reserve URL http://+:80/116B50EB-ECE2-41ac-8429-9F9E963361B7/. Status 0x0. Process Id 0x4 Executable path , User S-1-5-18"
"9/8/2026 5:29:47 PM","112","Information","Microsoft-Windows-HttpService","DESKTOP-7KP8ILC","Attempted to reserve URL https://+:443/C574AC30-5794-4AEE-B1BB-6651C5315029/. Status 0x0. Process Id 0x4 Executable path , User S-1-5-18"
"9/8/2026 5:29:47 PM","112","Information","Microsoft-Windows-HttpService","DESKTOP-7KP8ILC","Attempted to reserve URL http://+:80/0131501b-d67f-491b-9a40-c4bf27bcb4d4/. Status 0x0. Process Id 0x4 Executable path , User S-1-5-18"
"9/8/2026 5:29:47 PM","112","Information","Microsoft-Windows-HttpService","DESKTOP-7KP8ILC","Attempted to reserve URL https://+:443/sra_{BA195980-CD49-458b-9E23-C84EE0ADCD75}/. Status 0x0. Process Id 0x4 Executable path , User S-1-5-18"
"9/8/2026 5:29:47 PM","112","Information","Microsoft-Windows-HttpService","DESKTOP-7KP8ILC","Attempted to reserve URL https://+:3392/rdp/. Status 0x0. Process Id 0x4 Executable path , User S-1-5-18"
"9/8/2026 5:29:47 PM","112","Information","Microsoft-Windows-HttpService","DESKTOP-7KP8ILC","Attempted to reserve URL http://+:5985/wsman/. Status 0x0. Process Id 0x4 Executable path , User S-1-5-18"
"9/8/2026 5:29:47 PM","112","Information","Microsoft-Windows-HttpService","DESKTOP-7KP8ILC","Attempted to reserve URL http://+:47001/wsman/. Status 0x0. Process Id 0x4 Executable path , User S-1-5-18"
"9/8/2026 5:29:47 PM","112","Information","Microsoft-Windows-HttpService","DESKTOP-7KP8ILC","Attempted to reserve URL https://+:5986/wsman/. Status 0x0. Process Id 0x4 Executable path , User S-1-5-18"
"9/8/2026 5:29:47 PM","112","Information","Microsoft-Windows-HttpService","DESKTOP-7KP8ILC","Attempted to reserve URL http://*:2869/. Status 0x0. Process Id 0x4 Executable path , User S-1-5-18"
"9/8/2026 5:29:47 PM","112","Information","Microsoft-Windows-HttpService","DESKTOP-7KP8ILC","Attempted to reserve URL https://*:5358/. Status 0x0. Process Id 0x4 Executable path , User S-1-5-18"
"9/8/2026 5:29:47 PM","112","Information","Microsoft-Windows-HttpService","DESKTOP-7KP8ILC","Attempted to reserve URL http://+:80/Temporary_Listen_Addresses/. Status 0x0. Process Id 0x4 Executable path , User S-1-5-18"
"9/8/2026 5:29:47 PM","112","Information","Microsoft-Windows-HttpService","DESKTOP-7KP8ILC","Attempted to reserve URL http://*:5357/. Status 0x0. Process Id 0x4 Executable path , User S-1-5-18"
"9/8/2026 5:29:47 PM","51046","Information","Microsoft-Windows-DHCPv6-Client","DESKTOP-7KP8ILC","DHCPv6 client service is started"
"9/8/2026 5:29:47 PM","50036","Information","Microsoft-Windows-Dhcp-Client","DESKTOP-7KP8ILC","DHCPv4 client service is started"
"9/8/2026 5:29:47 PM","50103","Information","Microsoft-Windows-Dhcp-Client","DESKTOP-7KP8ILC","DHCPv4 client registered for shutdown notification"
"9/8/2026 5:29:47 PM","50036","Information","Microsoft-Windows-Dhcp-Client","DESKTOP-7KP8ILC","DHCPv4 client service is started"
"9/8/2026 5:29:47 PM","6","Information","Microsoft-Windows-FilterManager","DESKTOP-7KP8ILC","File System Filter 'bindflt' (10.0, ‎2081‎-‎10‎-‎17T22:34:26.000000000Z) has successfully loaded and registered with Filter Manager."
"9/8/2026 5:29:47 PM","6","Information","Microsoft-Windows-FilterManager","DESKTOP-7KP8ILC","File System Filter 'UCPD' (10.0, ‎2061‎-‎11‎-‎20T08:48:12.000000000Z) has successfully loaded and registered with Filter Manager."
"9/8/2026 5:29:47 PM","6","Information","Microsoft-Windows-FilterManager","DESKTOP-7KP8ILC","File System Filter 'storqosflt' (10.0, ‎2016‎-‎04‎-‎28T23:00:23.000000000Z) has successfully loaded and registered with Filter Manager."
"9/8/2026 5:29:47 PM","6","Information","Microsoft-Windows-FilterManager","DESKTOP-7KP8ILC","File System Filter 'CldFlt' (10.0, ‎1991‎-‎05‎-‎02T21:16:55.000000000Z) has successfully loaded and registered with Filter Manager."
"9/8/2026 5:29:47 PM","1","Information","Microsoft-Windows-FilterManager","DESKTOP-7KP8ILC","File System Filter 'CldFlt' (Version 10.0, ‎1991‎-‎05‎-‎02T21:16:55.000000000Z) unloaded successfully."
"9/8/2026 5:29:47 PM","6","Information","Microsoft-Windows-FilterManager","DESKTOP-7KP8ILC","File System Filter 'CldFlt' (10.0, ‎1991‎-‎05‎-‎02T21:16:55.000000000Z) has successfully loaded and registered with Filter Manager."
"9/8/2026 5:29:47 PM","6","Information","Microsoft-Windows-FilterManager","DESKTOP-7KP8ILC","File System Filter 'UnionFS' (10.0, ‎2017‎-‎11‎-‎03T06:31:51.000000000Z) has successfully loaded and registered with Filter Manager."
"9/8/2026 5:29:47 PM","6","Information","Microsoft-Windows-FilterManager","DESKTOP-7KP8ILC","File System Filter 'wcifs' (10.0, ‎1985‎-‎11‎-‎26T15:47:21.000000000Z) has successfully loaded and registered with Filter Manager."
"9/8/2026 5:29:47 PM","6","Information","Microsoft-Windows-FilterManager","DESKTOP-7KP8ILC","File System Filter 'luafv' (10.0, ‎2057‎-‎06‎-‎14T14:55:30.000000000Z) has successfully loaded and registered with Filter Manager."
"9/8/2026 5:29:47 PM","6","Information","Microsoft-Windows-FilterManager","DESKTOP-7KP8ILC","File System Filter 'bfs' (10.0, ‎2086‎-‎03‎-‎20T12:03:22.000000000Z) has successfully loaded and registered with Filter Manager."
"9/8/2026 5:29:47 PM","6","Information","Microsoft-Windows-FilterManager","DESKTOP-7KP8ILC","File System Filter 'applockerfltr' (10.0, ‎2033‎-‎08‎-‎14T12:35:15.000000000Z) has successfully loaded and registered with Filter Manager."
"9/8/2026 5:29:46 PM","16983","Information","Microsoft-Windows-Directory-Services-SAM","DESKTOP-7KP8ILC","The security account manager is now logging periodic summary events for remote clients that call legacy password change or set RPC methods. For more information please see https://go.microsoft.com/fwlink/?linkid=2150956."
"9/8/2026 5:29:46 PM","16977","Information","Microsoft-Windows-Directory-Services-SAM","DESKTOP-7KP8ILC","The domain is configured with the following minimum password length-related settings. MinimumPasswordLength: 0 RelaxMinimumPasswordLengthLimits: 0 MinimumPasswordLengthAudit: -1 For more information see https://go.microsoft.com/fwlink/?LinkId=2097191."
"9/8/2026 5:29:46 PM","16962","Information","Microsoft-Windows-Directory-Services-SAM","DESKTOP-7KP8ILC","Remote calls to the SAM database are being restricted using the default security descriptor: O:SYG:SYD:(A;;RC;;;BA). For more information please see http://go.microsoft.com/fwlink/?LinkId=787651."
"9/8/2026 5:29:46 PM","6156","Information","LsaSrv","DESKTOP-7KP8ILC","Credential Guard auto enablement status. Hardware Requirements for Virtualisation Based Security: 1 Domain Joined: 0 Azure AD Joined: 0 Licensed for Credential Guard: 0 Domain Controller: 0"
"9/8/2026 5:29:46 PM","12","Information","Microsoft-Windows-Wininit","DESKTOP-7KP8ILC","LSASS.exe was started as a protected process with level: 4."
"9/8/2026 5:29:46 PM","14","Information","Microsoft-Windows-Wininit","DESKTOP-7KP8ILC","Credential Guard configuration: Registry Configuration: 0x0 Test Configuration: 0 Auto Enablement: 0"
"9/8/2026 5:29:46 PM","23","Information","Microsoft-Windows-Wininit","DESKTOP-7KP8ILC","Boot App Anti-Rollback: Initialise Completed with status: HRESULT: The operation completed successfully. New timer needed: false New timer waiting for system update completion: false Previous latch timer exists but disabled by registry: false"
"9/8/2026 5:29:46 PM","25","Information","Microsoft-Windows-Wininit","DESKTOP-7KP8ILC","Boot App Anti-Rollback: Previous timer resumed with status: HRESULT: The operation completed successfully. Previous timer present: false Start time: ‎1601‎-‎01‎-‎01T00:00:00.000000000Z Grace period: 0 Attempted recovery enforcement succeeded: false"
"9/8/2026 5:29:46 PM","19","Information","Microsoft-Windows-Wininit","DESKTOP-7KP8ILC","Virtualisation Based Security new timer creation status HRESULT: The operation completed successfully. New latch timer needed: false New latch timer waiting for system update completion: false Previous latch timer exists but disabled by registry: false Policy file exists: false"
"9/8/2026 5:29:46 PM","24","Information","Microsoft-Windows-Kernel-General","DESKTOP-7KP8ILC","The time zone information was refreshed with exit reason 0. Current time zone bias is -60."
"9/8/2026 5:29:46 PM","98","Information","Microsoft-Windows-Ntfs","DESKTOP-7KP8ILC","Volume \\?\Volume{a6c16a98-825c-474d-aa27-6e56c6cf4e9b} (\Device\HarddiskVolume4) is healthy. No action is needed."
"9/8/2026 5:29:44 PM","55","Information","Microsoft-Windows-Kernel-Processor-Power","DESKTOP-7KP8ILC","Processor 1 in group 0 exposes the following power management capabilities: Idle state type: ACPI Idle (C) States (1 state(s)) Performance state type: None Nominal Frequency (MHz): 3600 Maximum performance percentage: 100 Minimum performance percentage: 100 Minimum throttle percentage: 100"
"9/8/2026 5:29:44 PM","55","Information","Microsoft-Windows-Kernel-Processor-Power","DESKTOP-7KP8ILC","Processor 0 in group 0 exposes the following power management capabilities: Idle state type: ACPI Idle (C) States (1 state(s)) Performance state type: None Nominal Frequency (MHz): 3600 Maximum performance percentage: 100 Minimum performance percentage: 100 Minimum throttle percentage: 100"
"9/8/2026 5:29:44 PM","172","Information","Microsoft-Windows-Kernel-Power","DESKTOP-7KP8ILC","Connectivity state in standby: Disconnected, Reason: NIC compliance"
"9/8/2026 5:29:44 PM","6","Information","Microsoft-Windows-FilterManager","DESKTOP-7KP8ILC","File System Filter 'npsvctrig' (10.0, ‎1978‎-‎05‎-‎14T10:13:30.000000000Z) has successfully loaded and registered with Filter Manager."
"9/8/2026 5:29:44 PM","6","Information","Microsoft-Windows-FilterManager","DESKTOP-7KP8ILC","File System Filter 'FileCrypt' (10.0, ‎2075‎-‎08‎-‎31T23:07:07.000000000Z) has successfully loaded and registered with Filter Manager."
"9/8/2026 5:29:44 PM","98","Information","Microsoft-Windows-Ntfs","DESKTOP-7KP8ILC","Volume C: (\Device\HarddiskVolume3) is healthy. No action is needed."
"9/8/2026 5:29:43 PM","6","Information","Microsoft-Windows-FilterManager","DESKTOP-7KP8ILC","File System Filter 'WdFilter' (10.0, ‎2028‎-‎06‎-‎06T10:57:32.000000000Z) has successfully loaded and registered with Filter Manager."
"9/8/2026 5:29:43 PM","6","Information","Microsoft-Windows-FilterManager","DESKTOP-7KP8ILC","File System Filter 'Wof' (10.0, ‎2089‎-‎07‎-‎15T03:58:05.000000000Z) has successfully loaded and registered with Filter Manager."
"9/8/2026 5:29:43 PM","6","Information","Microsoft-Windows-FilterManager","DESKTOP-7KP8ILC","File System Filter 'FileInfo' (10.0, ‎2093‎-‎04‎-‎02T02:29:43.000000000Z) has successfully loaded and registered with Filter Manager."
"9/8/2026 5:29:43 PM","16","Information","Microsoft-Windows-HAL","DESKTOP-7KP8ILC","IOMMU fault reporting has been initialized."
"9/8/2026 5:29:43 PM","20","Information","Microsoft-Windows-Kernel-General","DESKTOP-7KP8ILC","The leap second configuration has been updated. Reason: Leap second data initialized from registry during boot Leap seconds enabled: true New leap second count: 0 Old leap second count: 0"
"9/8/2026 5:29:43 PM","32","Information","Microsoft-Windows-Kernel-Boot","DESKTOP-7KP8ILC","The bootmgr spent 0 ms waiting for user input."
"9/8/2026 5:29:43 PM","18","Information","Microsoft-Windows-Kernel-Boot","DESKTOP-7KP8ILC","There are 0x1 boot options on this system."
"9/8/2026 5:29:43 PM","27","Information","Microsoft-Windows-Kernel-Boot","DESKTOP-7KP8ILC","The boot type was 0x0."
"9/8/2026 5:29:43 PM","25","Information","Microsoft-Windows-Kernel-Boot","DESKTOP-7KP8ILC","The boot menu policy was 0x1."
"9/8/2026 5:29:43 PM","238","Information","Microsoft-Windows-Kernel-Boot","DESKTOP-7KP8ILC","EFI time zone bias: 2047. Daylight flags: 0. Firmware time: ‎2026‎-‎09‎-‎09T01:29:42.000000000Z."
"9/8/2026 5:29:43 PM","247","Information","Microsoft-Windows-Kernel-Boot","DESKTOP-7KP8ILC","Unable to load Pluton-Windows firmware. StatusCode: STATUS_SUCCESS, Reason: Failed to apply firmware."
"9/8/2026 5:29:43 PM","20","Information","Microsoft-Windows-Kernel-Boot","DESKTOP-7KP8ILC","The last shutdown's success status was true. The last boot's success status was true."
"9/8/2026 5:29:43 PM","153","Information","Microsoft-Windows-Kernel-Boot","DESKTOP-7KP8ILC","Virtualization-based security (policies: 0) is disabled."
"9/8/2026 5:29:43 PM","25","Information","Microsoft-Windows-Kernel-General","DESKTOP-7KP8ILC","The system time was initialized to ‎2026‎-‎09‎-‎09T00:29:43.500000000Z. Loader time: ‎2026‎-‎09‎-‎09T00:29:42.000000000Z Internal boot flags: 0x2 HAL RTC error code: 0x0 RTC time is in UTC: false Soft boot: false Success: true Phase: 0"
"9/8/2026 5:29:43 PM","12","Information","Microsoft-Windows-Kernel-General","DESKTOP-7KP8ILC","The operating system started at system time ‎2026‎-‎09‎-‎09T00:29:43.500000000Z."
"9/8/2026 5:29:57 PM","13","Information","Microsoft-Windows-Kernel-General","DESKTOP-7KP8ILC","The operating system is shutting down at system time ‎2026‎-‎09‎-‎09T00:29:57.963975300Z."
"9/8/2026 5:29:57 PM","577","Information","Microsoft-Windows-Kernel-Power","DESKTOP-7KP8ILC","The system has prepared for a system initiated reboot from Active."
"9/8/2026 5:29:57 PM","109","Information","Microsoft-Windows-Kernel-Power","DESKTOP-7KP8ILC","The kernel power manager has initiated a shutdown transition. Action: Power Action Reboot Event Code: 0x0 Reason: Kernel API"
"9/8/2026 5:29:47 PM","6013","Information","EventLog","DESKTOP-7KP8ILC","The system uptime is 3 seconds."
"9/8/2026 5:29:47 PM","6005","Information","EventLog","DESKTOP-7KP8ILC","The Event log service was started."
"9/8/2026 5:29:47 PM","6009","Information","EventLog","DESKTOP-7KP8ILC","Microsoft (R) Windows (R) 10.00. 26200 Multiprocessor Free."
"9/8/2026 5:29:52 PM","50037","Information","Microsoft-Windows-Dhcp-Client","DESKTOP-7KP8ILC","DHCPv4 client service is stopped. ShutDown Flag value is 1"
"9/8/2026 5:29:52 PM","50106","Information","Microsoft-Windows-Dhcp-Client","DESKTOP-7KP8ILC","DHCPv4 is waiting on DHCPv6 service to stop"
"9/8/2026 5:29:52 PM","51057","Information","Microsoft-Windows-DHCPv6-Client","DESKTOP-7KP8ILC","DHCPv6 client service stop is almost done.DHCP Context Ref count is 1"
"9/8/2026 5:29:52 PM","51047","Information","Microsoft-Windows-DHCPv6-Client","DESKTOP-7KP8ILC","DHCPv6 client service is stopped. ShutDown Flag value is 1"
"9/8/2026 5:29:52 PM","50105","Information","Microsoft-Windows-Dhcp-Client","DESKTOP-7KP8ILC","DHCPv4 client ProcessDHCPRequestForever received TERMINATE_EVENT"
"9/8/2026 5:29:52 PM","50104","Information","Microsoft-Windows-Dhcp-Client","DESKTOP-7KP8ILC","DHCPv4 client received shutdown notification"
"9/8/2026 5:29:52 PM","6006","Information","EventLog","DESKTOP-7KP8ILC","The Event log service was stopped."
"9/8/2026 5:29:49 PM","16","Information","Microsoft-Windows-Kernel-General","DESKTOP-7KP8ILC","The access history in hive \??\C:\ProgramData\Microsoft\Windows\AppRepository\Packages\Microsoft.WindowsAppRuntime.2_2.4.0.0_x86__8wekyb3d8bbwe\ActivationStore.dat was cleared updating 0 keys and creating 0 modified pages."
"9/8/2026 5:29:48 PM","7002","Information","Microsoft-Windows-Winlogon","DESKTOP-7KP8ILC","User Log-off Notification for Customer Experience Improvement Program"
"9/8/2026 5:29:46 PM","1074","Information","User32","DESKTOP-7KP8ILC","The process C:\Windows\System32\CloudExperienceHostBroker.exe (WIN-58HVAS5ORR7) has initiated the restart of computer DESKTOP-7KP8ILC on behalf of user NT AUTHORITY\SYSTEM for the following reason: Operating System: Reconfiguration (Unplanned) Reason Code: 0x20004 Shut-down Type: restart Comment:"
"9/8/2026 5:29:45 PM","16","Information","Microsoft-Windows-Kernel-General","DESKTOP-7KP8ILC","The access history in hive \??\C:\ProgramData\Microsoft\Windows\AppRepository\Packages\Microsoft.WindowsAppRuntime.2_2.4.0.0_x64__8wekyb3d8bbwe\ActivationStore.dat was cleared updating 0 keys and creating 0 modified pages."
"9/8/2026 5:29:38 PM","16","Information","Microsoft-Windows-Kernel-General","DESKTOP-7KP8ILC","The access history in hive \??\C:\ProgramData\Microsoft\Windows\AppRepository\Packages\MSTeams_26213.1006.5014.9784_x64__8wekyb3d8bbwe\ActivationStore.dat was cleared updating 0 keys and creating 0 modified pages."
"9/8/2026 5:29:26 PM","7040","Information","Service Control Manager","DESKTOP-7KP8ILC","The start type of the Windows Modules Installer service was changed from demand start to auto start."
"9/8/2026 5:29:25 PM","7040","Information","Service Control Manager","DESKTOP-7KP8ILC","The start type of the Windows Modules Installer service was changed from auto start to demand start."
"9/8/2026 5:29:21 PM","7040","Information","Service Control Manager","DESKTOP-7KP8ILC","The start type of the Windows Modules Installer service was changed from demand start to auto start."
"9/8/2026 5:29:20 PM","43","Information","Microsoft-Windows-WindowsUpdateClient","DESKTOP-7KP8ILC","Installation Started: Windows has started installing the following update: 2026-06 Critical Update (KB5095189)"
"9/8/2026 5:29:19 PM","44","Information","Microsoft-Windows-WindowsUpdateClient","DESKTOP-7KP8ILC","Windows Update started downloading an update."
"9/8/2026 5:29:16 PM","1040","Error","Microsoft-Windows-TPM-WMI","DESKTOP-7KP8ILC","Pre-attestation health checks confirm a critical component has failed, and the device is not expected to pass attestation. Please see C:\WINDOWS\Logs\MeasuredBoot\0000000002-0000000000.json for detailed information on what checks were made."
"9/8/2026 5:29:16 PM","1041","Information","Microsoft-Windows-TPM-WMI","DESKTOP-7KP8ILC","Pre-attestation health check detailed information: {""Version"":1,""HealthStatus"":""Cannot be attested"",""Required"":[{""Field"":""TpmPresent"",""Value"":true,""DesiredValue"":true},{""Field"":""TpmMeetsMinimumVersion"",""Value"":true,""DesiredValue"":true},{""Field"":""TpmIsResponsive"",""Value"":true,""DesiredValue"":true},{""Field"":""EkCertIsAvailable"",""Value"":false,""DesiredValue"":true},{""Field"":""TcgLogFound"",""Value"":true,""DesiredValue"":true}],""Expected"":[{""Field"":""PcrsMatchTcgLog"",""Value"":true,""DesiredValue"":true}],""Informational"":[{""Field"":""SecureBootEnabled"",""ValueFromComputer"":false,""ValueFromTcgLog"":false,""DesiredValue"":true,""TcgValueIsVerifiable"":true},{""Field"":""VirtualSecureMemory"",""ValueFromComputer"":false,""ValueFromTcgLog"":false,""DesiredValue"":true,""TcgValueIsVerifiable"":true},{""Field"":""SecureCorePCCompliant"",""ValueFromComputer"":false,""ValueFromTcgLog"":false,""DesiredValue"":true,""TcgValueIsVerifiable"":true}{""Field"":""BootTcgLogFoundInFileSystem"",""Value"":true,""DesiredValue"":true},{""Field"":""CurrentTcgLogFoundInFileSystem"",""Value"":true,""DesiredValue"":true}]}"
"9/8/2026 5:29:03 PM","44","Information","Microsoft-Windows-WindowsUpdateClient","DESKTOP-7KP8ILC","Windows Update started downloading an update."
"9/8/2026 5:28:16 PM","7030","Error","Service Control Manager","DESKTOP-7KP8ILC","The Printer Extensions and Notifications service is marked as an interactive service. However, the system is configured to not allow interactive services. This service may not function properly."
"9/8/2026 5:28:16 PM","7045","Information","Service Control Manager","DESKTOP-7KP8ILC","A service was installed in the system. Service Name: Printer Extensions and Notifications Service File Name: %SystemRoot%\system32\svchost.exe -k print Service Type: user mode service Service Start Type: demand start Service Account: LocalSystem"
"9/8/2026 5:28:11 PM","15","Information","Microsoft-Windows-Kernel-General","DESKTOP-7KP8ILC","Hive \??\C:\WINDOWS\System32\SMI\Store\Machine\schema.dat was reorganized with a starting size of 12304384 bytes and an ending size of 10903552 bytes."
"9/8/2026 5:28:05 PM","1796","Error","Microsoft-Windows-TPM-WMI","DESKTOP-7KP8ILC","The Secure Boot update failed to update SBAT with error Secure Boot is not enabled on this machine.. For more information, please see https://go.microsoft.com/fwlink/?linkid=2169931"
"9/8/2026 5:28:05 PM","1796","Error","Microsoft-Windows-TPM-WMI","DESKTOP-7KP8ILC","The Secure Boot update failed to update DBX with error Secure Boot is not enabled on this machine.. For more information, please see https://go.microsoft.com/fwlink/?linkid=2169931"
"9/8/2026 5:28:05 PM","1808","Information","Microsoft-Windows-TPM-WMI","DESKTOP-7KP8ILC","This device has updated Secure Boot CA/keys. This device signature information is included here. DeviceAttributes: BaseBoardManufacturer:Oracle Corporation;FirmwareManufacturer:innotek GmbH;FirmwareVersion:VirtualBox;OEMModelNumber:VirtualBox;OEMModelBaseBoard:VirtualBox;OEMModelSystemFamily:Virtual Machine;OEMManufacturerName:innotek GmbH;OEMModelSKU:;OSArchitecture:amd64; BucketId: 3d18f3d936113b0527c53aae6bd2aa89263a978345beb2b2db4869ced83c6d0a BucketConfidenceLevel: No Data Observed - Action Required UpdateType: Windows UEFI CA 2023 (DB), Option ROM CA 2023 (DB), 3P UEFI CA 2023 (DB), KEK 2023, Boot Manager (2023) For more information, please see https://go.microsoft.com/fwlink/?linkid=2301018."
"9/8/2026 5:27:54 PM","1","Information","Microsoft-Windows-Kernel-General","DESKTOP-7KP8ILC","The system time has changed to ‎2026‎-‎09‎-‎09T00:27:54.884983000Z from ‎2026‎-‎09‎-‎09T00:27:54.884983000Z. Time Delta: 0 ms Change Reason: System time adjusted to the new time zone. Process: '\Device\HarddiskVolume3\Windows\System32\CloudExperienceHostBroker.exe' (PID 6368). RTC time: ‎2026‎-‎09‎-‎09T01:27:54.884983000Z Current time zone bias: -60 RTC time is in UTC: false System time was based on RTC time: false"
"9/8/2026 5:27:54 PM","24","Information","Microsoft-Windows-Kernel-General","DESKTOP-7KP8ILC","The time zone information was refreshed with exit reason 0. Current time zone bias is -60."
"9/8/2026 5:27:53 PM","16","Information","Microsoft-Windows-Kernel-General","DESKTOP-7KP8ILC","The access history in hive \??\C:\Users\defaultuser0\AppData\Local\Packages\Microsoft.Windows.ContentDeliveryManager_cw5n1h2txyewy\Settings\settings.dat was cleared updating 3 keys and creating 1 modified pages."
"9/8/2026 5:27:42 PM","16","Information","Microsoft-Windows-Kernel-General","DESKTOP-7KP8ILC","The access history in hive \??\C:\Users\defaultuser0\AppData\Local\Packages\Microsoft.AAD.BrokerPlugin_cw5n1h2txyewy\Settings\settings.dat was cleared updating 3 keys and creating 1 modified pages."
"9/8/2026 5:27:41 PM","16","Information","Microsoft-Windows-Kernel-General","DESKTOP-7KP8ILC","The access history in hive \??\C:\ProgramData\Microsoft\Windows\AppRepository\Packages\Microsoft.WidgetsPlatformRuntime_1.6.14.0_x64__8wekyb3d8bbwe\ActivationStore.dat was cleared updating 0 keys and creating 0 modified pages."
"9/8/2026 5:27:39 PM","16","Information","Microsoft-Windows-Kernel-General","DESKTOP-7KP8ILC","The access history in hive \??\C:\Users\defaultuser0\AppData\Local\Packages\Microsoft.Windows.CloudExperienceHost_cw5n1h2txyewy\Settings\settings.dat was cleared updating 3 keys and creating 1 modified pages."
"9/8/2026 5:27:36 PM","11","Information","Microsoft-Windows-Kernel-General","DESKTOP-7KP8ILC","TxR init phase for hive \SystemRoot\System32\AppLocker\AppCache.dat (TM: {052bbd3b-aba2-11f1-80bc-08002702971a}, RM: {052bbd3a-aba2-11f1-80bc-08002702971a}) finished with result=0xC0000022 (Internal code=7)."
"9/8/2026 5:27:34 PM","1501","Information","Microsoft-Windows-GroupPolicy","DESKTOP-7KP8ILC","The Group Policy settings for the user were processed successfully. There were no changes detected since the last successful processing of Group Policy."
"9/8/2026 5:27:33 PM","7001","Information","Microsoft-Windows-Winlogon","DESKTOP-7KP8ILC","User Log-on Notification for Customer Experience Improvement Program"
"9/8/2026 5:27:32 PM","7040","Information","Service Control Manager","DESKTOP-7KP8ILC","The start type of the Delivery Optimization service was changed from demand start to auto start."
"9/8/2026 5:27:31 PM","1500","Information","Microsoft-Windows-GroupPolicy","DESKTOP-7KP8ILC","The Group Policy settings for the computer were processed successfully. There were no changes detected since the last successful processing of Group Policy."
"9/8/2026 5:27:31 PM","7040","Information","Service Control Manager","DESKTOP-7KP8ILC","The start type of the Windows Modules Installer service was changed from auto start to demand start."
"9/8/2026 5:27:31 PM","16","Information","Microsoft-Windows-Kernel-General","DESKTOP-7KP8ILC","The access history in hive \??\C:\WINDOWS\AppCompat\Programs\Amcache.hve was cleared updating 0 keys and creating 0 modified pages."
"9/8/2026 5:27:29 PM","4","Information","Virtual Disk Service","DESKTOP-7KP8ILC","Service stopped."
"9/8/2026 5:27:26 PM","1","Information","Microsoft-Windows-Kernel-General","DESKTOP-7KP8ILC","The system time has changed to ‎2026‎-‎09‎-‎09T00:27:26.211576700Z from ‎2026‎-‎09‎-‎09T00:27:26.211603300Z. Time Delta: 0 ms Change Reason: An application or system component changed the time. Process: '\Device\HarddiskVolume3\Windows\System32\svchost.exe' (PID 1640). RTC time: ‎2026‎-‎09‎-‎09T01:27:26.211576700Z Current time zone bias: -60 RTC time is in UTC: false System time was based on RTC time: false"
"9/8/2026 5:27:26 PM","24","Information","Microsoft-Windows-Kernel-General","DESKTOP-7KP8ILC","The time zone information was refreshed with exit reason 0. Current time zone bias is -60."
"9/8/2026 5:27:26 PM","3","Information","Virtual Disk Service","DESKTOP-7KP8ILC","Service started."
"9/8/2026 5:27:24 PM","1","Information","Microsoft-Windows-Kernel-General","DESKTOP-7KP8ILC","The system time has changed to ‎2026‎-‎09‎-‎09T00:27:24.679028700Z from ‎2026‎-‎09‎-‎09T00:27:24.678566000Z. Time Delta: 0 ms Change Reason: An application or system component changed the time. Process: '\Device\HarddiskVolume3\Windows\System32\svchost.exe' (PID 1640). RTC time: ‎2026‎-‎09‎-‎09T01:27:24.679028700Z Current time zone bias: -60 RTC time is in UTC: false System time was based on RTC time: false"
"9/8/2026 5:27:24 PM","24","Information","Microsoft-Windows-Kernel-General","DESKTOP-7KP8ILC","The time zone information was refreshed with exit reason 0. Current time zone bias is -60."
"9/8/2026 5:27:24 PM","35","Information","Microsoft-Windows-Time-Service","DESKTOP-7KP8ILC","The time service is now synchronizing the system time with the time source time.windows.com,0x9 (ntp.m|0x9|0.0.0.0:123->40.119.6.228:123) with reference id 3825628968. Current local stratum number is 5."
"9/8/2026 5:27:24 PM","52","Warning","Microsoft-Windows-Time-Service","DESKTOP-7KP8ILC","The time service has set the time with offset 28844 seconds."
"9/8/2026 5:27:24 PM","1","Information","Microsoft-Windows-Kernel-General","DESKTOP-7KP8ILC","The system time has changed to ‎2026‎-‎09‎-‎09T00:27:24.678566000Z from ‎2026‎-‎09‎-‎08T16:26:39.820196900Z. Time Delta: 28844858 ms Change Reason: An application or system component changed the time. Process: '\Device\HarddiskVolume3\Windows\System32\svchost.exe' (PID 1640). RTC time: ‎2026‎-‎09‎-‎09T01:27:24.678566000Z Current time zone bias: -60 RTC time is in UTC: false System time was based on RTC time: false"
"9/8/2026 5:27:24 PM","24","Information","Microsoft-Windows-Kernel-General","DESKTOP-7KP8ILC","The time zone information was refreshed with exit reason 0. Current time zone bias is -60."
"9/8/2026 9:26:39 AM","37","Information","Microsoft-Windows-Time-Service","DESKTOP-7KP8ILC","The time provider NtpClient is currently receiving valid time data from time.windows.com,0x9 (ntp.m|0x9|0.0.0.0:123->40.119.6.228:123)."
"9/8/2026 9:26:39 AM","134","Warning","Microsoft-Windows-Time-Service","DESKTOP-7KP8ILC","NtpClient was unable to set a manual peer to use as a time source because of DNS resolution error on 'time.windows.com,0x9'. NtpClient will try again in 15 minutes and double the reattempt interval thereafter. The error was: No such host is known. (0x80072AF9)"
"9/8/2026 9:26:39 AM","1014","Warning","Microsoft-Windows-DNS-Client","DESKTOP-7KP8ILC","Name resolution for the name time.windows.com timed out after none of the configured DNS servers responded. Client PID 1640."
"9/8/2026 9:26:32 AM","1025","Information","Microsoft-Windows-TPM-WMI","DESKTOP-7KP8ILC","The TPM was successfully provisioned and is now ready for use."
"9/8/2026 9:26:32 AM","1282","Information","Microsoft-Windows-TPM-WMI","DESKTOP-7KP8ILC","The TBS device identifier has been generated."
"9/8/2026 9:26:30 AM","18","Information","TPM","DESKTOP-7KP8ILC","This event triggers the Trusted Platform Module (TPM) provisioning/status check to run."
"9/8/2026 9:26:30 AM","7026","Information","Service Control Manager","DESKTOP-7KP8ILC","The following boot-start or system-start driver(s) did not load: dam uiomap"
"9/8/2026 9:26:29 AM","1","Information","Microsoft-Windows-Kernel-General","DESKTOP-7KP8ILC","The system time has changed to ‎2026‎-‎09‎-‎08T16:26:29.662066300Z from ‎2026‎-‎09‎-‎08T16:26:29.662066300Z. Time Delta: 0 ms Change Reason: System time adjusted to the new time zone. Process: '\Device\HarddiskVolume3\Windows\System32\oobe\msoobe.exe' (PID 1476). RTC time: ‎2026‎-‎09‎-‎08T17:26:29.662066300Z Current time zone bias: -60 RTC time is in UTC: false System time was based on RTC time: false"
"9/8/2026 9:26:29 AM","24","Information","Microsoft-Windows-Kernel-General","DESKTOP-7KP8ILC","The time zone information was refreshed with exit reason 0. Current time zone bias is -60."
"9/8/2026 9:26:28 AM","112","Information","Microsoft-Windows-HttpService","DESKTOP-7KP8ILC","Attempted to reserve URL http://+:10246/MDEServer/. Status 0x0. Process Id 0x4 Executable path , User S-1-5-18"
"9/8/2026 9:26:28 AM","112","Information","Microsoft-Windows-HttpService","DESKTOP-7KP8ILC","Attempted to reserve URL http://+:10247/apps/. Status 0x0. Process Id 0x4 Executable path , User S-1-5-18"
"9/8/2026 9:26:28 AM","112","Information","Microsoft-Windows-HttpService","DESKTOP-7KP8ILC","Attempted to reserve URL http://+:10243/WMPNSSv4/. Status 0x0. Process Id 0x4 Executable path , User S-1-5-18"
"9/8/2026 9:26:28 AM","112","Information","Microsoft-Windows-HttpService","DESKTOP-7KP8ILC","Attempted to reserve URL https://+:10245/WMPNSSv4/. Status 0x0. Process Id 0x4 Executable path , User S-1-5-18"
"9/8/2026 9:26:28 AM","112","Information","Microsoft-Windows-HttpService","DESKTOP-7KP8ILC","Attempted to reserve URL http://+:80/116B50EB-ECE2-41ac-8429-9F9E963361B7/. Status 0x0. Process Id 0x4 Executable path , User S-1-5-18"
"9/8/2026 9:26:28 AM","112","Information","Microsoft-Windows-HttpService","DESKTOP-7KP8ILC","Attempted to reserve URL https://+:443/C574AC30-5794-4AEE-B1BB-6651C5315029/. Status 0x0. Process Id 0x4 Executable path , User S-1-5-18"
"9/8/2026 9:26:28 AM","112","Information","Microsoft-Windows-HttpService","DESKTOP-7KP8ILC","Attempted to reserve URL http://+:80/0131501b-d67f-491b-9a40-c4bf27bcb4d4/. Status 0x0. Process Id 0x4 Executable path , User S-1-5-18"
"9/8/2026 9:26:28 AM","112","Information","Microsoft-Windows-HttpService","DESKTOP-7KP8ILC","Attempted to reserve URL https://+:443/sra_{BA195980-CD49-458b-9E23-C84EE0ADCD75}/. Status 0x0. Process Id 0x4 Executable path , User S-1-5-18"
"9/8/2026 9:26:28 AM","112","Information","Microsoft-Windows-HttpService","DESKTOP-7KP8ILC","Attempted to reserve URL https://+:3392/rdp/. Status 0x0. Process Id 0x4 Executable path , User S-1-5-18"
"9/8/2026 9:26:28 AM","112","Information","Microsoft-Windows-HttpService","DESKTOP-7KP8ILC","Attempted to reserve URL http://+:5985/wsman/. Status 0x0. Process Id 0x4 Executable path , User S-1-5-18"
"9/8/2026 9:26:28 AM","112","Information","Microsoft-Windows-HttpService","DESKTOP-7KP8ILC","Attempted to reserve URL http://+:47001/wsman/. Status 0x0. Process Id 0x4 Executable path , User S-1-5-18"
"9/8/2026 9:26:28 AM","112","Information","Microsoft-Windows-HttpService","DESKTOP-7KP8ILC","Attempted to reserve URL https://+:5986/wsman/. Status 0x0. Process Id 0x4 Executable path , User S-1-5-18"
"9/8/2026 9:26:28 AM","112","Information","Microsoft-Windows-HttpService","DESKTOP-7KP8ILC","Attempted to reserve URL http://*:2869/. Status 0x0. Process Id 0x4 Executable path , User S-1-5-18"
"9/8/2026 9:26:28 AM","112","Information","Microsoft-Windows-HttpService","DESKTOP-7KP8ILC","Attempted to reserve URL https://*:5358/. Status 0x0. Process Id 0x4 Executable path , User S-1-5-18"
"9/8/2026 9:26:28 AM","112","Information","Microsoft-Windows-HttpService","DESKTOP-7KP8ILC","Attempted to reserve URL http://+:80/Temporary_Listen_Addresses/. Status 0x0. Process Id 0x4 Executable path , User S-1-5-18"
"9/8/2026 9:26:28 AM","112","Information","Microsoft-Windows-HttpService","DESKTOP-7KP8ILC","Attempted to reserve URL http://*:5357/. Status 0x0. Process Id 0x4 Executable path , User S-1-5-18"
"9/8/2026 9:26:28 AM","51046","Information","Microsoft-Windows-DHCPv6-Client","DESKTOP-7KP8ILC","DHCPv6 client service is started"
"9/8/2026 9:26:28 AM","50036","Information","Microsoft-Windows-Dhcp-Client","DESKTOP-7KP8ILC","DHCPv4 client service is started"
"9/8/2026 9:26:28 AM","50103","Information","Microsoft-Windows-Dhcp-Client","DESKTOP-7KP8ILC","DHCPv4 client registered for shutdown notification"
"9/8/2026 9:26:28 AM","50036","Information","Microsoft-Windows-Dhcp-Client","DESKTOP-7KP8ILC","DHCPv4 client service is started"
"9/8/2026 9:26:27 AM","6","Information","Microsoft-Windows-FilterManager","DESKTOP-7KP8ILC","File System Filter 'bindflt' (10.0, ‎2081‎-‎10‎-‎17T22:34:26.000000000Z) has successfully loaded and registered with Filter Manager."
"9/8/2026 9:26:27 AM","6","Information","Microsoft-Windows-FilterManager","DESKTOP-7KP8ILC","File System Filter 'UCPD' (10.0, ‎2061‎-‎11‎-‎20T08:48:12.000000000Z) has successfully loaded and registered with Filter Manager."
"9/8/2026 9:26:27 AM","6","Information","Microsoft-Windows-FilterManager","DESKTOP-7KP8ILC","File System Filter 'storqosflt' (10.0, ‎2016‎-‎04‎-‎28T23:00:23.000000000Z) has successfully loaded and registered with Filter Manager."
"9/8/2026 9:26:27 AM","6","Information","Microsoft-Windows-FilterManager","DESKTOP-7KP8ILC","File System Filter 'CldFlt' (10.0, ‎1991‎-‎05‎-‎02T21:16:55.000000000Z) has successfully loaded and registered with Filter Manager."
"9/8/2026 9:26:27 AM","1","Information","Microsoft-Windows-FilterManager","DESKTOP-7KP8ILC","File System Filter 'CldFlt' (Version 10.0, ‎1991‎-‎05‎-‎02T21:16:55.000000000Z) unloaded successfully."
"9/8/2026 9:26:27 AM","6","Information","Microsoft-Windows-FilterManager","DESKTOP-7KP8ILC","File System Filter 'CldFlt' (10.0, ‎1991‎-‎05‎-‎02T21:16:55.000000000Z) has successfully loaded and registered with Filter Manager."
"9/8/2026 9:26:27 AM","6","Information","Microsoft-Windows-FilterManager","DESKTOP-7KP8ILC","File System Filter 'UnionFS' (10.0, ‎2017‎-‎11‎-‎03T06:31:51.000000000Z) has successfully loaded and registered with Filter Manager."
"9/8/2026 9:26:27 AM","6","Information","Microsoft-Windows-FilterManager","DESKTOP-7KP8ILC","File System Filter 'luafv' (10.0, ‎2057‎-‎06‎-‎14T14:55:30.000000000Z) has successfully loaded and registered with Filter Manager."
"9/8/2026 9:26:27 AM","6","Information","Microsoft-Windows-FilterManager","DESKTOP-7KP8ILC","File System Filter 'wcifs' (10.0, ‎1985‎-‎11‎-‎26T15:47:21.000000000Z) has successfully loaded and registered with Filter Manager."
"9/8/2026 9:26:27 AM","6","Information","Microsoft-Windows-FilterManager","DESKTOP-7KP8ILC","File System Filter 'bfs' (10.0, ‎2086‎-‎03‎-‎20T12:03:22.000000000Z) has successfully loaded and registered with Filter Manager."
"9/8/2026 9:26:27 AM","6","Information","Microsoft-Windows-FilterManager","DESKTOP-7KP8ILC","File System Filter 'applockerfltr' (10.0, ‎2033‎-‎08‎-‎14T12:35:15.000000000Z) has successfully loaded and registered with Filter Manager."
"9/8/2026 9:26:20 AM","16983","Information","Microsoft-Windows-Directory-Services-SAM","DESKTOP-7KP8ILC","The security account manager is now logging periodic summary events for remote clients that call legacy password change or set RPC methods. For more information please see https://go.microsoft.com/fwlink/?linkid=2150956."
"9/8/2026 9:26:20 AM","16977","Information","Microsoft-Windows-Directory-Services-SAM","DESKTOP-7KP8ILC","The domain is configured with the following minimum password length-related settings. MinimumPasswordLength: 0 RelaxMinimumPasswordLengthLimits: 0 MinimumPasswordLengthAudit: -1 For more information see https://go.microsoft.com/fwlink/?LinkId=2097191."
"9/8/2026 9:26:20 AM","16962","Information","Microsoft-Windows-Directory-Services-SAM","DESKTOP-7KP8ILC","Remote calls to the SAM database are being restricted using the default security descriptor: O:SYG:SYD:(A;;RC;;;BA). For more information please see http://go.microsoft.com/fwlink/?LinkId=787651."
"9/8/2026 9:26:20 AM","6156","Information","LsaSrv","DESKTOP-7KP8ILC","Credential Guard auto enablement status. Hardware Requirements for Virtualisation Based Security: 1 Domain Joined: 0 Azure AD Joined: 0 Licensed for Credential Guard: 0 Domain Controller: 0"
"9/8/2026 9:26:20 AM","12","Information","Microsoft-Windows-Wininit","DESKTOP-7KP8ILC","LSASS.exe was started as a protected process with level: 4."
"9/8/2026 9:26:20 AM","15","Warning","Microsoft-Windows-Wininit","DESKTOP-7KP8ILC","Credential Guard and/or VBS Key Isolation are configured but the secure kernel is not running; continuing without them."
"9/8/2026 9:26:20 AM","14","Information","Microsoft-Windows-Wininit","DESKTOP-7KP8ILC","Credential Guard configuration: Registry Configuration: 0x2 Test Configuration: 0 Auto Enablement: 1"
"9/8/2026 9:26:20 AM","23","Information","Microsoft-Windows-Wininit","DESKTOP-7KP8ILC","Boot App Anti-Rollback: Initialise Completed with status: HRESULT: The operation completed successfully. New timer needed: false New timer waiting for system update completion: false Previous latch timer exists but disabled by registry: false"
"9/8/2026 9:26:20 AM","25","Information","Microsoft-Windows-Wininit","DESKTOP-7KP8ILC","Boot App Anti-Rollback: Previous timer resumed with status: HRESULT: The operation completed successfully. Previous timer present: false Start time: ‎1601‎-‎01‎-‎01T00:00:00.000000000Z Grace period: 0 Attempted recovery enforcement succeeded: false"
"9/8/2026 9:26:20 AM","19","Information","Microsoft-Windows-Wininit","DESKTOP-7KP8ILC","Virtualisation Based Security new timer creation status HRESULT: The operation completed successfully. New latch timer needed: false New latch timer waiting for system update completion: false Previous latch timer exists but disabled by registry: false Policy file exists: false"
"9/8/2026 9:26:19 AM","24","Information","Microsoft-Windows-Kernel-General","DESKTOP-7KP8ILC","The time zone information was refreshed with exit reason 0. Current time zone bias is -60."
"9/8/2026 9:26:19 AM","98","Information","Microsoft-Windows-Ntfs","DESKTOP-7KP8ILC","Volume \\?\Volume{a6c16a98-825c-474d-aa27-6e56c6cf4e9b} (\Device\HarddiskVolume4) is healthy. No action is needed."
"9/8/2026 9:26:19 AM","55","Information","Microsoft-Windows-Kernel-Processor-Power","DESKTOP-7KP8ILC","Processor 1 in group 0 exposes the following power management capabilities: Idle state type: ACPI Idle (C) States (1 state(s)) Performance state type: None Nominal Frequency (MHz): 3600 Maximum performance percentage: 100 Minimum performance percentage: 100 Minimum throttle percentage: 100"
"9/8/2026 9:26:19 AM","55","Information","Microsoft-Windows-Kernel-Processor-Power","DESKTOP-7KP8ILC","Processor 0 in group 0 exposes the following power management capabilities: Idle state type: ACPI Idle (C) States (1 state(s)) Performance state type: None Nominal Frequency (MHz): 3600 Maximum performance percentage: 100 Minimum performance percentage: 100 Minimum throttle percentage: 100"
"9/8/2026 9:26:19 AM","172","Information","Microsoft-Windows-Kernel-Power","DESKTOP-7KP8ILC","Connectivity state in standby: Disconnected, Reason: NIC compliance"
"9/8/2026 9:26:19 AM","6","Information","Microsoft-Windows-FilterManager","DESKTOP-7KP8ILC","File System Filter 'npsvctrig' (10.0, ‎1978‎-‎05‎-‎14T10:13:30.000000000Z) has successfully loaded and registered with Filter Manager."
"9/8/2026 9:26:19 AM","6","Information","Microsoft-Windows-FilterManager","DESKTOP-7KP8ILC","File System Filter 'FileCrypt' (10.0, ‎2075‎-‎08‎-‎31T23:07:07.000000000Z) has successfully loaded and registered with Filter Manager."
"9/8/2026 9:26:19 AM","98","Information","Microsoft-Windows-Ntfs","DESKTOP-7KP8ILC","Volume C: (\Device\HarddiskVolume3) is healthy. No action is needed."
"9/8/2026 9:26:18 AM","6","Information","Microsoft-Windows-FilterManager","DESKTOP-7KP8ILC","File System Filter 'WdFilter' (10.0, ‎2028‎-‎06‎-‎06T10:57:32.000000000Z) has successfully loaded and registered with Filter Manager."
"9/8/2026 9:26:18 AM","6","Information","Microsoft-Windows-FilterManager","DESKTOP-7KP8ILC","File System Filter 'Wof' (10.0, ‎2089‎-‎07‎-‎15T03:58:05.000000000Z) has successfully loaded and registered with Filter Manager."
"9/8/2026 9:26:18 AM","6","Information","Microsoft-Windows-FilterManager","DESKTOP-7KP8ILC","File System Filter 'FileInfo' (10.0, ‎2093‎-‎04‎-‎02T02:29:43.000000000Z) has successfully loaded and registered with Filter Manager."
"9/8/2026 9:26:18 AM","16","Information","Microsoft-Windows-HAL","DESKTOP-7KP8ILC","IOMMU fault reporting has been initialized."
"9/8/2026 9:26:18 AM","20","Information","Microsoft-Windows-Kernel-General","DESKTOP-7KP8ILC","The leap second configuration has been updated. Reason: Leap second data initialized from registry during boot Leap seconds enabled: true New leap second count: 0 Old leap second count: 0"
"9/8/2026 9:26:18 AM","32","Information","Microsoft-Windows-Kernel-Boot","DESKTOP-7KP8ILC","The bootmgr spent 0 ms waiting for user input."
"9/8/2026 9:26:18 AM","26","Information","Microsoft-Windows-Kernel-Boot","DESKTOP-7KP8ILC","A one-time boot sequence was used during this boot."
"9/8/2026 9:26:18 AM","27","Information","Microsoft-Windows-Kernel-Boot","DESKTOP-7KP8ILC","The boot type was 0x0."
"9/8/2026 9:26:18 AM","25","Information","Microsoft-Windows-Kernel-Boot","DESKTOP-7KP8ILC","The boot menu policy was 0x1."
"9/8/2026 9:26:18 AM","238","Information","Microsoft-Windows-Kernel-Boot","DESKTOP-7KP8ILC","EFI time zone bias: 2047. Daylight flags: 0. Firmware time: ‎2026‎-‎09‎-‎08T17:26:18.000000000Z."
"9/8/2026 9:26:18 AM","247","Information","Microsoft-Windows-Kernel-Boot","DESKTOP-7KP8ILC","Unable to load Pluton-Windows firmware. StatusCode: STATUS_SUCCESS, Reason: Failed to apply firmware."
"9/8/2026 9:26:18 AM","20","Information","Microsoft-Windows-Kernel-Boot","DESKTOP-7KP8ILC","The last shutdown's success status was true. The last boot's success status was true."
"9/8/2026 9:26:18 AM","153","Information","Microsoft-Windows-Kernel-Boot","DESKTOP-7KP8ILC","Virtualization-based security (policies: 0) is disabled."
"9/8/2026 9:26:18 AM","25","Information","Microsoft-Windows-Kernel-General","DESKTOP-7KP8ILC","The system time was initialized to ‎2026‎-‎09‎-‎08T16:26:18.500000000Z. Loader time: ‎2026‎-‎09‎-‎08T16:26:18.000000000Z Internal boot flags: 0x2 HAL RTC error code: 0x0 RTC time is in UTC: false Soft boot: false Success: true Phase: 0"
"9/8/2026 9:26:18 AM","12","Information","Microsoft-Windows-Kernel-General","DESKTOP-7KP8ILC","The operating system started at system time ‎2026‎-‎09‎-‎08T16:26:18.500000000Z."
"9/8/2026 9:26:27 AM","13","Information","Microsoft-Windows-Kernel-General","DESKTOP-7KP8ILC","The operating system is shutting down at system time ‎2026‎-‎09‎-‎08T16:26:27.407226200Z."
"9/8/2026 9:26:27 AM","577","Information","Microsoft-Windows-Kernel-Power","DESKTOP-7KP8ILC","The system has prepared for a system initiated reboot from Active."
"9/8/2026 9:26:27 AM","109","Information","Microsoft-Windows-Kernel-Power","DESKTOP-7KP8ILC","The kernel power manager has initiated a shutdown transition. Action: Power Action Reboot Event Code: 0x0 Reason: Kernel API"
"9/8/2026 9:26:28 AM","6013","Information","EventLog","DESKTOP-7KP8ILC","The system uptime is 9 seconds."
"9/8/2026 9:26:28 AM","6005","Information","EventLog","DESKTOP-7KP8ILC","The Event log service was started."
"9/8/2026 9:26:28 AM","6009","Information","EventLog","DESKTOP-7KP8ILC","Microsoft (R) Windows (R) 10.00. 26200 Multiprocessor Free."
"9/8/2026 9:26:28 AM","6011","Information","EventLog","DESKTOP-7KP8ILC","The NetBIOS name and DNS host name of this machine have been changed from WIN-58HVAS5ORR7 to DESKTOP-7KP8ILC."
"9/8/2026 9:26:26 AM","50037","Information","Microsoft-Windows-Dhcp-Client","WIN-58HVAS5ORR7","DHCPv4 client service is stopped. ShutDown Flag value is 1"
"9/8/2026 9:26:26 AM","51057","Information","Microsoft-Windows-DHCPv6-Client","WIN-58HVAS5ORR7","DHCPv6 client service stop is almost done.DHCP Context Ref count is 1"
"9/8/2026 9:26:26 AM","51047","Information","Microsoft-Windows-DHCPv6-Client","WIN-58HVAS5ORR7","DHCPv6 client service is stopped. ShutDown Flag value is 1"
"9/8/2026 9:26:26 AM","50106","Information","Microsoft-Windows-Dhcp-Client","WIN-58HVAS5ORR7","DHCPv4 is waiting on DHCPv6 service to stop"
"9/8/2026 9:26:26 AM","50105","Information","Microsoft-Windows-Dhcp-Client","WIN-58HVAS5ORR7","DHCPv4 client ProcessDHCPRequestForever received TERMINATE_EVENT"
"9/8/2026 9:26:26 AM","50104","Information","Microsoft-Windows-Dhcp-Client","WIN-58HVAS5ORR7","DHCPv4 client received shutdown notification"
"9/8/2026 9:26:26 AM","6006","Information","EventLog","WIN-58HVAS5ORR7","The Event log service was stopped."
"9/8/2026 9:26:22 AM","1074","Information","User32","WIN-58HVAS5ORR7","The process C:\WINDOWS\system32\winlogon.exe (MINWINPC) has initiated the restart of computer WIN-58HVAS5ORR7 on behalf of user NT AUTHORITY\SYSTEM for the following reason: Operating System: Upgrade (Planned) Reason Code: 0x80020003 Shut-down Type: restart Comment:"
"9/8/2026 9:26:21 AM","2004","Information","Microsoft-Windows-Setup","WIN-58HVAS5ORR7","Successfully logged OS information"
"9/8/2026 9:26:17 AM","22","Information","Microsoft-Windows-UserModePowerService","WIN-58HVAS5ORR7","Reapply power settings upon completion of the provisioning engine's turn 1"
"9/8/2026 9:26:16 AM","7040","Information","Service Control Manager","WIN-58HVAS5ORR7","The start type of the Background Intelligent Transfer Service service was changed from demand start to auto start."
"9/8/2026 9:26:13 AM","16","Information","Microsoft-Windows-Kernel-General","WIN-58HVAS5ORR7","The access history in hive \??\C:\ProgramData\Microsoft\Provisioning\Microsoft-Desktop-Provisioning-Sequence.dat was cleared updating 0 keys and creating 0 modified pages."
"9/8/2026 9:26:12 AM","16","Information","Microsoft-Windows-Kernel-General","WIN-58HVAS5ORR7","The access history in hive \??\C:\ProgramData\Microsoft\Windows\AppRepository\Packages\MicrosoftWindows.CrossDevice_0.25112.60.0_x64__cw5n1h2txyewy\ActivationStore.dat was cleared updating 0 keys and creating 0 modified pages."
"9/8/2026 9:26:11 AM","16","Information","Microsoft-Windows-Kernel-General","WIN-58HVAS5ORR7","The access history in hive \??\C:\ProgramData\Microsoft\Windows\AppRepository\Packages\MicrosoftWindows.Client.WebExperience_525.31002.150.9_x64__cw5n1h2txyewy\ActivationStore.dat was cleared updating 0 keys and creating 0 modified pages."
"9/8/2026 9:25:56 AM","16","Information","Microsoft-Windows-Kernel-General","WIN-58HVAS5ORR7","The access history in hive \??\C:\ProgramData\Microsoft\Windows\AppRepository\Packages\Microsoft.ZuneMusic_11.2510.7.0_x64__8wekyb3d8bbwe\ActivationStore.dat was cleared updating 0 keys and creating 0 modified pages."
"9/8/2026 9:25:55 AM","16","Information","Microsoft-Windows-Kernel-General","WIN-58HVAS5ORR7","The access history in hive \??\C:\ProgramData\Microsoft\Windows\AppRepository\Packages\Microsoft.YourPhone_0.25112.39.0_x64__8wekyb3d8bbwe\ActivationStore.dat was cleared updating 0 keys and creating 0 modified pages."
"9/8/2026 9:25:54 AM","16","Information","Microsoft-Windows-Kernel-General","WIN-58HVAS5ORR7","The access history in hive \??\C:\ProgramData\Microsoft\Windows\AppRepository\Packages\Microsoft.XboxSpeechToTextOverlay_1.117.15001.0_x64__8wekyb3d8bbwe\ActivationStore.dat was cleared updating 0 keys and creating 0 modified pages."
"9/8/2026 9:25:54 AM","16","Information","Microsoft-Windows-Kernel-General","WIN-58HVAS5ORR7","The access history in hive \??\C:\ProgramData\Microsoft\Windows\AppRepository\Packages\Microsoft.XboxIdentityProvider_12.130.2510.6003_x64__8wekyb3d8bbwe\ActivationStore.dat was cleared updating 0 keys and creating 0 modified pages."
"9/8/2026 9:25:53 AM","16","Information","Microsoft-Windows-Kernel-General","WIN-58HVAS5ORR7","The access history in hive \??\C:\ProgramData\Microsoft\Windows\AppRepository\Packages\Microsoft.XboxGamingOverlay_7.325.7221.0_x64__8wekyb3d8bbwe\ActivationStore.dat was cleared updating 0 keys and creating 0 modified pages."
"9/8/2026 9:25:53 AM","16","Information","Microsoft-Windows-Kernel-General","WIN-58HVAS5ORR7","The access history in hive \??\C:\ProgramData\Microsoft\Windows\AppRepository\Packages\Microsoft.Xbox.TCUI_1.23.28005.0_x64__8wekyb3d8bbwe\ActivationStore.dat was cleared updating 0 keys and creating 0 modified pages."
"9/8/2026 9:25:52 AM","16","Information","Microsoft-Windows-Kernel-General","WIN-58HVAS5ORR7","The access history in hive \??\C:\ProgramData\Microsoft\Windows\AppRepository\Packages\Microsoft.WindowsTerminal_1.18.10301.0_x64__8wekyb3d8bbwe\ActivationStore.dat was cleared updating 0 keys and creating 0 modified pages."
"9/8/2026 9:25:51 AM","16","Information","Microsoft-Windows-Kernel-General","WIN-58HVAS5ORR7","The access history in hive \??\C:\ProgramData\Microsoft\Windows\AppRepository\Packages\Microsoft.WindowsStore_22506.1400.2.0_x64__8wekyb3d8bbwe\ActivationStore.dat was cleared updating 0 keys and creating 0 modified pages."
"9/8/2026 9:25:50 AM","16","Information","Microsoft-Windows-Kernel-General","WIN-58HVAS5ORR7","The access history in hive \??\C:\ProgramData\Microsoft\Windows\AppRepository\Packages\Microsoft.WindowsSoundRecorder_1.1.47.0_x64__8wekyb3d8bbwe\ActivationStore.dat was cleared updating 0 keys and creating 0 modified pages."
"9/8/2026 9:25:49 AM","16","Information","Microsoft-Windows-Kernel-General","WIN-58HVAS5ORR7","The access history in hive \??\C:\ProgramData\Microsoft\Windows\AppRepository\Packages\Microsoft.WindowsNotepad_11.2501.31.0_x64__8wekyb3d8bbwe\ActivationStore.dat was cleared updating 0 keys and creating 0 modified pages."
"9/8/2026 9:25:48 AM","16","Information","Microsoft-Windows-Kernel-General","WIN-58HVAS5ORR7","The access history in hive \??\C:\ProgramData\Microsoft\Windows\AppRepository\Packages\Microsoft.WindowsFeedbackHub_1.2401.20253.0_x64__8wekyb3d8bbwe\ActivationStore.dat was cleared updating 0 keys and creating 0 modified pages."
"9/8/2026 9:25:47 AM","16","Information","Microsoft-Windows-Kernel-General","WIN-58HVAS5ORR7","The access history in hive \??\C:\ProgramData\Microsoft\Windows\AppRepository\Packages\Microsoft.WindowsCamera_2025.2510.2.0_x64__8wekyb3d8bbwe\ActivationStore.dat was cleared updating 0 keys and creating 0 modified pages."
"9/8/2026 9:25:46 AM","16","Information","Microsoft-Windows-Kernel-General","WIN-58HVAS5ORR7","The access history in hive \??\C:\ProgramData\Microsoft\Windows\AppRepository\Packages\Microsoft.WindowsCalculator_11.2502.2.0_x64__8wekyb3d8bbwe\ActivationStore.dat was cleared updating 0 keys and creating 0 modified pages."
"9/8/2026 9:25:45 AM","16","Information","Microsoft-Windows-Kernel-General","WIN-58HVAS5ORR7","The access history in hive \??\C:\ProgramData\Microsoft\Windows\AppRepository\Packages\Microsoft.WindowsAlarms_1.1.61.0_x64__8wekyb3d8bbwe\ActivationStore.dat was cleared updating 0 keys and creating 0 modified pages."
"9/8/2026 9:25:45 AM","16","Information","Microsoft-Windows-Kernel-General","WIN-58HVAS5ORR7","The access history in hive \??\C:\ProgramData\Microsoft\Windows\AppRepository\Packages\Microsoft.Windows.Photos_24.24070.23002.0_x64__8wekyb3d8bbwe\ActivationStore.dat was cleared updating 0 keys and creating 0 modified pages."
"9/8/2026 9:25:42 AM","16","Information","Microsoft-Windows-Kernel-General","WIN-58HVAS5ORR7","The access history in hive \??\C:\ProgramData\Microsoft\Windows\AppRepository\Packages\Microsoft.Todos_0.153.5851.0_x64__8wekyb3d8bbwe\ActivationStore.dat was cleared updating 0 keys and creating 0 modified pages."
"9/8/2026 9:25:41 AM","16","Information","Microsoft-Windows-Kernel-General","WIN-58HVAS5ORR7","The access history in hive \??\C:\ProgramData\Microsoft\Windows\AppRepository\Packages\Microsoft.StorePurchaseApp_22509.1400.1.0_x64__8wekyb3d8bbwe\ActivationStore.dat was cleared updating 0 keys and creating 0 modified pages."
"9/8/2026 9:25:40 AM","16","Information","Microsoft-Windows-Kernel-General","WIN-58HVAS5ORR7","The access history in hive \??\C:\ProgramData\Microsoft\Windows\AppRepository\Packages\Microsoft.SecHealthUI_1000.26100.8036.0_x64__8wekyb3d8bbwe\ActivationStore.dat was cleared updating 0 keys and creating 0 modified pages."
"9/8/2026 9:25:39 AM","16","Information","Microsoft-Windows-Kernel-General","WIN-58HVAS5ORR7","The access history in hive \??\C:\ProgramData\Microsoft\Windows\AppRepository\Packages\Microsoft.ScreenSketch_11.2307.61.0_x64__8wekyb3d8bbwe\ActivationStore.dat was cleared updating 0 keys and creating 0 modified pages."
"9/8/2026 9:25:37 AM","16","Information","Microsoft-Windows-Kernel-General","WIN-58HVAS5ORR7","The access history in hive \??\C:\ProgramData\Microsoft\Windows\AppRepository\Packages\Microsoft.Paint_11.2412.295.0_x64__8wekyb3d8bbwe\ActivationStore.dat was cleared updating 0 keys and creating 0 modified pages."
"9/8/2026 9:25:35 AM","16","Information","Microsoft-Windows-Kernel-General","WIN-58HVAS5ORR7","The access history in hive \??\C:\ProgramData\Microsoft\Windows\AppRepository\Packages\Microsoft.MicrosoftStickyNotes_4.0.6105.0_x64__8wekyb3d8bbwe\ActivationStore.dat was cleared updating 0 keys and creating 0 modified pages."
"9/8/2026 9:25:34 AM","16","Information","Microsoft-Windows-Kernel-General","WIN-58HVAS5ORR7","The access history in hive \??\C:\ProgramData\Microsoft\Windows\AppRepository\Packages\Microsoft.MicrosoftSolitaireCollection_4.24.12040.0_x64__8wekyb3d8bbwe\ActivationStore.dat was cleared updating 0 keys and creating 0 modified pages."
"9/8/2026 9:25:33 AM","16","Information","Microsoft-Windows-Kernel-General","WIN-58HVAS5ORR7","The access history in hive \??\C:\ProgramData\Microsoft\Windows\AppRepository\Packages\Microsoft.MicrosoftOfficeHub_19.2506.56051.0_x64__8wekyb3d8bbwe\ActivationStore.dat was cleared updating 0 keys and creating 0 modified pages."
"9/8/2026 9:25:30 AM","16","Information","Microsoft-Windows-Kernel-General","WIN-58HVAS5ORR7","The access history in hive \??\C:\ProgramData\Microsoft\Windows\AppRepository\Packages\Microsoft.GetHelp_10.2407.40222.0_x64__8wekyb3d8bbwe\ActivationStore.dat was cleared updating 0 keys and creating 0 modified pages."
"9/8/2026 9:25:29 AM","16","Information","Microsoft-Windows-Kernel-General","WIN-58HVAS5ORR7","The access history in hive \??\C:\ProgramData\Microsoft\Windows\AppRepository\Packages\Microsoft.GamingApp_2505.900.9.0_x64__8wekyb3d8bbwe\ActivationStore.dat was cleared updating 0 keys and creating 0 modified pages."
"9/8/2026 9:25:28 AM","16","Information","Microsoft-Windows-Kernel-General","WIN-58HVAS5ORR7","The access history in hive \??\C:\ProgramData\Microsoft\Windows\AppRepository\Packages\Microsoft.DesktopAppInstaller_1.26.509.0_x64__8wekyb3d8bbwe\ActivationStore.dat was cleared updating 0 keys and creating 0 modified pages."
"9/8/2026 9:25:27 AM","16","Information","Microsoft-Windows-Kernel-General","WIN-58HVAS5ORR7","The access history in hive \??\C:\ProgramData\Microsoft\Windows\AppRepository\Packages\Microsoft.BingWeather_3.2.10.0_x64__8wekyb3d8bbwe\ActivationStore.dat was cleared updating 0 keys and creating 0 modified pages."
"9/8/2026 9:25:26 AM","16","Information","Microsoft-Windows-Kernel-General","WIN-58HVAS5ORR7","The access history in hive \??\C:\ProgramData\Microsoft\Windows\AppRepository\Packages\Microsoft.BingSearch_1.1.43.0_x64__8wekyb3d8bbwe\ActivationStore.dat was cleared updating 0 keys and creating 0 modified pages."
"9/8/2026 9:25:26 AM","16","Information","Microsoft-Windows-Kernel-General","WIN-58HVAS5ORR7","The access history in hive \??\C:\ProgramData\Microsoft\Windows\AppRepository\Packages\Microsoft.BingNews_1.0.2.0_x64__8wekyb3d8bbwe\ActivationStore.dat was cleared updating 0 keys and creating 0 modified pages."
"9/8/2026 9:25:23 AM","16","Information","Microsoft-Windows-Kernel-General","WIN-58HVAS5ORR7","The access history in hive \??\C:\ProgramData\Microsoft\Windows\AppRepository\Packages\Clipchamp.Clipchamp_4.4.10720.0_x64__yxz26nhyzhsrt\ActivationStore.dat was cleared updating 0 keys and creating 0 modified pages."
"9/8/2026 9:25:22 AM","16","Information","Microsoft-Windows-Kernel-General","WIN-58HVAS5ORR7","The access history in hive \??\C:\ProgramData\Microsoft\Windows\AppRepository\Packages\Microsoft.WindowsAppRuntime.1.6_6000.401.2352.0_x64__8wekyb3d8bbwe\ActivationStore.dat was cleared updating 0 keys and creating 0 modified pages."
"9/8/2026 9:25:21 AM","16","Information","Microsoft-Windows-Kernel-General","WIN-58HVAS5ORR7","The access history in hive \??\C:\ProgramData\Microsoft\Windows\AppRepository\Packages\Microsoft.UI.Xaml.2.8_8.2511.26001.0_x64__8wekyb3d8bbwe\ActivationStore.dat was cleared updating 0 keys and creating 0 modified pages."
"9/8/2026 9:25:20 AM","16","Information","Microsoft-Windows-Kernel-General","WIN-58HVAS5ORR7","The access history in hive \??\C:\ProgramData\Microsoft\Windows\AppRepository\Packages\Microsoft.WindowsAppRuntime.1.5_5001.311.2039.0_x64__8wekyb3d8bbwe\ActivationStore.dat was cleared updating 0 keys and creating 0 modified pages."
"9/8/2026 9:25:15 AM","16","Information","Microsoft-Windows-Kernel-General","WIN-58HVAS5ORR7","The access history in hive \??\C:\ProgramData\Microsoft\Windows\AppRepository\Packages\Windows.PrintDialog_6.2.3.0_neutral_neutral_cw5n1h2txyewy\ActivationStore.dat was cleared updating 0 keys and creating 0 modified pages."
"9/8/2026 9:25:14 AM","16","Information","Microsoft-Windows-Kernel-General","WIN-58HVAS5ORR7","The access history in hive \??\C:\ProgramData\Microsoft\Windows\AppRepository\Packages\windows.immersivecontrolpanel_10.0.8.1000_neutral_neutral_cw5n1h2txyewy\ActivationStore.dat was cleared updating 0 keys and creating 0 modified pages."
"9/8/2026 9:25:14 AM","16","Information","Microsoft-Windows-Kernel-General","WIN-58HVAS5ORR7","The access history in hive \??\C:\ProgramData\Microsoft\Windows\AppRepository\Packages\Windows.CBSPreview_10.0.19580.1000_neutral_neutral_cw5n1h2txyewy\ActivationStore.dat was cleared updating 0 keys and creating 0 modified pages."
"9/8/2026 9:25:14 AM","16","Information","Microsoft-Windows-Kernel-General","WIN-58HVAS5ORR7","The access history in hive \??\C:\ProgramData\Microsoft\Windows\AppRepository\Packages\MicrosoftWindows.Client.Photon_1000.26100.10.0_x64__cw5n1h2txyewy\ActivationStore.dat was cleared updating 0 keys and creating 0 modified pages."
"9/8/2026 9:25:13 AM","16","Information","Microsoft-Windows-Kernel-General","WIN-58HVAS5ORR7","The access history in hive \??\C:\ProgramData\Microsoft\Windows\AppRepository\Packages\MicrosoftWindows.Client.OOBE_1000.26100.37.0_x64__cw5n1h2txyewy\ActivationStore.dat was cleared updating 0 keys and creating 0 modified pages."
"9/8/2026 9:25:13 AM","16","Information","Microsoft-Windows-Kernel-General","WIN-58HVAS5ORR7","The access history in hive \??\C:\ProgramData\Microsoft\Windows\AppRepository\Packages\MicrosoftWindows.Client.FileExp_1000.26100.4.0_x64__cw5n1h2txyewy\ActivationStore.dat was cleared updating 0 keys and creating 0 modified pages."
"9/8/2026 9:25:13 AM","16","Information","Microsoft-Windows-Kernel-General","WIN-58HVAS5ORR7","The access history in hive \??\C:\ProgramData\Microsoft\Windows\AppRepository\Packages\MicrosoftWindows.Client.Core_1000.26100.84.0_x64__cw5n1h2txyewy\ActivationStore.dat was cleared updating 0 keys and creating 0 modified pages."
"9/8/2026 9:25:12 AM","16","Information","Microsoft-Windows-Kernel-General","WIN-58HVAS5ORR7","The access history in hive \??\C:\ProgramData\Microsoft\Windows\AppRepository\Packages\MicrosoftWindows.Client.CoreAI_1000.26100.8036.0_x64__cw5n1h2txyewy\ActivationStore.dat was cleared updating 0 keys and creating 0 modified pages."
"9/8/2026 9:25:11 AM","16","Information","Microsoft-Windows-Kernel-General","WIN-58HVAS5ORR7","The access history in hive \??\C:\ProgramData\Microsoft\Windows\AppRepository\Packages\MicrosoftWindows.Client.CBS_1000.26100.300.0_x64__cw5n1h2txyewy\ActivationStore.dat was cleared updating 0 keys and creating 0 modified pages."
"9/8/2026 9:25:10 AM","16","Information","Microsoft-Windows-Kernel-General","WIN-58HVAS5ORR7","The access history in hive \??\C:\ProgramData\Microsoft\Windows\AppRepository\Packages\MicrosoftWindows.60719898.InpApp_1000.26100.8036.0_x64__cw5n1h2txyewy\ActivationStore.dat was cleared updating 0 keys and creating 0 modified pages."
"9/8/2026 9:25:10 AM","16","Information","Microsoft-Windows-Kernel-General","WIN-58HVAS5ORR7","The access history in hive \??\C:\ProgramData\Microsoft\Windows\AppRepository\Packages\MicrosoftWindows.60719896.Speion_1000.26100.8036.0_x64__cw5n1h2txyewy\ActivationStore.dat was cleared updating 0 keys and creating 0 modified pages."
"9/8/2026 9:25:10 AM","16","Information","Microsoft-Windows-Kernel-General","WIN-58HVAS5ORR7","The access history in hive \??\C:\ProgramData\Microsoft\Windows\AppRepository\Packages\MicrosoftWindows.60719895.Livtop_1000.26100.8036.0_x64__cw5n1h2txyewy\ActivationStore.dat was cleared updating 0 keys and creating 0 modified pages."
"9/8/2026 9:25:09 AM","16","Information","Microsoft-Windows-Kernel-General","WIN-58HVAS5ORR7","The access history in hive \??\C:\ProgramData\Microsoft\Windows\AppRepository\Packages\MicrosoftWindows.60719890.Voiess_1000.26100.8036.0_x64__cw5n1h2txyewy\ActivationStore.dat was cleared updating 0 keys and creating 0 modified pages."
"9/8/2026 9:25:09 AM","16","Information","Microsoft-Windows-Kernel-General","WIN-58HVAS5ORR7","The access history in hive \??\C:\ProgramData\Microsoft\Windows\AppRepository\Packages\MicrosoftWindows.57242383.Tasbar_1000.26100.8036.0_x64__cw5n1h2txyewy\ActivationStore.dat was cleared updating 0 keys and creating 0 modified pages."
"9/8/2026 9:25:09 AM","16","Information","Microsoft-Windows-Kernel-General","WIN-58HVAS5ORR7","The access history in hive \??\C:\ProgramData\Microsoft\Windows\AppRepository\Packages\Microsoft.XboxGameCallableUI_1000.25128.1000.0_neutral_neutral_cw5n1h2txyewy\ActivationStore.dat was cleared updating 0 keys and creating 0 modified pages."
"9/8/2026 9:25:08 AM","16","Information","Microsoft-Windows-Kernel-General","WIN-58HVAS5ORR7","The access history in hive \??\C:\ProgramData\Microsoft\Windows\AppRepository\Packages\Microsoft.WindowsAppRuntime.CBS.1.8_8000.715.1812.100_x64__8wekyb3d8bbwe\ActivationStore.dat was cleared updating 0 keys and creating 0 modified pages."
"9/8/2026 9:25:08 AM","16","Information","Microsoft-Windows-Kernel-General","WIN-58HVAS5ORR7","The access history in hive \??\C:\ProgramData\Microsoft\Windows\AppRepository\Packages\Microsoft.WindowsAppRuntime.CBS.1.6_6000.708.357.100_x64__8wekyb3d8bbwe\ActivationStore.dat was cleared updating 0 keys and creating 0 modified pages."
"9/8/2026 9:25:08 AM","7045","Information","Service Control Manager","WIN-58HVAS5ORR7","A service was installed in the system. Service Name: Microsoft Edge Elevation Service (MicrosoftEdgeElevationService) Service File Name: ""C:\Program Files (x86)\Microsoft\Edge\Application\145.0.3800.97\elevation_service.exe"" Service Type: user mode service Service Start Type: demand start Service Account: LocalSystem"
"9/8/2026 9:25:08 AM","16","Information","Microsoft-Windows-Kernel-General","WIN-58HVAS5ORR7","The access history in hive \??\C:\ProgramData\Microsoft\Windows\AppRepository\Packages\Microsoft.Windows.XGpuEjectDialog_10.0.26100.1_neutral_neutral_cw5n1h2txyewy\ActivationStore.dat was cleared updating 0 keys and creating 0 modified pages."
"9/8/2026 9:25:07 AM","16","Information","Microsoft-Windows-Kernel-General","WIN-58HVAS5ORR7","The access history in hive \??\C:\ProgramData\Microsoft\Windows\AppRepository\Packages\Microsoft.Windows.StartMenuExperienceHost_10.0.26100.4768_neutral_neutral_cw5n1h2txyewy\ActivationStore.dat was cleared updating 0 keys and creating 0 modified pages."
"9/8/2026 9:25:07 AM","16","Information","Microsoft-Windows-Kernel-General","WIN-58HVAS5ORR7","The access history in hive \??\C:\ProgramData\Microsoft\Windows\AppRepository\Packages\Microsoft.Windows.ShellExperienceHost_10.0.26100.7462_neutral_neutral_cw5n1h2txyewy\ActivationStore.dat was cleared updating 0 keys and creating 0 modified pages."
"9/8/2026 9:25:07 AM","16","Information","Microsoft-Windows-Kernel-General","WIN-58HVAS5ORR7","The access history in hive \??\C:\ProgramData\Microsoft\Windows\AppRepository\Packages\Microsoft.Windows.SecureAssessmentBrowser_10.0.26100.1_neutral_neutral_cw5n1h2txyewy\ActivationStore.dat was cleared updating 0 keys and creating 0 modified pages."
"9/8/2026 9:25:06 AM","16","Information","Microsoft-Windows-Kernel-General","WIN-58HVAS5ORR7","The access history in hive \??\C:\ProgramData\Microsoft\Windows\AppRepository\Packages\Microsoft.Windows.PrintQueueActionCenter_1.0.2.0_neutral_neutral_cw5n1h2txyewy\ActivationStore.dat was cleared updating 0 keys and creating 0 modified pages."
"9/8/2026 9:25:06 AM","16","Information","Microsoft-Windows-Kernel-General","WIN-58HVAS5ORR7","The access history in hive \??\C:\ProgramData\Microsoft\Windows\AppRepository\Packages\Microsoft.Windows.PinningConfirmationDialog_1000.25140.1001.0_neutral__cw5n1h2txyewy\ActivationStore.dat was cleared updating 0 keys and creating 0 modified pages."
"9/8/2026 9:25:06 AM","16","Information","Microsoft-Windows-Kernel-General","WIN-58HVAS5ORR7","The access history in hive \??\C:\ProgramData\Microsoft\Windows\AppRepository\Packages\Microsoft.Windows.PeopleExperienceHost_10.0.26100.1_neutral_neutral_cw5n1h2txyewy\ActivationStore.dat was cleared updating 0 keys and creating 0 modified pages."
"9/8/2026 9:25:06 AM","16","Information","Microsoft-Windows-Kernel-General","WIN-58HVAS5ORR7","The access history in hive \??\C:\ProgramData\Microsoft\Windows\AppRepository\Packages\Microsoft.Windows.ParentalControls_1000.25128.1000.0_neutral_neutral_cw5n1h2txyewy\ActivationStore.dat was cleared updating 0 keys and creating 0 modified pages."
"9/8/2026 9:25:05 AM","16","Information","Microsoft-Windows-Kernel-General","WIN-58HVAS5ORR7","The access history in hive \??\C:\ProgramData\Microsoft\Windows\AppRepository\Packages\Microsoft.Windows.OOBENetworkConnectionFlow_10.0.26495.1000_neutral__cw5n1h2txyewy\ActivationStore.dat was cleared updating 0 keys and creating 0 modified pages."
"9/8/2026 9:25:05 AM","16","Information","Microsoft-Windows-Kernel-General","WIN-58HVAS5ORR7","The access history in hive \??\C:\ProgramData\Microsoft\Windows\AppRepository\Packages\Microsoft.Windows.OOBENetworkCaptivePortal_10.0.26495.1000_neutral__cw5n1h2txyewy\ActivationStore.dat was cleared updating 0 keys and creating 0 modified pages."
"9/8/2026 9:25:05 AM","16","Information","Microsoft-Windows-Kernel-General","WIN-58HVAS5ORR7","The access history in hive \??\C:\ProgramData\Microsoft\Windows\AppRepository\Packages\Microsoft.Windows.NarratorQuickStart_10.0.26100.1_neutral_neutral_8wekyb3d8bbwe\ActivationStore.dat was cleared updating 0 keys and creating 0 modified pages."
"9/8/2026 9:25:05 AM","16","Information","Microsoft-Windows-Kernel-General","WIN-58HVAS5ORR7","The access history in hive \??\C:\ProgramData\Microsoft\Windows\AppRepository\Packages\Microsoft.Windows.ContentDeliveryManager_10.0.26100.1_neutral_neutral_cw5n1h2txyewy\ActivationStore.dat was cleared updating 0 keys and creating 0 modified pages."
"9/8/2026 9:25:04 AM","16","Information","Microsoft-Windows-Kernel-General","WIN-58HVAS5ORR7","The access history in hive \??\C:\ProgramData\Microsoft\Windows\AppRepository\Packages\Microsoft.Windows.CloudExperienceHost_10.0.26100.1_neutral_neutral_cw5n1h2txyewy\ActivationStore.dat was cleared updating 0 keys and creating 0 modified pages."
"9/8/2026 9:25:04 AM","16","Information","Microsoft-Windows-Kernel-General","WIN-58HVAS5ORR7","The access history in hive \??\C:\ProgramData\Microsoft\Windows\AppRepository\Packages\Microsoft.Windows.CapturePicker_10.0.19580.1000_neutral__cw5n1h2txyewy\ActivationStore.dat was cleared updating 0 keys and creating 0 modified pages."
"9/8/2026 9:25:04 AM","16","Information","Microsoft-Windows-Kernel-General","WIN-58HVAS5ORR7","The access history in hive \??\C:\ProgramData\Microsoft\Windows\AppRepository\Packages\Microsoft.Windows.AugLoop.CBS_1.1126.2131.0_x64__8wekyb3d8bbwe\ActivationStore.dat was cleared updating 0 keys and creating 0 modified pages."
"9/8/2026 9:25:04 AM","16","Information","Microsoft-Windows-Kernel-General","WIN-58HVAS5ORR7","The access history in hive \??\C:\ProgramData\Microsoft\Windows\AppRepository\Packages\Microsoft.Windows.AssignedAccessLockApp_1000.25128.1000.0_neutral_neutral_cw5n1h2txyewy\ActivationStore.dat was cleared updating 0 keys and creating 0 modified pages."
"9/8/2026 9:25:04 AM","16","Information","Microsoft-Windows-Kernel-General","WIN-58HVAS5ORR7","The access history in hive \??\C:\ProgramData\Microsoft\Windows\AppRepository\Packages\Microsoft.Windows.Apprep.ChxApp_1000.25128.1000.0_neutral_neutral_cw5n1h2txyewy\ActivationStore.dat was cleared updating 0 keys and creating 0 modified pages."
"9/8/2026 9:25:03 AM","16","Information","Microsoft-Windows-Kernel-General","WIN-58HVAS5ORR7","The access history in hive \??\C:\ProgramData\Microsoft\Windows\AppRepository\Packages\Microsoft.Win32WebViewHost_10.0.26100.1_neutral_neutral_cw5n1h2txyewy\ActivationStore.dat was cleared updating 0 keys and creating 0 modified pages."
"9/8/2026 9:25:03 AM","16","Information","Microsoft-Windows-Kernel-General","WIN-58HVAS5ORR7","The access history in hive \??\C:\ProgramData\Microsoft\Windows\AppRepository\Packages\Microsoft.UI.Xaml.CBS_9.2504.3002.0_x64__8wekyb3d8bbwe\ActivationStore.dat was cleared updating 0 keys and creating 0 modified pages."
"9/8/2026 9:25:03 AM","16","Information","Microsoft-Windows-Kernel-General","WIN-58HVAS5ORR7","The access history in hive \??\C:\ProgramData\Microsoft\Windows\AppRepository\Packages\Microsoft.LockApp_10.0.26100.4202_neutral__cw5n1h2txyewy\ActivationStore.dat was cleared updating 0 keys and creating 0 modified pages."
"9/8/2026 9:25:02 AM","16","Information","Microsoft-Windows-Kernel-General","WIN-58HVAS5ORR7","The access history in hive \??\C:\ProgramData\Microsoft\Windows\AppRepository\Packages\Microsoft.ECApp_10.0.26100.4061_neutral__8wekyb3d8bbwe\ActivationStore.dat was cleared updating 0 keys and creating 0 modified pages."
"9/8/2026 9:25:02 AM","1025","Information","Microsoft-Windows-TPM-WMI","WIN-58HVAS5ORR7","The TPM was successfully provisioned and is now ready for use."
"9/8/2026 9:25:02 AM","16","Information","Microsoft-Windows-Kernel-General","WIN-58HVAS5ORR7","The access history in hive \??\C:\ProgramData\Microsoft\Windows\AppRepository\Packages\Microsoft.CredDialogHost_10.0.19595.1001_neutral__cw5n1h2txyewy\ActivationStore.dat was cleared updating 0 keys and creating 0 modified pages."
"9/8/2026 9:25:02 AM","16","Information","Microsoft-Windows-Kernel-General","WIN-58HVAS5ORR7","The access history in hive \??\C:\ProgramData\Microsoft\Windows\AppRepository\Packages\Microsoft.BioEnrollment_10.0.19587.1000_neutral__cw5n1h2txyewy\ActivationStore.dat was cleared updating 0 keys and creating 0 modified pages."
"9/8/2026 9:25:02 AM","16","Information","Microsoft-Windows-Kernel-General","WIN-58HVAS5ORR7","The access history in hive \??\C:\ProgramData\Microsoft\Windows\AppRepository\Packages\Microsoft.AsyncTextService_10.0.26100.1_neutral__8wekyb3d8bbwe\ActivationStore.dat was cleared updating 0 keys and creating 0 modified pages."
"9/8/2026 9:25:01 AM","1282","Information","Microsoft-Windows-TPM-WMI","WIN-58HVAS5ORR7","The TBS device identifier has been generated."
"9/8/2026 9:25:01 AM","16","Information","Microsoft-Windows-Kernel-General","WIN-58HVAS5ORR7","The access history in hive \??\C:\ProgramData\Microsoft\Windows\AppRepository\Packages\Microsoft.AccountsControl_10.0.26100.1_neutral__cw5n1h2txyewy\ActivationStore.dat was cleared updating 0 keys and creating 0 modified pages."
"9/8/2026 9:25:01 AM","16","Information","Microsoft-Windows-Kernel-General","WIN-58HVAS5ORR7","The access history in hive \??\C:\ProgramData\Microsoft\Windows\AppRepository\Packages\Microsoft.AAD.BrokerPlugin_1000.19580.1000.2_neutral_neutral_cw5n1h2txyewy\ActivationStore.dat was cleared updating 0 keys and creating 0 modified pages."
"9/8/2026 9:25:01 AM","16","Information","Microsoft-Windows-Kernel-General","WIN-58HVAS5ORR7","The access history in hive \??\C:\ProgramData\Microsoft\Windows\AppRepository\Packages\F46D4000-FD22-4DB4-AC8E-4E1DDDE828FE_10.0.26100.1_neutral_neutral_cw5n1h2txyewy\ActivationStore.dat was cleared updating 0 keys and creating 0 modified pages."
"9/8/2026 9:25:00 AM","16","Information","Microsoft-Windows-Kernel-General","WIN-58HVAS5ORR7","The access history in hive \??\C:\ProgramData\Microsoft\Windows\AppRepository\Packages\E2A4F912-2574-4A75-9BB0-0D023378592B_10.0.19640.1000_neutral_neutral_cw5n1h2txyewy\ActivationStore.dat was cleared updating 0 keys and creating 0 modified pages."
"9/8/2026 9:25:00 AM","1027","Information","Microsoft-Windows-TPM-WMI","WIN-58HVAS5ORR7","The Ownership of the Trusted Platform Module (TPM) hardware on this computer was successfully taken (TPM TakeOwnership command) by the system."
"9/8/2026 9:25:00 AM","519","Information","Microsoft-Windows-TPM-WMI","WIN-58HVAS5ORR7","The TPM has been cleared. Reason: SRK Pub not present or empty.."
"9/8/2026 9:25:00 AM","16","Information","Microsoft-Windows-Kernel-General","WIN-58HVAS5ORR7","The access history in hive \??\C:\ProgramData\Microsoft\Windows\AppRepository\Packages\c5e2524a-ea46-4f67-841f-6a9465d9d515_10.0.26100.1_neutral_neutral_cw5n1h2txyewy\ActivationStore.dat was cleared updating 0 keys and creating 0 modified pages."
"9/8/2026 9:25:00 AM","16","Information","Microsoft-Windows-Kernel-General","WIN-58HVAS5ORR7","The access history in hive \??\C:\ProgramData\Microsoft\Windows\AppRepository\Packages\1527c705-839a-4832-9118-54d4Bd6a0c89_10.0.19640.1000_neutral_neutral_cw5n1h2txyewy\ActivationStore.dat was cleared updating 0 keys and creating 0 modified pages."
"9/8/2026 9:24:58 AM","7045","Information","Service Control Manager","WIN-58HVAS5ORR7","A service was installed in the system. Service Name: Microsoft Kernel Debug Network Miniport Service File Name: \SystemRoot\System32\drivers\kdnic.sys Service Type: kernel mode driver Service Start Type: demand start Service Account:"
"9/8/2026 9:24:58 AM","7045","Information","Service Control Manager","WIN-58HVAS5ORR7","A service was installed in the system. Service Name: Intel(R) PRO/1000 NDIS 6 Adapter Driver Service File Name: \SystemRoot\System32\drivers\E1G6032E.sys Service Type: kernel mode driver Service Start Type: demand start Service Account:"
"9/8/2026 9:24:58 AM","18","Information","TPM","WIN-58HVAS5ORR7","This event triggers the Trusted Platform Module (TPM) provisioning/status check to run."
"9/8/2026 9:24:58 AM","7026","Information","Service Control Manager","WIN-58HVAS5ORR7","The following boot-start or system-start driver(s) did not load: CSC dam uiomap"
"9/8/2026 9:24:58 AM","3261","Information","Workstation","WIN-58HVAS5ORR7","This computer has been successfully joined to workgroup 'WORKGROUP'."
"9/8/2026 9:24:43 AM","7045","Information","Service Control Manager","WIN-58HVAS5ORR7","A service was installed in the system. Service Name: KslD Service File Name: system32\drivers\KslD.sys Service Type: kernel mode driver Service Start Type: demand start Service Account:"
"9/8/2026 9:24:41 AM","112","Information","Microsoft-Windows-HttpService","WIN-58HVAS5ORR7","Attempted to reserve URL http://+:10246/MDEServer/. Status 0x0. Process Id 0x4 Executable path , User S-1-5-18"
"9/8/2026 9:24:41 AM","112","Information","Microsoft-Windows-HttpService","WIN-58HVAS5ORR7","Attempted to reserve URL http://+:10247/apps/. Status 0x0. Process Id 0x4 Executable path , User S-1-5-18"
"9/8/2026 9:24:41 AM","112","Information","Microsoft-Windows-HttpService","WIN-58HVAS5ORR7","Attempted to reserve URL http://+:10243/WMPNSSv4/. Status 0x0. Process Id 0x4 Executable path , User S-1-5-18"
"9/8/2026 9:24:41 AM","112","Information","Microsoft-Windows-HttpService","WIN-58HVAS5ORR7","Attempted to reserve URL https://+:10245/WMPNSSv4/. Status 0x0. Process Id 0x4 Executable path , User S-1-5-18"
"9/8/2026 9:24:41 AM","112","Information","Microsoft-Windows-HttpService","WIN-58HVAS5ORR7","Attempted to reserve URL http://+:80/116B50EB-ECE2-41ac-8429-9F9E963361B7/. Status 0x0. Process Id 0x4 Executable path , User S-1-5-18"
"9/8/2026 9:24:41 AM","112","Information","Microsoft-Windows-HttpService","WIN-58HVAS5ORR7","Attempted to reserve URL https://+:443/C574AC30-5794-4AEE-B1BB-6651C5315029/. Status 0x0. Process Id 0x4 Executable path , User S-1-5-18"
"9/8/2026 9:24:41 AM","112","Information","Microsoft-Windows-HttpService","WIN-58HVAS5ORR7","Attempted to reserve URL http://+:80/0131501b-d67f-491b-9a40-c4bf27bcb4d4/. Status 0x0. Process Id 0x4 Executable path , User S-1-5-18"
"9/8/2026 9:24:41 AM","112","Information","Microsoft-Windows-HttpService","WIN-58HVAS5ORR7","Attempted to reserve URL https://+:443/sra_{BA195980-CD49-458b-9E23-C84EE0ADCD75}/. Status 0x0. Process Id 0x4 Executable path , User S-1-5-18"
"9/8/2026 9:24:41 AM","112","Information","Microsoft-Windows-HttpService","WIN-58HVAS5ORR7","Attempted to reserve URL https://+:3392/rdp/. Status 0x0. Process Id 0x4 Executable path , User S-1-5-18"
"9/8/2026 9:24:41 AM","112","Information","Microsoft-Windows-HttpService","WIN-58HVAS5ORR7","Attempted to reserve URL http://+:5985/wsman/. Status 0x0. Process Id 0x4 Executable path , User S-1-5-18"
"9/8/2026 9:24:41 AM","112","Information","Microsoft-Windows-HttpService","WIN-58HVAS5ORR7","Attempted to reserve URL http://+:47001/wsman/. Status 0x0. Process Id 0x4 Executable path , User S-1-5-18"
"9/8/2026 9:24:41 AM","112","Information","Microsoft-Windows-HttpService","WIN-58HVAS5ORR7","Attempted to reserve URL https://+:5986/wsman/. Status 0x0. Process Id 0x4 Executable path , User S-1-5-18"
"9/8/2026 9:24:41 AM","112","Information","Microsoft-Windows-HttpService","WIN-58HVAS5ORR7","Attempted to reserve URL http://*:2869/. Status 0x0. Process Id 0x4 Executable path , User S-1-5-18"
"9/8/2026 9:24:41 AM","112","Information","Microsoft-Windows-HttpService","WIN-58HVAS5ORR7","Attempted to reserve URL https://*:5358/. Status 0x0. Process Id 0x4 Executable path , User S-1-5-18"
"9/8/2026 9:24:41 AM","112","Information","Microsoft-Windows-HttpService","WIN-58HVAS5ORR7","Attempted to reserve URL http://+:80/Temporary_Listen_Addresses/. Status 0x0. Process Id 0x4 Executable path , User S-1-5-18"
"9/8/2026 9:24:41 AM","112","Information","Microsoft-Windows-HttpService","WIN-58HVAS5ORR7","Attempted to reserve URL http://*:5357/. Status 0x0. Process Id 0x4 Executable path , User S-1-5-18"
"9/8/2026 9:24:41 AM","51046","Information","Microsoft-Windows-DHCPv6-Client","WIN-58HVAS5ORR7","DHCPv6 client service is started"
"9/8/2026 9:24:41 AM","50036","Information","Microsoft-Windows-Dhcp-Client","WIN-58HVAS5ORR7","DHCPv4 client service is started"
"9/8/2026 9:24:41 AM","50103","Information","Microsoft-Windows-Dhcp-Client","WIN-58HVAS5ORR7","DHCPv4 client registered for shutdown notification"
"9/8/2026 9:24:41 AM","50036","Information","Microsoft-Windows-Dhcp-Client","WIN-58HVAS5ORR7","DHCPv4 client service is started"
"9/8/2026 9:24:41 AM","6","Information","Microsoft-Windows-FilterManager","WIN-58HVAS5ORR7","File System Filter 'bindflt' (10.0, ‎2081‎-‎10‎-‎17T22:34:26.000000000Z) has successfully loaded and registered with Filter Manager."
"9/8/2026 9:24:41 AM","6","Information","Microsoft-Windows-FilterManager","WIN-58HVAS5ORR7","File System Filter 'UCPD' (10.0, ‎2061‎-‎11‎-‎20T08:48:12.000000000Z) has successfully loaded and registered with Filter Manager."
"9/8/2026 9:24:41 AM","6","Information","Microsoft-Windows-FilterManager","WIN-58HVAS5ORR7","File System Filter 'storqosflt' (10.0, ‎2016‎-‎04‎-‎28T23:00:23.000000000Z) has successfully loaded and registered with Filter Manager."
"9/8/2026 9:24:41 AM","6","Information","Microsoft-Windows-FilterManager","WIN-58HVAS5ORR7","File System Filter 'CldFlt' (10.0, ‎1991‎-‎05‎-‎02T21:16:55.000000000Z) has successfully loaded and registered with Filter Manager."
"9/8/2026 9:24:41 AM","1","Information","Microsoft-Windows-FilterManager","WIN-58HVAS5ORR7","File System Filter 'CldFlt' (Version 10.0, ‎1991‎-‎05‎-‎02T21:16:55.000000000Z) unloaded successfully."
"9/8/2026 9:24:41 AM","6","Information","Microsoft-Windows-FilterManager","WIN-58HVAS5ORR7","File System Filter 'CldFlt' (10.0, ‎1991‎-‎05‎-‎02T21:16:55.000000000Z) has successfully loaded and registered with Filter Manager."
"9/8/2026 9:24:41 AM","7023","Error","Service Control Manager","WIN-58HVAS5ORR7","The netprofm service terminated with the following error: The device is not ready."
"9/8/2026 9:24:41 AM","6","Information","Microsoft-Windows-FilterManager","WIN-58HVAS5ORR7","File System Filter 'UnionFS' (10.0, ‎2017‎-‎11‎-‎03T06:31:51.000000000Z) has successfully loaded and registered with Filter Manager."
"9/8/2026 9:24:41 AM","6","Information","Microsoft-Windows-FilterManager","WIN-58HVAS5ORR7","File System Filter 'luafv' (10.0, ‎2057‎-‎06‎-‎14T14:55:30.000000000Z) has successfully loaded and registered with Filter Manager."
"9/8/2026 9:24:41 AM","6","Information","Microsoft-Windows-FilterManager","WIN-58HVAS5ORR7","File System Filter 'wcifs' (10.0, ‎1985‎-‎11‎-‎26T15:47:21.000000000Z) has successfully loaded and registered with Filter Manager."
"9/8/2026 9:24:41 AM","6","Information","Microsoft-Windows-FilterManager","WIN-58HVAS5ORR7","File System Filter 'bfs' (10.0, ‎2086‎-‎03‎-‎20T12:03:22.000000000Z) has successfully loaded and registered with Filter Manager."
"9/8/2026 9:24:41 AM","6","Information","Microsoft-Windows-FilterManager","WIN-58HVAS5ORR7","File System Filter 'applockerfltr' (10.0, ‎2033‎-‎08‎-‎14T12:35:15.000000000Z) has successfully loaded and registered with Filter Manager."
"9/8/2026 9:24:41 AM","16","Information","Microsoft-Windows-Kernel-General","WIN-58HVAS5ORR7","The access history in hive \SystemRoot\System32\Config\BBI was cleared updating 1 keys and creating 1 modified pages."
"9/8/2026 9:24:40 AM","16","Information","Microsoft-Windows-Kernel-General","WIN-58HVAS5ORR7","The access history in hive \??\C:\WINDOWS\System32\config\COMPONENTS was cleared updating 82827 keys and creating 8754 modified pages."
"9/8/2026 9:24:40 AM","16977","Information","Microsoft-Windows-Directory-Services-SAM","WIN-58HVAS5ORR7","The domain is configured with the following minimum password length-related settings. MinimumPasswordLength: 0 RelaxMinimumPasswordLengthLimits: 0 MinimumPasswordLengthAudit: -1 For more information see https://go.microsoft.com/fwlink/?LinkId=2097191."
"9/8/2026 9:24:40 AM","2005","Information","Microsoft-Windows-SetupPlatform","WIN-58HVAS5ORR7","New Setup information"
"9/8/2026 9:24:40 AM","16","Information","Microsoft-Windows-Kernel-General","WIN-58HVAS5ORR7","The access history in hive \Device\HarddiskVolume1\EFI\Microsoft\Recovery\BCD was cleared updating 41 keys and creating 2 modified pages."
"9/8/2026 9:24:39 AM","98","Information","Microsoft-Windows-Ntfs","WIN-58HVAS5ORR7","Volume \\?\Volume{a6c16a98-825c-474d-aa27-6e56c6cf4e9b} (\Device\HarddiskVolume4) is healthy. No action is needed."
"9/8/2026 9:24:22 AM","16983","Information","Microsoft-Windows-Directory-Services-SAM","WIN-58HVAS5ORR7","The security account manager is now logging periodic summary events for remote clients that call legacy password change or set RPC methods. For more information please see https://go.microsoft.com/fwlink/?linkid=2150956."
"9/8/2026 9:24:22 AM","16977","Information","Microsoft-Windows-Directory-Services-SAM","WIN-58HVAS5ORR7","The domain is configured with the following minimum password length-related settings. MinimumPasswordLength: 0 RelaxMinimumPasswordLengthLimits: 0 MinimumPasswordLengthAudit: -1 For more information see https://go.microsoft.com/fwlink/?LinkId=2097191."
"9/8/2026 9:24:22 AM","16962","Information","Microsoft-Windows-Directory-Services-SAM","WIN-58HVAS5ORR7","Remote calls to the SAM database are being restricted using the default security descriptor: O:SYG:SYD:(A;;RC;;;BA). For more information please see http://go.microsoft.com/fwlink/?LinkId=787651."
"9/8/2026 9:24:22 AM","6156","Information","LsaSrv","WIN-58HVAS5ORR7","Credential Guard auto enablement status. Hardware Requirements for Virtualisation Based Security: 1 Domain Joined: 0 Azure AD Joined: 0 Licensed for Credential Guard: 1 Domain Controller: 0"
"9/8/2026 9:24:22 AM","12","Information","Microsoft-Windows-Wininit","WIN-58HVAS5ORR7","LSASS.exe was started as a protected process with level: 4."
"9/8/2026 9:24:22 AM","14","Information","Microsoft-Windows-Wininit","WIN-58HVAS5ORR7","Credential Guard configuration: Registry Configuration: 0x0 Test Configuration: 0 Auto Enablement: 0"
"9/8/2026 9:24:22 AM","23","Information","Microsoft-Windows-Wininit","WIN-58HVAS5ORR7","Boot App Anti-Rollback: Initialise Completed with status: HRESULT: The operation completed successfully. New timer needed: false New timer waiting for system update completion: false Previous latch timer exists but disabled by registry: false"
"9/8/2026 9:24:22 AM","25","Information","Microsoft-Windows-Wininit","WIN-58HVAS5ORR7","Boot App Anti-Rollback: Previous timer resumed with status: HRESULT: The operation completed successfully. Previous timer present: false Start time: ‎1601‎-‎01‎-‎01T00:00:00.000000000Z Grace period: 0 Attempted recovery enforcement succeeded: false"
"9/8/2026 9:24:22 AM","19","Information","Microsoft-Windows-Wininit","WIN-58HVAS5ORR7","Virtualisation Based Security new timer creation status HRESULT: The operation completed successfully. New latch timer needed: false New latch timer waiting for system update completion: false Previous latch timer exists but disabled by registry: false Policy file exists: false"
"9/8/2026 9:24:22 AM","16","Information","Microsoft-Windows-Kernel-General","WIN-58HVAS5ORR7","The access history in hive \??\C:\Users\Default\NTUSER.DAT was cleared updating 26 keys and creating 6 modified pages."
"9/8/2026 9:24:18 AM","16","Information","Microsoft-Windows-Kernel-General","WIN-58HVAS5ORR7","The access history in hive \Device\HarddiskVolume1\EFI\Microsoft\Boot\BCD was cleared updating 99 keys and creating 2 modified pages."
"9/8/2026 9:24:18 AM","16","Information","Microsoft-Windows-Kernel-General","WIN-58HVAS5ORR7","The access history in hive \SystemRoot\System32\config\DRIVERS was cleared updating 23928 keys and creating 1060 modified pages."
"9/8/2026 9:24:18 AM","24","Information","Microsoft-Windows-Kernel-General","WIN-58HVAS5ORR7","The time zone information was refreshed with exit reason 0. Current time zone bias is -60."
"9/8/2026 9:24:18 AM","16","Information","Microsoft-Windows-Kernel-General","WIN-58HVAS5ORR7","The access history in hive \Device\HarddiskVolume1\EFI\Microsoft\Boot\BCD was cleared updating 99 keys and creating 2 modified pages."
"9/8/2026 9:24:18 AM","16","Information","Microsoft-Windows-Kernel-General","WIN-58HVAS5ORR7","The access history in hive \Device\HarddiskVolume1\EFI\Microsoft\Boot\BCD was cleared updating 99 keys and creating 2 modified pages."
"9/8/2026 9:24:18 AM","16","Information","Microsoft-Windows-Kernel-General","WIN-58HVAS5ORR7","The access history in hive \Device\HarddiskVolume1\EFI\Microsoft\Boot\BCD was cleared updating 99 keys and creating 2 modified pages."
"9/8/2026 9:24:18 AM","16","Information","Microsoft-Windows-Kernel-General","WIN-58HVAS5ORR7","The access history in hive \SystemRoot\System32\Config\SOFTWARE was cleared updating 260475 keys and creating 17224 modified pages."
"9/8/2026 9:24:17 AM","55","Information","Microsoft-Windows-Kernel-Processor-Power","WIN-58HVAS5ORR7","Processor 1 in group 0 exposes the following power management capabilities: Idle state type: ACPI Idle (C) States (1 state(s)) Performance state type: None Nominal Frequency (MHz): 3600 Maximum performance percentage: 100 Minimum performance percentage: 100 Minimum throttle percentage: 100"
"9/8/2026 9:24:17 AM","55","Information","Microsoft-Windows-Kernel-Processor-Power","WIN-58HVAS5ORR7","Processor 0 in group 0 exposes the following power management capabilities: Idle state type: ACPI Idle (C) States (1 state(s)) Performance state type: None Nominal Frequency (MHz): 3600 Maximum performance percentage: 100 Minimum performance percentage: 100 Minimum throttle percentage: 100"
"9/8/2026 9:24:17 AM","16","Information","Microsoft-Windows-Kernel-General","WIN-58HVAS5ORR7","The access history in hive \SystemRoot\System32\Config\SECURITY was cleared updating 1 keys and creating 1 modified pages."
"9/8/2026 9:24:17 AM","16","Information","Microsoft-Windows-Kernel-General","WIN-58HVAS5ORR7","The access history in hive \SystemRoot\System32\Config\DEFAULT was cleared updating 17 keys and creating 3 modified pages."
"9/8/2026 9:24:17 AM","16","Information","Microsoft-Windows-Kernel-General","WIN-58HVAS5ORR7","The access history in hive \SystemRoot\System32\Config\SAM was cleared updating 1 keys and creating 1 modified pages."
"9/8/2026 9:24:17 AM","172","Information","Microsoft-Windows-Kernel-Power","WIN-58HVAS5ORR7","Connectivity state in standby: Disconnected, Reason: NIC compliance"
"9/8/2026 9:24:17 AM","6","Information","Microsoft-Windows-FilterManager","WIN-58HVAS5ORR7","File System Filter 'npsvctrig' (10.0, ‎1978‎-‎05‎-‎14T10:13:30.000000000Z) has successfully loaded and registered with Filter Manager."
"9/8/2026 9:24:17 AM","6","Information","Microsoft-Windows-FilterManager","WIN-58HVAS5ORR7","File System Filter 'FileCrypt' (10.0, ‎2075‎-‎08‎-‎31T23:07:07.000000000Z) has successfully loaded and registered with Filter Manager."
"9/8/2026 9:24:17 AM","98","Information","Microsoft-Windows-Ntfs","WIN-58HVAS5ORR7","Volume C: (\Device\HarddiskVolume3) is healthy. No action is needed."
"9/8/2026 9:24:17 AM","6","Information","Microsoft-Windows-FilterManager","WIN-58HVAS5ORR7","File System Filter 'WdFilter' (10.0, ‎2028‎-‎06‎-‎06T10:57:32.000000000Z) has successfully loaded and registered with Filter Manager."
"9/8/2026 9:24:17 AM","6","Information","Microsoft-Windows-FilterManager","WIN-58HVAS5ORR7","File System Filter 'Wof' (10.0, ‎2089‎-‎07‎-‎15T03:58:05.000000000Z) has successfully loaded and registered with Filter Manager."
"9/8/2026 9:24:17 AM","6","Information","Microsoft-Windows-FilterManager","WIN-58HVAS5ORR7","File System Filter 'FileInfo' (10.0, ‎2093‎-‎04‎-‎02T02:29:43.000000000Z) has successfully loaded and registered with Filter Manager."
"9/8/2026 9:24:16 AM","16","Information","Microsoft-Windows-HAL","WIN-58HVAS5ORR7","IOMMU fault reporting has been initialized."
"9/8/2026 9:24:16 AM","20","Information","Microsoft-Windows-Kernel-General","WIN-58HVAS5ORR7","The leap second configuration has been updated. Reason: Leap second data initialized from registry during boot Leap seconds enabled: true New leap second count: 0 Old leap second count: 0"
"9/8/2026 9:24:16 AM","32","Information","Microsoft-Windows-Kernel-Boot","WIN-58HVAS5ORR7","The bootmgr spent 0 ms waiting for user input."
"9/8/2026 9:24:16 AM","18","Information","Microsoft-Windows-Kernel-Boot","WIN-58HVAS5ORR7","There are 0x1 boot options on this system."
"9/8/2026 9:24:16 AM","27","Information","Microsoft-Windows-Kernel-Boot","WIN-58HVAS5ORR7","The boot type was 0x0."
"9/8/2026 9:24:16 AM","25","Information","Microsoft-Windows-Kernel-Boot","WIN-58HVAS5ORR7","The boot menu policy was 0x1."
"9/8/2026 9:24:16 AM","238","Information","Microsoft-Windows-Kernel-Boot","WIN-58HVAS5ORR7","EFI time zone bias: 2047. Daylight flags: 0. Firmware time: ‎2026‎-‎09‎-‎08T17:24:15.000000000Z."
"9/8/2026 9:24:16 AM","247","Information","Microsoft-Windows-Kernel-Boot","WIN-58HVAS5ORR7","Unable to load Pluton-Windows firmware. StatusCode: STATUS_SUCCESS, Reason: Failed to apply firmware."
"9/8/2026 9:24:16 AM","20","Information","Microsoft-Windows-Kernel-Boot","WIN-58HVAS5ORR7","The last shutdown's success status was true. The last boot's success status was true."
"9/8/2026 9:24:16 AM","153","Information","Microsoft-Windows-Kernel-Boot","WIN-58HVAS5ORR7","Virtualization-based security (policies: 0) is disabled."
"9/8/2026 9:24:16 AM","25","Information","Microsoft-Windows-Kernel-General","WIN-58HVAS5ORR7","The system time was initialized to ‎2026‎-‎09‎-‎08T17:24:16.500000000Z. Loader time: ‎2026‎-‎09‎-‎08T17:24:15.000000000Z Internal boot flags: 0x2 HAL RTC error code: 0x0 RTC time is in UTC: false Soft boot: false Success: true Phase: 0"
"9/8/2026 9:24:16 AM","12","Information","Microsoft-Windows-Kernel-General","WIN-58HVAS5ORR7","The operating system started at system time ‎2026‎-‎09‎-‎08T16:24:16.500000000Z."
"9/8/2026 9:24:41 AM","6005","Information","EventLog","WIN-58HVAS5ORR7","The Event log service was started."
"9/8/2026 9:24:41 AM","6009","Information","EventLog","WIN-58HVAS5ORR7","Microsoft (R) Windows (R) 10.00. 26200 Multiprocessor Free."
"9/8/2026 9:24:41 AM","6011","Information","EventLog","WIN-58HVAS5ORR7","The NetBIOS name and DNS host name of this machine have been changed from to WIN-58HVAS5ORR7."
