"TimeCreated","Id","LevelDisplayName","ProviderName","MachineName","Message"
"9/9/2026 4:45:29 AM","1025","Information","Microsoft-Windows-TPM-WMI","CRASHLAB-01","The TPM was successfully provisioned and is now ready for use."
"9/9/2026 4:45:28 AM","1282","Information","Microsoft-Windows-TPM-WMI","CRASHLAB-01","The TBS device identifier has been generated."
"9/9/2026 4:45:25 AM","18","Information","TPM","CRASHLAB-01","This event triggers the Trusted Platform Module (TPM) provisioning/status check to run."
"9/9/2026 4:45:23 AM","7026","Information","Service Control Manager","CRASHLAB-01","The following boot-start or system-start driver(s) did not load: dam uiomap"
"9/9/2026 4:45:22 AM","1040","Error","Microsoft-Windows-TPM-WMI","CRASHLAB-01","Pre-attestation health checks confirm a critical component has failed, and the device is not expected to pass attestation. Please see C:\WINDOWS\Logs\MeasuredBoot\0000000013-0000000000.json for detailed information on what checks were made."
"9/9/2026 4:45:22 AM","1041","Information","Microsoft-Windows-TPM-WMI","CRASHLAB-01","Pre-attestation health check detailed information: {""Version"":1,""HealthStatus"":""Cannot be attested"",""Required"":[{""Field"":""TpmPresent"",""Value"":true,""DesiredValue"":true},{""Field"":""TpmMeetsMinimumVersion"",""Value"":true,""DesiredValue"":true},{""Field"":""TpmIsResponsive"",""Value"":true,""DesiredValue"":true},{""Field"":""EkCertIsAvailable"",""Value"":false,""DesiredValue"":true},{""Field"":""TcgLogFound"",""Value"":true,""DesiredValue"":true}],""Expected"":[{""Field"":""PcrsMatchTcgLog"",""Value"":true,""DesiredValue"":true}],""Informational"":[{""Field"":""SecureBootEnabled"",""ValueFromComputer"":false,""ValueFromTcgLog"":false,""DesiredValue"":true,""TcgValueIsVerifiable"":true},{""Field"":""VirtualSecureMemory"",""ValueFromComputer"":false,""ValueFromTcgLog"":false,""DesiredValue"":true,""TcgValueIsVerifiable"":true},{""Field"":""SecureCorePCCompliant"",""ValueFromComputer"":false,""ValueFromTcgLog"":false,""DesiredValue"":true,""TcgValueIsVerifiable"":true}{""Field"":""BootTcgLogFoundInFileSystem"",""Value"":true,""DesiredValue"":true},{""Field"":""CurrentTcgLogFoundInFileSystem"",""Value"":true,""DesiredValue"":true}]}"
"9/9/2026 4:45:20 AM","112","Information","Microsoft-Windows-HttpService","CRASHLAB-01","Attempted to reserve URL http://+:10246/MDEServer/. Status 0x0. Process Id 0x4 Executable path , User S-1-5-18"
"9/9/2026 4:45:20 AM","112","Information","Microsoft-Windows-HttpService","CRASHLAB-01","Attempted to reserve URL http://+:10247/apps/. Status 0x0. Process Id 0x4 Executable path , User S-1-5-18"
"9/9/2026 4:45:20 AM","112","Information","Microsoft-Windows-HttpService","CRASHLAB-01","Attempted to reserve URL http://+:10243/WMPNSSv4/. Status 0x0. Process Id 0x4 Executable path , User S-1-5-18"
"9/9/2026 4:45:20 AM","112","Information","Microsoft-Windows-HttpService","CRASHLAB-01","Attempted to reserve URL https://+:10245/WMPNSSv4/. Status 0x0. Process Id 0x4 Executable path , User S-1-5-18"
"9/9/2026 4:45:20 AM","112","Information","Microsoft-Windows-HttpService","CRASHLAB-01","Attempted to reserve URL http://+:80/116B50EB-ECE2-41ac-8429-9F9E963361B7/. Status 0x0. Process Id 0x4 Executable path , User S-1-5-18"
"9/9/2026 4:45:20 AM","112","Information","Microsoft-Windows-HttpService","CRASHLAB-01","Attempted to reserve URL https://+:443/C574AC30-5794-4AEE-B1BB-6651C5315029/. Status 0x0. Process Id 0x4 Executable path , User S-1-5-18"
"9/9/2026 4:45:20 AM","112","Information","Microsoft-Windows-HttpService","CRASHLAB-01","Attempted to reserve URL http://+:80/0131501b-d67f-491b-9a40-c4bf27bcb4d4/. Status 0x0. Process Id 0x4 Executable path , User S-1-5-18"
"9/9/2026 4:45:20 AM","112","Information","Microsoft-Windows-HttpService","CRASHLAB-01","Attempted to reserve URL https://+:443/sra_{BA195980-CD49-458b-9E23-C84EE0ADCD75}/. Status 0x0. Process Id 0x4 Executable path , User S-1-5-18"
"9/9/2026 4:45:20 AM","112","Information","Microsoft-Windows-HttpService","CRASHLAB-01","Attempted to reserve URL https://+:3392/rdp/. Status 0x0. Process Id 0x4 Executable path , User S-1-5-18"
"9/9/2026 4:45:20 AM","112","Information","Microsoft-Windows-HttpService","CRASHLAB-01","Attempted to reserve URL http://+:5985/wsman/. Status 0x0. Process Id 0x4 Executable path , User S-1-5-18"
"9/9/2026 4:45:20 AM","112","Information","Microsoft-Windows-HttpService","CRASHLAB-01","Attempted to reserve URL http://+:47001/wsman/. Status 0x0. Process Id 0x4 Executable path , User S-1-5-18"
"9/9/2026 4:45:20 AM","112","Information","Microsoft-Windows-HttpService","CRASHLAB-01","Attempted to reserve URL https://+:5986/wsman/. Status 0x0. Process Id 0x4 Executable path , User S-1-5-18"
"9/9/2026 4:45:20 AM","112","Information","Microsoft-Windows-HttpService","CRASHLAB-01","Attempted to reserve URL http://*:2869/. Status 0x0. Process Id 0x4 Executable path , User S-1-5-18"
"9/9/2026 4:45:20 AM","112","Information","Microsoft-Windows-HttpService","CRASHLAB-01","Attempted to reserve URL https://*:5358/. Status 0x0. Process Id 0x4 Executable path , User S-1-5-18"
"9/9/2026 4:45:20 AM","112","Information","Microsoft-Windows-HttpService","CRASHLAB-01","Attempted to reserve URL http://+:80/Temporary_Listen_Addresses/. Status 0x0. Process Id 0x4 Executable path , User S-1-5-18"
"9/9/2026 4:45:20 AM","112","Information","Microsoft-Windows-HttpService","CRASHLAB-01","Attempted to reserve URL http://*:5357/. Status 0x0. Process Id 0x4 Executable path , User S-1-5-18"
"9/9/2026 4:45:20 AM","51046","Information","Microsoft-Windows-DHCPv6-Client","CRASHLAB-01","DHCPv6 client service is started"
"9/9/2026 4:45:20 AM","50036","Information","Microsoft-Windows-Dhcp-Client","CRASHLAB-01","DHCPv4 client service is started"
"9/9/2026 4:45:20 AM","50103","Information","Microsoft-Windows-Dhcp-Client","CRASHLAB-01","DHCPv4 client registered for shutdown notification"
"9/9/2026 4:45:20 AM","50036","Information","Microsoft-Windows-Dhcp-Client","CRASHLAB-01","DHCPv4 client service is started"
"9/9/2026 4:45:19 AM","6","Information","Microsoft-Windows-FilterManager","CRASHLAB-01","File System Filter 'bindflt' (10.0, ‎2081‎-‎10‎-‎17T14:34:26.000000000Z) has successfully loaded and registered with Filter Manager."
"9/9/2026 4:45:19 AM","6","Information","Microsoft-Windows-FilterManager","CRASHLAB-01","File System Filter 'UCPD' (10.0, ‎2061‎-‎11‎-‎20T00:48:12.000000000Z) has successfully loaded and registered with Filter Manager."
"9/9/2026 4:45:19 AM","6","Information","Microsoft-Windows-FilterManager","CRASHLAB-01","File System Filter 'storqosflt' (10.0, ‎2016‎-‎04‎-‎28T15:00:23.000000000Z) has successfully loaded and registered with Filter Manager."
"9/9/2026 4:45:19 AM","6","Information","Microsoft-Windows-FilterManager","CRASHLAB-01","File System Filter 'UnionFS' (10.0, ‎2017‎-‎11‎-‎02T22:31:51.000000000Z) has successfully loaded and registered with Filter Manager."
"9/9/2026 4:45:19 AM","6","Information","Microsoft-Windows-FilterManager","CRASHLAB-01","File System Filter 'CldFlt' (10.0, ‎1991‎-‎05‎-‎02T13:16:55.000000000Z) has successfully loaded and registered with Filter Manager."
"9/9/2026 4:45:19 AM","1","Information","Microsoft-Windows-FilterManager","CRASHLAB-01","File System Filter 'CldFlt' (Version 10.0, ‎1991‎-‎05‎-‎02T13:16:55.000000000Z) unloaded successfully."
"9/9/2026 4:45:19 AM","6","Information","Microsoft-Windows-FilterManager","CRASHLAB-01","File System Filter 'CldFlt' (10.0, ‎1991‎-‎05‎-‎02T13:16:55.000000000Z) has successfully loaded and registered with Filter Manager."
"9/9/2026 4:45:19 AM","6","Information","Microsoft-Windows-FilterManager","CRASHLAB-01","File System Filter 'wcifs' (10.0, ‎1985‎-‎11‎-‎26T07:47:21.000000000Z) has successfully loaded and registered with Filter Manager."
"9/9/2026 4:45:19 AM","6","Information","Microsoft-Windows-FilterManager","CRASHLAB-01","File System Filter 'luafv' (10.0, ‎2057‎-‎06‎-‎14T06:55:30.000000000Z) has successfully loaded and registered with Filter Manager."
"9/9/2026 4:45:19 AM","6","Information","Microsoft-Windows-FilterManager","CRASHLAB-01","File System Filter 'bfs' (10.0, ‎2086‎-‎03‎-‎20T04:03:22.000000000Z) has successfully loaded and registered with Filter Manager."
"9/9/2026 4:45:19 AM","6","Information","Microsoft-Windows-FilterManager","CRASHLAB-01","File System Filter 'applockerfltr' (10.0, ‎2033‎-‎08‎-‎14T04:35:15.000000000Z) has successfully loaded and registered with Filter Manager."
"9/9/2026 4:45:19 AM","16983","Information","Microsoft-Windows-Directory-Services-SAM","CRASHLAB-01","The security account manager is now logging periodic summary events for remote clients that call legacy password change or set RPC methods. For more information please see https://go.microsoft.com/fwlink/?linkid=2150956."
"9/9/2026 4:45:19 AM","16977","Information","Microsoft-Windows-Directory-Services-SAM","CRASHLAB-01","The domain is configured with the following minimum password length-related settings. MinimumPasswordLength: 0 RelaxMinimumPasswordLengthLimits: 0 MinimumPasswordLengthAudit: -1 For more information see https://go.microsoft.com/fwlink/?LinkId=2097191."
"9/9/2026 4:45:19 AM","16962","Information","Microsoft-Windows-Directory-Services-SAM","CRASHLAB-01","Remote calls to the SAM database are being restricted using the default security descriptor: O:SYG:SYD:(A;;RC;;;BA). For more information please see http://go.microsoft.com/fwlink/?LinkId=787651."
"9/9/2026 4:45:18 AM","6156","Information","LsaSrv","CRASHLAB-01","Credential Guard auto enablement status. Hardware Requirements for Virtualisation Based Security: 1 Domain Joined: 0 Azure AD Joined: 0 Licensed for Credential Guard: 0 Domain Controller: 0"
"9/9/2026 4:45:18 AM","12","Information","Microsoft-Windows-Wininit","CRASHLAB-01","LSASS.exe was started as a protected process with level: 4."
"9/9/2026 4:45:18 AM","14","Information","Microsoft-Windows-Wininit","CRASHLAB-01","Credential Guard configuration: Registry Configuration: 0x0 Test Configuration: 0 Auto Enablement: 0"
"9/9/2026 4:45:18 AM","23","Information","Microsoft-Windows-Wininit","CRASHLAB-01","Boot App Anti-Rollback: Initialise Completed with status: HRESULT: The operation completed successfully. New timer needed: false New timer waiting for system update completion: false Previous latch timer exists but disabled by registry: false"
"9/9/2026 4:45:18 AM","25","Information","Microsoft-Windows-Wininit","CRASHLAB-01","Boot App Anti-Rollback: Previous timer resumed with status: HRESULT: The operation completed successfully. Previous timer present: false Start time: ‎1601‎-‎01‎-‎01T00:00:00.000000000Z Grace period: 0 Attempted recovery enforcement succeeded: false"
"9/9/2026 4:45:18 AM","19","Information","Microsoft-Windows-Wininit","CRASHLAB-01","Virtualisation Based Security new timer creation status HRESULT: The operation completed successfully. New latch timer needed: false New latch timer waiting for system update completion: false Previous latch timer exists but disabled by registry: false Policy file exists: false"
"9/9/2026 4:45:18 AM","24","Information","Microsoft-Windows-Kernel-General","CRASHLAB-01","The time zone information was refreshed with exit reason 0. Current time zone bias is 420."
"9/9/2026 4:45:18 AM","98","Information","Microsoft-Windows-Ntfs","CRASHLAB-01","Volume \\?\Volume{a6c16a98-825c-474d-aa27-6e56c6cf4e9b} (\Device\HarddiskVolume4) is healthy. No action is needed."
"9/9/2026 4:45:17 AM","55","Information","Microsoft-Windows-Kernel-Processor-Power","CRASHLAB-01","Processor 1 in group 0 exposes the following power management capabilities: Idle state type: ACPI Idle (C) States (1 state(s)) Performance state type: None Nominal Frequency (MHz): 3600 Maximum performance percentage: 100 Minimum performance percentage: 100 Minimum throttle percentage: 100"
"9/9/2026 4:45:17 AM","55","Information","Microsoft-Windows-Kernel-Processor-Power","CRASHLAB-01","Processor 0 in group 0 exposes the following power management capabilities: Idle state type: ACPI Idle (C) States (1 state(s)) Performance state type: None Nominal Frequency (MHz): 3600 Maximum performance percentage: 100 Minimum performance percentage: 100 Minimum throttle percentage: 100"
"9/9/2026 4:45:15 AM","172","Information","Microsoft-Windows-Kernel-Power","CRASHLAB-01","Connectivity state in standby: Disconnected, Reason: NIC compliance"
"9/9/2026 4:45:15 AM","41","Critical","Microsoft-Windows-Kernel-Power","CRASHLAB-01","The system has rebooted without cleanly shutting down first. This error could be caused if the system stopped responding, crashed, or lost power unexpectedly."
"9/9/2026 4:45:15 AM","6","Information","Microsoft-Windows-FilterManager","CRASHLAB-01","File System Filter 'npsvctrig' (10.0, ‎1978‎-‎05‎-‎14T02:13:30.000000000Z) has successfully loaded and registered with Filter Manager."
"9/9/2026 4:45:15 AM","6","Information","Microsoft-Windows-FilterManager","CRASHLAB-01","File System Filter 'FileCrypt' (10.0, ‎2075‎-‎08‎-‎31T15:07:07.000000000Z) has successfully loaded and registered with Filter Manager."
"9/9/2026 4:45:15 AM","98","Information","Microsoft-Windows-Ntfs","CRASHLAB-01","Volume C: (\Device\HarddiskVolume3) is healthy. No action is needed."
"9/9/2026 4:45:14 AM","6","Information","Microsoft-Windows-FilterManager","CRASHLAB-01","File System Filter 'WdFilter' (10.0, ‎2069‎-‎10‎-‎28T04:09:00.000000000Z) has successfully loaded and registered with Filter Manager."
"9/9/2026 4:45:14 AM","6","Information","Microsoft-Windows-FilterManager","CRASHLAB-01","File System Filter 'Wof' (10.0, ‎2089‎-‎07‎-‎14T19:58:05.000000000Z) has successfully loaded and registered with Filter Manager."
"9/9/2026 4:45:14 AM","6","Information","Microsoft-Windows-FilterManager","CRASHLAB-01","File System Filter 'FileInfo' (10.0, ‎2093‎-‎04‎-‎01T18:29:43.000000000Z) has successfully loaded and registered with Filter Manager."
"9/9/2026 4:45:20 AM","6013","Information","EventLog","CRASHLAB-01","The system uptime is 5 seconds."
"9/9/2026 4:45:20 AM","6005","Information","EventLog","CRASHLAB-01","The Event log service was started."
"9/9/2026 4:45:20 AM","6009","Information","EventLog","CRASHLAB-01","Microsoft (R) Windows (R) 10.00. 26200 Multiprocessor Free."
"9/9/2026 4:45:20 AM","6008","Error","EventLog","CRASHLAB-01","The previous system shutdown at 04:30:16 on ‎09/‎09/‎2026 was unexpected."
"9/9/2026 4:45:14 AM","16","Information","Microsoft-Windows-HAL","CRASHLAB-01","IOMMU fault reporting has been initialized."
"9/9/2026 4:45:14 AM","20","Information","Microsoft-Windows-Kernel-General","CRASHLAB-01","The leap second configuration has been updated. Reason: Leap second data initialized from registry during boot Leap seconds enabled: true New leap second count: 0 Old leap second count: 0"
"9/9/2026 4:45:14 AM","32","Information","Microsoft-Windows-Kernel-Boot","CRASHLAB-01","The bootmgr spent 0 ms waiting for user input."
"9/9/2026 4:45:14 AM","18","Information","Microsoft-Windows-Kernel-Boot","CRASHLAB-01","There are 0x1 boot options on this system."
"9/9/2026 4:45:14 AM","27","Information","Microsoft-Windows-Kernel-Boot","CRASHLAB-01","The boot type was 0x0."
"9/9/2026 4:45:14 AM","25","Information","Microsoft-Windows-Kernel-Boot","CRASHLAB-01","The boot menu policy was 0x1."
"9/9/2026 4:45:14 AM","238","Information","Microsoft-Windows-Kernel-Boot","CRASHLAB-01","EFI time zone bias: 2047. Daylight flags: 0. Firmware time: ‎2026‎-‎09‎-‎09T04:45:13.000000000Z."
"9/9/2026 4:45:14 AM","247","Information","Microsoft-Windows-Kernel-Boot","CRASHLAB-01","Unable to load Pluton-Windows firmware. StatusCode: STATUS_SUCCESS, Reason: Failed to apply firmware."
"9/9/2026 4:45:14 AM","20","Information","Microsoft-Windows-Kernel-Boot","CRASHLAB-01","The last shutdown's success status was false. The last boot's success status was true."
"9/9/2026 4:45:14 AM","153","Information","Microsoft-Windows-Kernel-Boot","CRASHLAB-01","Virtualization-based security (policies: 0) is disabled."
"9/9/2026 4:45:14 AM","25","Information","Microsoft-Windows-Kernel-General","CRASHLAB-01","The system time was initialized to ‎2026‎-‎09‎-‎09T11:45:14.500000000Z. Loader time: ‎2026‎-‎09‎-‎09T11:45:13.000000000Z Internal boot flags: 0x2 HAL RTC error code: 0x0 RTC time is in UTC: false Soft boot: false Success: true Phase: 0"
"9/9/2026 4:45:14 AM","12","Information","Microsoft-Windows-Kernel-General","CRASHLAB-01","The operating system started at system time ‎2026‎-‎09‎-‎09T11:45:14.500000000Z."
"9/9/2026 4:44:00 AM","7023","Error","Service Control Manager","CRASHLAB-01","The Microsoft Account Sign-in Assistant service terminated with the following error: An internal error occurred."
"9/9/2026 4:43:18 AM","7031","Error","Service Control Manager","CRASHLAB-01","The Connected User Experiences and Telemetry service terminated unexpectedly. It has done this 1 time(s). The following corrective action will be taken in 30000 milliseconds: Restart the service."
"9/9/2026 4:39:13 AM","26","Information","Application Popup","CRASHLAB-01","Application pop-up: Windows - Out of Virtual Memory : Your system is low on virtual memory. To ensure that Windows runs properly, increase the size of your virtual memory paging file. For more information, see Help."
"9/9/2026 4:35:17 AM","1796","Error","Microsoft-Windows-TPM-WMI","CRASHLAB-01","The Secure Boot update failed to update SBAT with error Secure Boot is not enabled on this machine.. For more information, please see https://go.microsoft.com/fwlink/?linkid=2169931"
"9/9/2026 4:35:17 AM","1796","Error","Microsoft-Windows-TPM-WMI","CRASHLAB-01","The Secure Boot update failed to update DBX with error Secure Boot is not enabled on this machine.. For more information, please see https://go.microsoft.com/fwlink/?linkid=2169931"
"9/9/2026 4:35:17 AM","1801","Error","Microsoft-Windows-TPM-WMI","CRASHLAB-01","Updated Secure Boot certificates are available on this device but have not yet been applied to the firmware. Review the published guidance to complete the update and maintain full protection. This device signature information is included here. DeviceAttributes: BaseBoardManufacturer:Oracle Corporation;FirmwareManufacturer:innotek GmbH;FirmwareVersion:VirtualBox;OEMModelNumber:VirtualBox;OEMModelBaseBoard:VirtualBox;OEMModelSystemFamily:Virtual Machine;OEMManufacturerName:innotek GmbH;OEMModelSKU:;OSArchitecture:amd64; BucketId: 3d18f3d936113b0527c53aae6bd2aa89263a978345beb2b2db4869ced83c6d0a BucketConfidenceLevel: No Data Observed - Action Required UpdateType: For more information, please see https://go.microsoft.com/fwlink/?linkid=2301018."
"9/9/2026 4:35:16 AM","566","Information","Microsoft-Windows-Kernel-Power","CRASHLAB-01","The system session has transitioned from 0 to 1. Reason SessionUnlock BootId: 12"
"9/9/2026 4:34:31 AM","7040","Information","Service Control Manager","CRASHLAB-01","The start type of the Background Intelligent Transfer Service service was changed from auto start to demand start."
"9/9/2026 4:32:30 AM","10016","Warning","Microsoft-Windows-DistributedCOM","CRASHLAB-01","The application-specific permission settings do not grant Local Launch permission for the COM Server application with CLSID Windows.SecurityCenter.WscDataProtection and APPID Unavailable to the user NT AUTHORITY\SYSTEM SID (S-1-5-18) from address LocalHost (Using LRPC) running in the application container Unavailable SID (Unavailable). This security permission can be modified using the Component Services administrative tool."
"9/9/2026 4:30:59 AM","7040","Information","Service Control Manager","CRASHLAB-01","The start type of the Microsoft WdAiNisDrv Driver service was changed from demand start to disabled."
"9/9/2026 4:30:59 AM","7045","Information","Service Control Manager","CRASHLAB-01","A service was installed in the system. Service Name: Microsoft WdAiNisDrv Driver Service File Name: system32\drivers\wd\WdAiNisDrv.sys Service Type: kernel mode driver Service Start Type: demand start Service Account:"
"9/9/2026 4:30:53 AM","7045","Information","Service Control Manager","CRASHLAB-01","A service was installed in the system. Service Name: KslD Service File Name: system32\drivers\KslD.sys Service Type: kernel mode driver Service Start Type: demand start Service Account:"
"9/9/2026 4:30:53 AM","6","Information","Microsoft-Windows-FilterManager","CRASHLAB-01","File System Filter 'WdFilter' (10.0, ‎2069‎-‎10‎-‎28T04:09:00.000000000Z) has successfully loaded and registered with Filter Manager."
"9/9/2026 4:30:52 AM","7045","Information","Service Control Manager","CRASHLAB-01","A service was installed in the system. Service Name: Microsoft Defender Core Service Service File Name: ""C:\ProgramData\Microsoft\Windows Defender\Platform\4.18.26080.3-0\MpDefenderCoreService.exe"" Service Type: user mode service Service Start Type: auto start Service Account: LocalSystem"
"9/9/2026 4:30:47 AM","1","Information","Microsoft-Windows-FilterManager","CRASHLAB-01","File System Filter 'WdFilter' (Version 10.0, ‎2028‎-‎06‎-‎06T02:57:32.000000000Z) unloaded successfully."
"9/9/2026 4:30:47 AM","10016","Warning","Microsoft-Windows-DistributedCOM","CRASHLAB-01","The application-specific permission settings do not grant Local Launch permission for the COM Server application with CLSID Windows.SecurityCenter.WscDataProtection and APPID Unavailable to the user NT AUTHORITY\SYSTEM SID (S-1-5-18) from address LocalHost (Using LRPC) running in the application container Unavailable SID (Unavailable). This security permission can be modified using the Component Services administrative tool."
"9/9/2026 4:30:26 AM","1025","Information","Microsoft-Windows-TPM-WMI","CRASHLAB-01","The TPM was successfully provisioned and is now ready for use."
"9/9/2026 4:30:26 AM","1282","Information","Microsoft-Windows-TPM-WMI","CRASHLAB-01","The TBS device identifier has been generated."
"9/9/2026 4:30:22 AM","18","Information","TPM","CRASHLAB-01","This event triggers the Trusted Platform Module (TPM) provisioning/status check to run."
"9/9/2026 4:30:19 AM","7026","Information","Service Control Manager","CRASHLAB-01","The following boot-start or system-start driver(s) did not load: dam uiomap"
"9/9/2026 4:30:19 AM","1040","Error","Microsoft-Windows-TPM-WMI","CRASHLAB-01","Pre-attestation health checks confirm a critical component has failed, and the device is not expected to pass attestation. Please see C:\WINDOWS\Logs\MeasuredBoot\0000000012-0000000000.json for detailed information on what checks were made."
"9/9/2026 4:30:19 AM","1041","Information","Microsoft-Windows-TPM-WMI","CRASHLAB-01","Pre-attestation health check detailed information: {""Version"":1,""HealthStatus"":""Cannot be attested"",""Required"":[{""Field"":""TpmPresent"",""Value"":true,""DesiredValue"":true},{""Field"":""TpmMeetsMinimumVersion"",""Value"":true,""DesiredValue"":true},{""Field"":""TpmIsResponsive"",""Value"":true,""DesiredValue"":true},{""Field"":""EkCertIsAvailable"",""Value"":false,""DesiredValue"":true},{""Field"":""TcgLogFound"",""Value"":true,""DesiredValue"":true}],""Expected"":[{""Field"":""PcrsMatchTcgLog"",""Value"":true,""DesiredValue"":true}],""Informational"":[{""Field"":""SecureBootEnabled"",""ValueFromComputer"":false,""ValueFromTcgLog"":false,""DesiredValue"":true,""TcgValueIsVerifiable"":true},{""Field"":""VirtualSecureMemory"",""ValueFromComputer"":false,""ValueFromTcgLog"":false,""DesiredValue"":true,""TcgValueIsVerifiable"":true},{""Field"":""SecureCorePCCompliant"",""ValueFromComputer"":false,""ValueFromTcgLog"":false,""DesiredValue"":true,""TcgValueIsVerifiable"":true}{""Field"":""BootTcgLogFoundInFileSystem"",""Value"":true,""DesiredValue"":true},{""Field"":""CurrentTcgLogFoundInFileSystem"",""Value"":true,""DesiredValue"":true}]}"
"9/9/2026 4:30:16 AM","112","Information","Microsoft-Windows-HttpService","CRASHLAB-01","Attempted to reserve URL http://+:10246/MDEServer/. Status 0x0. Process Id 0x4 Executable path , User S-1-5-18"
"9/9/2026 4:30:16 AM","112","Information","Microsoft-Windows-HttpService","CRASHLAB-01","Attempted to reserve URL http://+:10247/apps/. Status 0x0. Process Id 0x4 Executable path , User S-1-5-18"
"9/9/2026 4:30:16 AM","112","Information","Microsoft-Windows-HttpService","CRASHLAB-01","Attempted to reserve URL http://+:10243/WMPNSSv4/. Status 0x0. Process Id 0x4 Executable path , User S-1-5-18"
"9/9/2026 4:30:16 AM","112","Information","Microsoft-Windows-HttpService","CRASHLAB-01","Attempted to reserve URL https://+:10245/WMPNSSv4/. Status 0x0. Process Id 0x4 Executable path , User S-1-5-18"
"9/9/2026 4:30:16 AM","112","Information","Microsoft-Windows-HttpService","CRASHLAB-01","Attempted to reserve URL http://+:80/116B50EB-ECE2-41ac-8429-9F9E963361B7/. Status 0x0. Process Id 0x4 Executable path , User S-1-5-18"
"9/9/2026 4:30:16 AM","112","Information","Microsoft-Windows-HttpService","CRASHLAB-01","Attempted to reserve URL https://+:443/C574AC30-5794-4AEE-B1BB-6651C5315029/. Status 0x0. Process Id 0x4 Executable path , User S-1-5-18"
"9/9/2026 4:30:16 AM","112","Information","Microsoft-Windows-HttpService","CRASHLAB-01","Attempted to reserve URL http://+:80/0131501b-d67f-491b-9a40-c4bf27bcb4d4/. Status 0x0. Process Id 0x4 Executable path , User S-1-5-18"
"9/9/2026 4:30:16 AM","112","Information","Microsoft-Windows-HttpService","CRASHLAB-01","Attempted to reserve URL https://+:443/sra_{BA195980-CD49-458b-9E23-C84EE0ADCD75}/. Status 0x0. Process Id 0x4 Executable path , User S-1-5-18"
"9/9/2026 4:30:16 AM","112","Information","Microsoft-Windows-HttpService","CRASHLAB-01","Attempted to reserve URL https://+:3392/rdp/. Status 0x0. Process Id 0x4 Executable path , User S-1-5-18"
"9/9/2026 4:30:16 AM","112","Information","Microsoft-Windows-HttpService","CRASHLAB-01","Attempted to reserve URL http://+:5985/wsman/. Status 0x0. Process Id 0x4 Executable path , User S-1-5-18"
"9/9/2026 4:30:16 AM","112","Information","Microsoft-Windows-HttpService","CRASHLAB-01","Attempted to reserve URL http://+:47001/wsman/. Status 0x0. Process Id 0x4 Executable path , User S-1-5-18"
"9/9/2026 4:30:16 AM","112","Information","Microsoft-Windows-HttpService","CRASHLAB-01","Attempted to reserve URL https://+:5986/wsman/. Status 0x0. Process Id 0x4 Executable path , User S-1-5-18"
"9/9/2026 4:30:16 AM","112","Information","Microsoft-Windows-HttpService","CRASHLAB-01","Attempted to reserve URL http://*:2869/. Status 0x0. Process Id 0x4 Executable path , User S-1-5-18"
"9/9/2026 4:30:16 AM","112","Information","Microsoft-Windows-HttpService","CRASHLAB-01","Attempted to reserve URL https://*:5358/. Status 0x0. Process Id 0x4 Executable path , User S-1-5-18"
"9/9/2026 4:30:16 AM","112","Information","Microsoft-Windows-HttpService","CRASHLAB-01","Attempted to reserve URL http://+:80/Temporary_Listen_Addresses/. Status 0x0. Process Id 0x4 Executable path , User S-1-5-18"
"9/9/2026 4:30:16 AM","112","Information","Microsoft-Windows-HttpService","CRASHLAB-01","Attempted to reserve URL http://*:5357/. Status 0x0. Process Id 0x4 Executable path , User S-1-5-18"
"9/9/2026 4:30:16 AM","51046","Information","Microsoft-Windows-DHCPv6-Client","CRASHLAB-01","DHCPv6 client service is started"
"9/9/2026 4:30:16 AM","50036","Information","Microsoft-Windows-Dhcp-Client","CRASHLAB-01","DHCPv4 client service is started"
"9/9/2026 4:30:16 AM","50103","Information","Microsoft-Windows-Dhcp-Client","CRASHLAB-01","DHCPv4 client registered for shutdown notification"
"9/9/2026 4:30:16 AM","50036","Information","Microsoft-Windows-Dhcp-Client","CRASHLAB-01","DHCPv4 client service is started"
"9/9/2026 4:30:16 AM","6","Information","Microsoft-Windows-FilterManager","CRASHLAB-01","File System Filter 'bindflt' (10.0, ‎2081‎-‎10‎-‎17T14:34:26.000000000Z) has successfully loaded and registered with Filter Manager."
"9/9/2026 4:30:16 AM","6","Information","Microsoft-Windows-FilterManager","CRASHLAB-01","File System Filter 'UCPD' (10.0, ‎2061‎-‎11‎-‎20T00:48:12.000000000Z) has successfully loaded and registered with Filter Manager."
"9/9/2026 4:30:16 AM","6","Information","Microsoft-Windows-FilterManager","CRASHLAB-01","File System Filter 'storqosflt' (10.0, ‎2016‎-‎04‎-‎28T15:00:23.000000000Z) has successfully loaded and registered with Filter Manager."
"9/9/2026 4:30:16 AM","6","Information","Microsoft-Windows-FilterManager","CRASHLAB-01","File System Filter 'CldFlt' (10.0, ‎1991‎-‎05‎-‎02T13:16:55.000000000Z) has successfully loaded and registered with Filter Manager."
"9/9/2026 4:30:16 AM","1","Information","Microsoft-Windows-FilterManager","CRASHLAB-01","File System Filter 'CldFlt' (Version 10.0, ‎1991‎-‎05‎-‎02T13:16:55.000000000Z) unloaded successfully."
"9/9/2026 4:30:16 AM","6","Information","Microsoft-Windows-FilterManager","CRASHLAB-01","File System Filter 'CldFlt' (10.0, ‎1991‎-‎05‎-‎02T13:16:55.000000000Z) has successfully loaded and registered with Filter Manager."
"9/9/2026 4:30:16 AM","6","Information","Microsoft-Windows-FilterManager","CRASHLAB-01","File System Filter 'UnionFS' (10.0, ‎2017‎-‎11‎-‎02T22:31:51.000000000Z) has successfully loaded and registered with Filter Manager."
"9/9/2026 4:30:16 AM","6","Information","Microsoft-Windows-FilterManager","CRASHLAB-01","File System Filter 'wcifs' (10.0, ‎1985‎-‎11‎-‎26T07:47:21.000000000Z) has successfully loaded and registered with Filter Manager."
"9/9/2026 4:30:16 AM","6","Information","Microsoft-Windows-FilterManager","CRASHLAB-01","File System Filter 'luafv' (10.0, ‎2057‎-‎06‎-‎14T06:55:30.000000000Z) has successfully loaded and registered with Filter Manager."
"9/9/2026 4:30:16 AM","6","Information","Microsoft-Windows-FilterManager","CRASHLAB-01","File System Filter 'bfs' (10.0, ‎2086‎-‎03‎-‎20T04:03:22.000000000Z) has successfully loaded and registered with Filter Manager."
"9/9/2026 4:30:16 AM","6","Information","Microsoft-Windows-FilterManager","CRASHLAB-01","File System Filter 'applockerfltr' (10.0, ‎2033‎-‎08‎-‎14T04:35:15.000000000Z) has successfully loaded and registered with Filter Manager."
"9/9/2026 4:30:15 AM","16983","Information","Microsoft-Windows-Directory-Services-SAM","CRASHLAB-01","The security account manager is now logging periodic summary events for remote clients that call legacy password change or set RPC methods. For more information please see https://go.microsoft.com/fwlink/?linkid=2150956."
"9/9/2026 4:30:15 AM","16977","Information","Microsoft-Windows-Directory-Services-SAM","CRASHLAB-01","The domain is configured with the following minimum password length-related settings. MinimumPasswordLength: 0 RelaxMinimumPasswordLengthLimits: 0 MinimumPasswordLengthAudit: -1 For more information see https://go.microsoft.com/fwlink/?LinkId=2097191."
"9/9/2026 4:30:15 AM","16962","Information","Microsoft-Windows-Directory-Services-SAM","CRASHLAB-01","Remote calls to the SAM database are being restricted using the default security descriptor: O:SYG:SYD:(A;;RC;;;BA). For more information please see http://go.microsoft.com/fwlink/?LinkId=787651."
"9/9/2026 4:30:15 AM","6156","Information","LsaSrv","CRASHLAB-01","Credential Guard auto enablement status. Hardware Requirements for Virtualisation Based Security: 1 Domain Joined: 0 Azure AD Joined: 0 Licensed for Credential Guard: 0 Domain Controller: 0"
"9/9/2026 4:30:15 AM","12","Information","Microsoft-Windows-Wininit","CRASHLAB-01","LSASS.exe was started as a protected process with level: 4."
"9/9/2026 4:30:15 AM","14","Information","Microsoft-Windows-Wininit","CRASHLAB-01","Credential Guard configuration: Registry Configuration: 0x0 Test Configuration: 0 Auto Enablement: 0"
"9/9/2026 4:30:15 AM","23","Information","Microsoft-Windows-Wininit","CRASHLAB-01","Boot App Anti-Rollback: Initialise Completed with status: HRESULT: The operation completed successfully. New timer needed: false New timer waiting for system update completion: false Previous latch timer exists but disabled by registry: false"
"9/9/2026 4:30:15 AM","25","Information","Microsoft-Windows-Wininit","CRASHLAB-01","Boot App Anti-Rollback: Previous timer resumed with status: HRESULT: The operation completed successfully. Previous timer present: false Start time: ‎1601‎-‎01‎-‎01T00:00:00.000000000Z Grace period: 0 Attempted recovery enforcement succeeded: false"
"9/9/2026 4:30:15 AM","19","Information","Microsoft-Windows-Wininit","CRASHLAB-01","Virtualisation Based Security new timer creation status HRESULT: The operation completed successfully. New latch timer needed: false New latch timer waiting for system update completion: false Previous latch timer exists but disabled by registry: false Policy file exists: false"
"9/9/2026 4:30:15 AM","24","Information","Microsoft-Windows-Kernel-General","CRASHLAB-01","The time zone information was refreshed with exit reason 0. Current time zone bias is 420."
"9/9/2026 4:30:15 AM","98","Information","Microsoft-Windows-Ntfs","CRASHLAB-01","Volume \\?\Volume{a6c16a98-825c-474d-aa27-6e56c6cf4e9b} (\Device\HarddiskVolume4) is healthy. No action is needed."
"9/9/2026 4:30:12 AM","55","Information","Microsoft-Windows-Kernel-Processor-Power","CRASHLAB-01","Processor 1 in group 0 exposes the following power management capabilities: Idle state type: ACPI Idle (C) States (1 state(s)) Performance state type: None Nominal Frequency (MHz): 3600 Maximum performance percentage: 100 Minimum performance percentage: 100 Minimum throttle percentage: 100"
"9/9/2026 4:30:12 AM","55","Information","Microsoft-Windows-Kernel-Processor-Power","CRASHLAB-01","Processor 0 in group 0 exposes the following power management capabilities: Idle state type: ACPI Idle (C) States (1 state(s)) Performance state type: None Nominal Frequency (MHz): 3600 Maximum performance percentage: 100 Minimum performance percentage: 100 Minimum throttle percentage: 100"
"9/9/2026 4:30:12 AM","172","Information","Microsoft-Windows-Kernel-Power","CRASHLAB-01","Connectivity state in standby: Disconnected, Reason: NIC compliance"
"9/9/2026 4:30:12 AM","6","Information","Microsoft-Windows-FilterManager","CRASHLAB-01","File System Filter 'npsvctrig' (10.0, ‎1978‎-‎05‎-‎14T02:13:30.000000000Z) has successfully loaded and registered with Filter Manager."
"9/9/2026 4:30:12 AM","6","Information","Microsoft-Windows-FilterManager","CRASHLAB-01","File System Filter 'FileCrypt' (10.0, ‎2075‎-‎08‎-‎31T15:07:07.000000000Z) has successfully loaded and registered with Filter Manager."
"9/9/2026 4:30:12 AM","98","Information","Microsoft-Windows-Ntfs","CRASHLAB-01","Volume C: (\Device\HarddiskVolume3) is healthy. No action is needed."
"9/9/2026 4:30:11 AM","6","Information","Microsoft-Windows-FilterManager","CRASHLAB-01","File System Filter 'WdFilter' (10.0, ‎2028‎-‎06‎-‎06T02:57:32.000000000Z) has successfully loaded and registered with Filter Manager."
"9/9/2026 4:30:11 AM","6","Information","Microsoft-Windows-FilterManager","CRASHLAB-01","File System Filter 'Wof' (10.0, ‎2089‎-‎07‎-‎14T19:58:05.000000000Z) has successfully loaded and registered with Filter Manager."
"9/9/2026 4:30:11 AM","6","Information","Microsoft-Windows-FilterManager","CRASHLAB-01","File System Filter 'FileInfo' (10.0, ‎2093‎-‎04‎-‎01T18:29:43.000000000Z) has successfully loaded and registered with Filter Manager."
"9/9/2026 4:30:11 AM","16","Information","Microsoft-Windows-HAL","CRASHLAB-01","IOMMU fault reporting has been initialized."
"9/9/2026 4:30:11 AM","20","Information","Microsoft-Windows-Kernel-General","CRASHLAB-01","The leap second configuration has been updated. Reason: Leap second data initialized from registry during boot Leap seconds enabled: true New leap second count: 0 Old leap second count: 0"
"9/9/2026 4:30:11 AM","32","Information","Microsoft-Windows-Kernel-Boot","CRASHLAB-01","The bootmgr spent 0 ms waiting for user input."
"9/9/2026 4:30:11 AM","18","Information","Microsoft-Windows-Kernel-Boot","CRASHLAB-01","There are 0x1 boot options on this system."
"9/9/2026 4:30:11 AM","27","Information","Microsoft-Windows-Kernel-Boot","CRASHLAB-01","The boot type was 0x0."
"9/9/2026 4:30:11 AM","25","Information","Microsoft-Windows-Kernel-Boot","CRASHLAB-01","The boot menu policy was 0x1."
"9/9/2026 4:30:11 AM","238","Information","Microsoft-Windows-Kernel-Boot","CRASHLAB-01","EFI time zone bias: 2047. Daylight flags: 0. Firmware time: ‎2026‎-‎09‎-‎09T04:30:11.000000000Z."
"9/9/2026 4:30:11 AM","247","Information","Microsoft-Windows-Kernel-Boot","CRASHLAB-01","Unable to load Pluton-Windows firmware. StatusCode: STATUS_SUCCESS, Reason: Failed to apply firmware."
"9/9/2026 4:30:11 AM","20","Information","Microsoft-Windows-Kernel-Boot","CRASHLAB-01","The last shutdown's success status was true. The last boot's success status was true."
"9/9/2026 4:30:11 AM","153","Information","Microsoft-Windows-Kernel-Boot","CRASHLAB-01","Virtualization-based security (policies: 0) is disabled."
"9/9/2026 4:30:11 AM","25","Information","Microsoft-Windows-Kernel-General","CRASHLAB-01","The system time was initialized to ‎2026‎-‎09‎-‎09T11:30:11.500000000Z. Loader time: ‎2026‎-‎09‎-‎09T11:30:11.000000000Z Internal boot flags: 0x2 HAL RTC error code: 0x0 RTC time is in UTC: false Soft boot: false Success: true Phase: 0"
"9/9/2026 4:30:11 AM","12","Information","Microsoft-Windows-Kernel-General","CRASHLAB-01","The operating system started at system time ‎2026‎-‎09‎-‎09T11:30:11.500000000Z."
"9/8/2026 6:18:05 PM","13","Information","Microsoft-Windows-Kernel-General","CRASHLAB-01","The operating system is shutting down at system time ‎2026‎-‎09‎-‎09T01:18:05.325485300Z."
"9/8/2026 6:18:05 PM","577","Information","Microsoft-Windows-Kernel-Power","CRASHLAB-01","The system has prepared for a system initiated reboot from Active."
"9/8/2026 6:18:04 PM","109","Information","Microsoft-Windows-Kernel-Power","CRASHLAB-01","The kernel power manager has initiated a shutdown transition. Action: Power Action Shutdown Event Code: 0x0 Reason: Kernel API"
"9/9/2026 4:30:16 AM","6013","Information","EventLog","CRASHLAB-01","The system uptime is 5 seconds."
"9/9/2026 4:30:16 AM","6005","Information","EventLog","CRASHLAB-01","The Event log service was started."
"9/9/2026 4:30:16 AM","6009","Information","EventLog","CRASHLAB-01","Microsoft (R) Windows (R) 10.00. 26200 Multiprocessor Free."
"9/8/2026 6:18:04 PM","50037","Information","Microsoft-Windows-Dhcp-Client","CRASHLAB-01","DHCPv4 client service is stopped. ShutDown Flag value is 1"
"9/8/2026 6:18:04 PM","51057","Information","Microsoft-Windows-DHCPv6-Client","CRASHLAB-01","DHCPv6 client service stop is almost done.DHCP Context Ref count is 1"
"9/8/2026 6:18:04 PM","51047","Information","Microsoft-Windows-DHCPv6-Client","CRASHLAB-01","DHCPv6 client service is stopped. ShutDown Flag value is 1"
"9/8/2026 6:18:04 PM","50106","Information","Microsoft-Windows-Dhcp-Client","CRASHLAB-01","DHCPv4 is waiting on DHCPv6 service to stop"
"9/8/2026 6:18:04 PM","50105","Information","Microsoft-Windows-Dhcp-Client","CRASHLAB-01","DHCPv4 client ProcessDHCPRequestForever received TERMINATE_EVENT"
"9/8/2026 6:18:04 PM","50104","Information","Microsoft-Windows-Dhcp-Client","CRASHLAB-01","DHCPv4 client received shutdown notification"
"9/8/2026 6:18:03 PM","7002","Information","Microsoft-Windows-Winlogon","CRASHLAB-01","User Log-off Notification for Customer Experience Improvement Program"
"9/8/2026 6:18:04 PM","6006","Information","EventLog","CRASHLAB-01","The Event log service was stopped."
"9/8/2026 6:18:02 PM","10010","Error","Microsoft-Windows-DistributedCOM","CRASHLAB-01","The server {544C4C52-DE0B-4D14-9510-21745381D5CA} did not register with DCOM within the required timeout."
"9/8/2026 6:18:01 PM","1074","Information","User32","CRASHLAB-01","The process C:\WINDOWS\system32\wbem\wmiprvse.exe (CRASHLAB-01) has initiated the shutdown of computer CRASHLAB-01 on behalf of user CRASHLAB-01\CRASHLAB-GOLDEN for the following reason: No title for this reason could be found Reason Code: 0x80070015 Shut-down Type: shutdown Comment:"
"9/8/2026 6:17:21 PM","10010","Error","Microsoft-Windows-DistributedCOM","CRASHLAB-01","The server {A7451292-7906-414C-BB7B-DFD32C749E5C} did not register with DCOM within the required timeout."
"9/8/2026 6:17:14 PM","7001","Information","Microsoft-Windows-Winlogon","CRASHLAB-01","User Log-on Notification for Customer Experience Improvement Program"
"9/8/2026 6:16:55 PM","1025","Information","Microsoft-Windows-TPM-WMI","CRASHLAB-01","The TPM was successfully provisioned and is now ready for use."
"9/8/2026 6:16:55 PM","1282","Information","Microsoft-Windows-TPM-WMI","CRASHLAB-01","The TBS device identifier has been generated."
"9/8/2026 6:16:50 PM","18","Information","TPM","CRASHLAB-01","This event triggers the Trusted Platform Module (TPM) provisioning/status check to run."
"9/8/2026 6:16:49 PM","7026","Information","Service Control Manager","CRASHLAB-01","The following boot-start or system-start driver(s) did not load: dam uiomap"
"9/8/2026 6:16:48 PM","1040","Error","Microsoft-Windows-TPM-WMI","CRASHLAB-01","Pre-attestation health checks confirm a critical component has failed, and the device is not expected to pass attestation. Please see C:\WINDOWS\Logs\MeasuredBoot\0000000011-0000000000.json for detailed information on what checks were made."
"9/8/2026 6:16:48 PM","1041","Information","Microsoft-Windows-TPM-WMI","CRASHLAB-01","Pre-attestation health check detailed information: {""Version"":1,""HealthStatus"":""Cannot be attested"",""Required"":[{""Field"":""TpmPresent"",""Value"":true,""DesiredValue"":true},{""Field"":""TpmMeetsMinimumVersion"",""Value"":true,""DesiredValue"":true},{""Field"":""TpmIsResponsive"",""Value"":true,""DesiredValue"":true},{""Field"":""EkCertIsAvailable"",""Value"":false,""DesiredValue"":true},{""Field"":""TcgLogFound"",""Value"":true,""DesiredValue"":true}],""Expected"":[{""Field"":""PcrsMatchTcgLog"",""Value"":true,""DesiredValue"":true}],""Informational"":[{""Field"":""SecureBootEnabled"",""ValueFromComputer"":false,""ValueFromTcgLog"":false,""DesiredValue"":true,""TcgValueIsVerifiable"":true},{""Field"":""VirtualSecureMemory"",""ValueFromComputer"":false,""ValueFromTcgLog"":false,""DesiredValue"":true,""TcgValueIsVerifiable"":true},{""Field"":""SecureCorePCCompliant"",""ValueFromComputer"":false,""ValueFromTcgLog"":false,""DesiredValue"":true,""TcgValueIsVerifiable"":true}{""Field"":""BootTcgLogFoundInFileSystem"",""Value"":true,""DesiredValue"":true},{""Field"":""CurrentTcgLogFoundInFileSystem"",""Value"":true,""DesiredValue"":true}]}"
"9/8/2026 6:16:45 PM","112","Information","Microsoft-Windows-HttpService","CRASHLAB-01","Attempted to reserve URL http://+:10246/MDEServer/. Status 0x0. Process Id 0x4 Executable path , User S-1-5-18"
"9/8/2026 6:16:45 PM","112","Information","Microsoft-Windows-HttpService","CRASHLAB-01","Attempted to reserve URL http://+:10247/apps/. Status 0x0. Process Id 0x4 Executable path , User S-1-5-18"
"9/8/2026 6:16:45 PM","112","Information","Microsoft-Windows-HttpService","CRASHLAB-01","Attempted to reserve URL http://+:10243/WMPNSSv4/. Status 0x0. Process Id 0x4 Executable path , User S-1-5-18"
"9/8/2026 6:16:45 PM","112","Information","Microsoft-Windows-HttpService","CRASHLAB-01","Attempted to reserve URL https://+:10245/WMPNSSv4/. Status 0x0. Process Id 0x4 Executable path , User S-1-5-18"
"9/8/2026 6:16:45 PM","112","Information","Microsoft-Windows-HttpService","CRASHLAB-01","Attempted to reserve URL http://+:80/116B50EB-ECE2-41ac-8429-9F9E963361B7/. Status 0x0. Process Id 0x4 Executable path , User S-1-5-18"
"9/8/2026 6:16:45 PM","112","Information","Microsoft-Windows-HttpService","CRASHLAB-01","Attempted to reserve URL https://+:443/C574AC30-5794-4AEE-B1BB-6651C5315029/. Status 0x0. Process Id 0x4 Executable path , User S-1-5-18"
"9/8/2026 6:16:45 PM","112","Information","Microsoft-Windows-HttpService","CRASHLAB-01","Attempted to reserve URL http://+:80/0131501b-d67f-491b-9a40-c4bf27bcb4d4/. Status 0x0. Process Id 0x4 Executable path , User S-1-5-18"
"9/8/2026 6:16:45 PM","112","Information","Microsoft-Windows-HttpService","CRASHLAB-01","Attempted to reserve URL https://+:443/sra_{BA195980-CD49-458b-9E23-C84EE0ADCD75}/. Status 0x0. Process Id 0x4 Executable path , User S-1-5-18"
"9/8/2026 6:16:45 PM","112","Information","Microsoft-Windows-HttpService","CRASHLAB-01","Attempted to reserve URL https://+:3392/rdp/. Status 0x0. Process Id 0x4 Executable path , User S-1-5-18"
"9/8/2026 6:16:45 PM","112","Information","Microsoft-Windows-HttpService","CRASHLAB-01","Attempted to reserve URL http://+:5985/wsman/. Status 0x0. Process Id 0x4 Executable path , User S-1-5-18"
"9/8/2026 6:16:45 PM","112","Information","Microsoft-Windows-HttpService","CRASHLAB-01","Attempted to reserve URL http://+:47001/wsman/. Status 0x0. Process Id 0x4 Executable path , User S-1-5-18"
"9/8/2026 6:16:45 PM","112","Information","Microsoft-Windows-HttpService","CRASHLAB-01","Attempted to reserve URL https://+:5986/wsman/. Status 0x0. Process Id 0x4 Executable path , User S-1-5-18"
"9/8/2026 6:16:45 PM","112","Information","Microsoft-Windows-HttpService","CRASHLAB-01","Attempted to reserve URL http://*:2869/. Status 0x0. Process Id 0x4 Executable path , User S-1-5-18"
"9/8/2026 6:16:45 PM","112","Information","Microsoft-Windows-HttpService","CRASHLAB-01","Attempted to reserve URL https://*:5358/. Status 0x0. Process Id 0x4 Executable path , User S-1-5-18"
"9/8/2026 6:16:45 PM","112","Information","Microsoft-Windows-HttpService","CRASHLAB-01","Attempted to reserve URL http://+:80/Temporary_Listen_Addresses/. Status 0x0. Process Id 0x4 Executable path , User S-1-5-18"
"9/8/2026 6:16:45 PM","112","Information","Microsoft-Windows-HttpService","CRASHLAB-01","Attempted to reserve URL http://*:5357/. Status 0x0. Process Id 0x4 Executable path , User S-1-5-18"
"9/8/2026 6:16:45 PM","51046","Information","Microsoft-Windows-DHCPv6-Client","CRASHLAB-01","DHCPv6 client service is started"
"9/8/2026 6:16:45 PM","50036","Information","Microsoft-Windows-Dhcp-Client","CRASHLAB-01","DHCPv4 client service is started"
"9/8/2026 6:16:45 PM","50103","Information","Microsoft-Windows-Dhcp-Client","CRASHLAB-01","DHCPv4 client registered for shutdown notification"
"9/8/2026 6:16:45 PM","50036","Information","Microsoft-Windows-Dhcp-Client","CRASHLAB-01","DHCPv4 client service is started"
"9/8/2026 6:16:45 PM","6","Information","Microsoft-Windows-FilterManager","CRASHLAB-01","File System Filter 'bindflt' (10.0, ‎2081‎-‎10‎-‎17T14:34:26.000000000Z) has successfully loaded and registered with Filter Manager."
"9/8/2026 6:16:45 PM","6","Information","Microsoft-Windows-FilterManager","CRASHLAB-01","File System Filter 'UCPD' (10.0, ‎2061‎-‎11‎-‎20T00:48:12.000000000Z) has successfully loaded and registered with Filter Manager."
"9/8/2026 6:16:45 PM","6","Information","Microsoft-Windows-FilterManager","CRASHLAB-01","File System Filter 'storqosflt' (10.0, ‎2016‎-‎04‎-‎28T15:00:23.000000000Z) has successfully loaded and registered with Filter Manager."
"9/8/2026 6:16:45 PM","6","Information","Microsoft-Windows-FilterManager","CRASHLAB-01","File System Filter 'UnionFS' (10.0, ‎2017‎-‎11‎-‎02T22:31:51.000000000Z) has successfully loaded and registered with Filter Manager."
"9/8/2026 6:16:45 PM","6","Information","Microsoft-Windows-FilterManager","CRASHLAB-01","File System Filter 'CldFlt' (10.0, ‎1991‎-‎05‎-‎02T13:16:55.000000000Z) has successfully loaded and registered with Filter Manager."
"9/8/2026 6:16:45 PM","1","Information","Microsoft-Windows-FilterManager","CRASHLAB-01","File System Filter 'CldFlt' (Version 10.0, ‎1991‎-‎05‎-‎02T13:16:55.000000000Z) unloaded successfully."
"9/8/2026 6:16:45 PM","6","Information","Microsoft-Windows-FilterManager","CRASHLAB-01","File System Filter 'CldFlt' (10.0, ‎1991‎-‎05‎-‎02T13:16:55.000000000Z) has successfully loaded and registered with Filter Manager."
"9/8/2026 6:16:45 PM","6","Information","Microsoft-Windows-FilterManager","CRASHLAB-01","File System Filter 'wcifs' (10.0, ‎1985‎-‎11‎-‎26T07:47:21.000000000Z) has successfully loaded and registered with Filter Manager."
"9/8/2026 6:16:45 PM","6","Information","Microsoft-Windows-FilterManager","CRASHLAB-01","File System Filter 'luafv' (10.0, ‎2057‎-‎06‎-‎14T06:55:30.000000000Z) has successfully loaded and registered with Filter Manager."
"9/8/2026 6:16:45 PM","6","Information","Microsoft-Windows-FilterManager","CRASHLAB-01","File System Filter 'bfs' (10.0, ‎2086‎-‎03‎-‎20T04:03:22.000000000Z) has successfully loaded and registered with Filter Manager."
"9/8/2026 6:16:44 PM","6","Information","Microsoft-Windows-FilterManager","CRASHLAB-01","File System Filter 'applockerfltr' (10.0, ‎2033‎-‎08‎-‎14T04:35:15.000000000Z) has successfully loaded and registered with Filter Manager."
"9/8/2026 6:16:43 PM","16983","Information","Microsoft-Windows-Directory-Services-SAM","CRASHLAB-01","The security account manager is now logging periodic summary events for remote clients that call legacy password change or set RPC methods. For more information please see https://go.microsoft.com/fwlink/?linkid=2150956."
"9/8/2026 6:16:43 PM","16977","Information","Microsoft-Windows-Directory-Services-SAM","CRASHLAB-01","The domain is configured with the following minimum password length-related settings. MinimumPasswordLength: 0 RelaxMinimumPasswordLengthLimits: 0 MinimumPasswordLengthAudit: -1 For more information see https://go.microsoft.com/fwlink/?LinkId=2097191."
"9/8/2026 6:16:43 PM","16962","Information","Microsoft-Windows-Directory-Services-SAM","CRASHLAB-01","Remote calls to the SAM database are being restricted using the default security descriptor: O:SYG:SYD:(A;;RC;;;BA). For more information please see http://go.microsoft.com/fwlink/?LinkId=787651."
"9/8/2026 6:16:43 PM","6156","Information","LsaSrv","CRASHLAB-01","Credential Guard auto enablement status. Hardware Requirements for Virtualisation Based Security: 1 Domain Joined: 0 Azure AD Joined: 0 Licensed for Credential Guard: 0 Domain Controller: 0"
"9/8/2026 6:16:43 PM","12","Information","Microsoft-Windows-Wininit","CRASHLAB-01","LSASS.exe was started as a protected process with level: 4."
"9/8/2026 6:16:43 PM","14","Information","Microsoft-Windows-Wininit","CRASHLAB-01","Credential Guard configuration: Registry Configuration: 0x0 Test Configuration: 0 Auto Enablement: 0"
"9/8/2026 6:16:43 PM","23","Information","Microsoft-Windows-Wininit","CRASHLAB-01","Boot App Anti-Rollback: Initialise Completed with status: HRESULT: The operation completed successfully. New timer needed: false New timer waiting for system update completion: false Previous latch timer exists but disabled by registry: false"
"9/8/2026 6:16:43 PM","25","Information","Microsoft-Windows-Wininit","CRASHLAB-01","Boot App Anti-Rollback: Previous timer resumed with status: HRESULT: The operation completed successfully. Previous timer present: false Start time: ‎1601‎-‎01‎-‎01T00:00:00.000000000Z Grace period: 0 Attempted recovery enforcement succeeded: false"
"9/8/2026 6:16:43 PM","19","Information","Microsoft-Windows-Wininit","CRASHLAB-01","Virtualisation Based Security new timer creation status HRESULT: The operation completed successfully. New latch timer needed: false New latch timer waiting for system update completion: false Previous latch timer exists but disabled by registry: false Policy file exists: false"
"9/8/2026 6:16:43 PM","24","Information","Microsoft-Windows-Kernel-General","CRASHLAB-01","The time zone information was refreshed with exit reason 0. Current time zone bias is 420."
"9/8/2026 6:16:43 PM","98","Information","Microsoft-Windows-Ntfs","CRASHLAB-01","Volume \\?\Volume{a6c16a98-825c-474d-aa27-6e56c6cf4e9b} (\Device\HarddiskVolume4) is healthy. No action is needed."
"9/8/2026 6:16:40 PM","55","Information","Microsoft-Windows-Kernel-Processor-Power","CRASHLAB-01","Processor 1 in group 0 exposes the following power management capabilities: Idle state type: ACPI Idle (C) States (1 state(s)) Performance state type: None Nominal Frequency (MHz): 3600 Maximum performance percentage: 100 Minimum performance percentage: 100 Minimum throttle percentage: 100"
"9/8/2026 6:16:40 PM","55","Information","Microsoft-Windows-Kernel-Processor-Power","CRASHLAB-01","Processor 0 in group 0 exposes the following power management capabilities: Idle state type: ACPI Idle (C) States (1 state(s)) Performance state type: None Nominal Frequency (MHz): 3600 Maximum performance percentage: 100 Minimum performance percentage: 100 Minimum throttle percentage: 100"
"9/8/2026 6:16:40 PM","172","Information","Microsoft-Windows-Kernel-Power","CRASHLAB-01","Connectivity state in standby: Disconnected, Reason: NIC compliance"
"9/8/2026 6:16:40 PM","6","Information","Microsoft-Windows-FilterManager","CRASHLAB-01","File System Filter 'npsvctrig' (10.0, ‎1978‎-‎05‎-‎14T02:13:30.000000000Z) has successfully loaded and registered with Filter Manager."
"9/8/2026 6:16:40 PM","6","Information","Microsoft-Windows-FilterManager","CRASHLAB-01","File System Filter 'FileCrypt' (10.0, ‎2075‎-‎08‎-‎31T15:07:07.000000000Z) has successfully loaded and registered with Filter Manager."
"9/8/2026 6:16:40 PM","98","Information","Microsoft-Windows-Ntfs","CRASHLAB-01","Volume C: (\Device\HarddiskVolume3) is healthy. No action is needed."
"9/8/2026 6:16:39 PM","6","Information","Microsoft-Windows-FilterManager","CRASHLAB-01","File System Filter 'WdFilter' (10.0, ‎2028‎-‎06‎-‎06T02:57:32.000000000Z) has successfully loaded and registered with Filter Manager."
"9/8/2026 6:16:39 PM","6","Information","Microsoft-Windows-FilterManager","CRASHLAB-01","File System Filter 'Wof' (10.0, ‎2089‎-‎07‎-‎14T19:58:05.000000000Z) has successfully loaded and registered with Filter Manager."
"9/8/2026 6:16:39 PM","6","Information","Microsoft-Windows-FilterManager","CRASHLAB-01","File System Filter 'FileInfo' (10.0, ‎2093‎-‎04‎-‎01T18:29:43.000000000Z) has successfully loaded and registered with Filter Manager."
"9/8/2026 6:16:39 PM","16","Information","Microsoft-Windows-HAL","CRASHLAB-01","IOMMU fault reporting has been initialized."
"9/8/2026 6:16:39 PM","20","Information","Microsoft-Windows-Kernel-General","CRASHLAB-01","The leap second configuration has been updated. Reason: Leap second data initialized from registry during boot Leap seconds enabled: true New leap second count: 0 Old leap second count: 0"
"9/8/2026 6:16:39 PM","32","Information","Microsoft-Windows-Kernel-Boot","CRASHLAB-01","The bootmgr spent 0 ms waiting for user input."
"9/8/2026 6:16:39 PM","18","Information","Microsoft-Windows-Kernel-Boot","CRASHLAB-01","There are 0x1 boot options on this system."
"9/8/2026 6:16:39 PM","27","Information","Microsoft-Windows-Kernel-Boot","CRASHLAB-01","The boot type was 0x0."
"9/8/2026 6:16:39 PM","25","Information","Microsoft-Windows-Kernel-Boot","CRASHLAB-01","The boot menu policy was 0x1."
"9/8/2026 6:16:39 PM","238","Information","Microsoft-Windows-Kernel-Boot","CRASHLAB-01","EFI time zone bias: 2047. Daylight flags: 0. Firmware time: ‎2026‎-‎09‎-‎08T18:16:39.000000000Z."
"9/8/2026 6:16:39 PM","247","Information","Microsoft-Windows-Kernel-Boot","CRASHLAB-01","Unable to load Pluton-Windows firmware. StatusCode: STATUS_SUCCESS, Reason: Failed to apply firmware."
"9/8/2026 6:16:39 PM","20","Information","Microsoft-Windows-Kernel-Boot","CRASHLAB-01","The last shutdown's success status was true. The last boot's success status was true."
"9/8/2026 6:16:39 PM","153","Information","Microsoft-Windows-Kernel-Boot","CRASHLAB-01","Virtualization-based security (policies: 0) is disabled."
"9/8/2026 6:16:39 PM","25","Information","Microsoft-Windows-Kernel-General","CRASHLAB-01","The system time was initialized to ‎2026‎-‎09‎-‎09T01:16:39.500000000Z. Loader time: ‎2026‎-‎09‎-‎09T01:16:39.000000000Z Internal boot flags: 0x2 HAL RTC error code: 0x0 RTC time is in UTC: false Soft boot: false Success: true Phase: 0"
"9/8/2026 6:16:39 PM","12","Information","Microsoft-Windows-Kernel-General","CRASHLAB-01","The operating system started at system time ‎2026‎-‎09‎-‎09T01:16:39.500000000Z."
"9/8/2026 6:16:30 PM","13","Information","Microsoft-Windows-Kernel-General","CRASHLAB-01","The operating system is shutting down at system time ‎2026‎-‎09‎-‎09T01:16:30.564595800Z."
"9/8/2026 6:16:30 PM","577","Information","Microsoft-Windows-Kernel-Power","CRASHLAB-01","The system has prepared for a system initiated reboot from Active."
"9/8/2026 6:16:30 PM","109","Information","Microsoft-Windows-Kernel-Power","CRASHLAB-01","The kernel power manager has initiated a shutdown transition. Action: Power Action Reboot Event Code: 0x0 Reason: Kernel API"
"9/8/2026 6:16:45 PM","6013","Information","EventLog","CRASHLAB-01","The system uptime is 5 seconds."
"9/8/2026 6:16:45 PM","6005","Information","EventLog","CRASHLAB-01","The Event log service was started."
"9/8/2026 6:16:45 PM","6009","Information","EventLog","CRASHLAB-01","Microsoft (R) Windows (R) 10.00. 26200 Multiprocessor Free."
"9/8/2026 6:16:45 PM","6011","Information","EventLog","CRASHLAB-01","The NetBIOS name and DNS host name of this machine have been changed from CRASHLAB-GOLD to CRASHLAB-01."
"9/8/2026 6:16:29 PM","50037","Information","Microsoft-Windows-Dhcp-Client","CRASHLAB-GOLD","DHCPv4 client service is stopped. ShutDown Flag value is 1"
"9/8/2026 6:16:29 PM","51057","Information","Microsoft-Windows-DHCPv6-Client","CRASHLAB-GOLD","DHCPv6 client service stop is almost done.DHCP Context Ref count is 1"
"9/8/2026 6:16:29 PM","51047","Information","Microsoft-Windows-DHCPv6-Client","CRASHLAB-GOLD","DHCPv6 client service is stopped. ShutDown Flag value is 1"
"9/8/2026 6:16:29 PM","50106","Information","Microsoft-Windows-Dhcp-Client","CRASHLAB-GOLD","DHCPv4 is waiting on DHCPv6 service to stop"
"9/8/2026 6:16:29 PM","50105","Information","Microsoft-Windows-Dhcp-Client","CRASHLAB-GOLD","DHCPv4 client ProcessDHCPRequestForever received TERMINATE_EVENT"
"9/8/2026 6:16:29 PM","50104","Information","Microsoft-Windows-Dhcp-Client","CRASHLAB-GOLD","DHCPv4 client received shutdown notification"
"9/8/2026 6:16:28 PM","7002","Information","Microsoft-Windows-Winlogon","CRASHLAB-GOLD","User Log-off Notification for Customer Experience Improvement Program"
"9/8/2026 6:16:29 PM","6006","Information","EventLog","CRASHLAB-GOLD","The Event log service was stopped."
"9/8/2026 6:16:27 PM","100","Warning","winsrvext","CRASHLAB-GOLD","Process C:\Users\CRASHLAB-GOLDEN\AppData\Local\Microsoft\OneDrive\25.087.0506.0001\Microsoft.SharePoint.exe is delaying system shutdown after 10000 milliseconds."
"9/8/2026 6:16:19 PM","10010","Error","Microsoft-Windows-DistributedCOM","CRASHLAB-GOLD","The server {A463FCB9-6B1C-4E0D-A80B-A2CA7999E25D} did not register with DCOM within the required timeout."
"9/8/2026 6:16:19 PM","1074","Information","User32","CRASHLAB-GOLD","The process C:\WINDOWS\system32\wbem\wmiprvse.exe (CRASHLAB-GOLD) has initiated the restart of computer CRASHLAB-GOLD on behalf of user CRASHLAB-GOLD\CRASHLAB-GOLDEN for the following reason: No title for this reason could be found Reason Code: 0x80070015 Shut-down Type: restart Comment:"
"9/8/2026 6:16:03 PM","10010","Error","Microsoft-Windows-DistributedCOM","CRASHLAB-GOLD","The server {A7451292-7906-414C-BB7B-DFD32C749E5C} did not register with DCOM within the required timeout."
"9/8/2026 6:15:59 PM","7001","Information","Microsoft-Windows-Winlogon","CRASHLAB-GOLD","User Log-on Notification for Customer Experience Improvement Program"
"9/8/2026 6:15:26 PM","1025","Information","Microsoft-Windows-TPM-WMI","CRASHLAB-GOLD","The TPM was successfully provisioned and is now ready for use."
"9/8/2026 6:15:26 PM","1282","Information","Microsoft-Windows-TPM-WMI","CRASHLAB-GOLD","The TBS device identifier has been generated."
"9/8/2026 6:15:26 PM","1027","Information","Microsoft-Windows-TPM-WMI","CRASHLAB-GOLD","The Ownership of the Trusted Platform Module (TPM) hardware on this computer was successfully taken (TPM TakeOwnership command) by the system."
"9/8/2026 6:15:26 PM","519","Information","Microsoft-Windows-TPM-WMI","CRASHLAB-GOLD","The TPM has been cleared. Reason: SRK has changed.."
"9/8/2026 6:15:24 PM","18","Information","TPM","CRASHLAB-GOLD","This event triggers the Trusted Platform Module (TPM) provisioning/status check to run."
"9/8/2026 6:15:24 PM","7026","Information","Service Control Manager","CRASHLAB-GOLD","The following boot-start or system-start driver(s) did not load: dam uiomap"
"9/8/2026 6:15:23 PM","1040","Error","Microsoft-Windows-TPM-WMI","CRASHLAB-GOLD","Pre-attestation health checks confirm a critical component has failed, and the device is not expected to pass attestation. Please see C:\WINDOWS\Logs\MeasuredBoot\0000000010-0000000000.json for detailed information on what checks were made."
"9/8/2026 6:15:23 PM","1041","Information","Microsoft-Windows-TPM-WMI","CRASHLAB-GOLD","Pre-attestation health check detailed information: {""Version"":1,""HealthStatus"":""Cannot be attested"",""Required"":[{""Field"":""TpmPresent"",""Value"":true,""DesiredValue"":true},{""Field"":""TpmMeetsMinimumVersion"",""Value"":true,""DesiredValue"":true},{""Field"":""TpmIsResponsive"",""Value"":true,""DesiredValue"":true},{""Field"":""EkCertIsAvailable"",""Value"":false,""DesiredValue"":true},{""Field"":""TcgLogFound"",""Value"":true,""DesiredValue"":true}],""Expected"":[{""Field"":""PcrsMatchTcgLog"",""Value"":true,""DesiredValue"":true}],""Informational"":[{""Field"":""SecureBootEnabled"",""ValueFromComputer"":false,""ValueFromTcgLog"":false,""DesiredValue"":true,""TcgValueIsVerifiable"":true},{""Field"":""VirtualSecureMemory"",""ValueFromComputer"":false,""ValueFromTcgLog"":false,""DesiredValue"":true,""TcgValueIsVerifiable"":true},{""Field"":""SecureCorePCCompliant"",""ValueFromComputer"":false,""ValueFromTcgLog"":false,""DesiredValue"":true,""TcgValueIsVerifiable"":true}{""Field"":""BootTcgLogFoundInFileSystem"",""Value"":true,""DesiredValue"":true},{""Field"":""CurrentTcgLogFoundInFileSystem"",""Value"":true,""DesiredValue"":true}]}"
"9/8/2026 6:15:22 PM","112","Information","Microsoft-Windows-HttpService","CRASHLAB-GOLD","Attempted to reserve URL http://+:10246/MDEServer/. Status 0x0. Process Id 0x4 Executable path , User S-1-5-18"
"9/8/2026 6:15:22 PM","112","Information","Microsoft-Windows-HttpService","CRASHLAB-GOLD","Attempted to reserve URL http://+:10247/apps/. Status 0x0. Process Id 0x4 Executable path , User S-1-5-18"
"9/8/2026 6:15:22 PM","112","Information","Microsoft-Windows-HttpService","CRASHLAB-GOLD","Attempted to reserve URL http://+:10243/WMPNSSv4/. Status 0x0. Process Id 0x4 Executable path , User S-1-5-18"
"9/8/2026 6:15:22 PM","112","Information","Microsoft-Windows-HttpService","CRASHLAB-GOLD","Attempted to reserve URL https://+:10245/WMPNSSv4/. Status 0x0. Process Id 0x4 Executable path , User S-1-5-18"
"9/8/2026 6:15:22 PM","112","Information","Microsoft-Windows-HttpService","CRASHLAB-GOLD","Attempted to reserve URL http://+:80/116B50EB-ECE2-41ac-8429-9F9E963361B7/. Status 0x0. Process Id 0x4 Executable path , User S-1-5-18"
"9/8/2026 6:15:22 PM","112","Information","Microsoft-Windows-HttpService","CRASHLAB-GOLD","Attempted to reserve URL https://+:443/C574AC30-5794-4AEE-B1BB-6651C5315029/. Status 0x0. Process Id 0x4 Executable path , User S-1-5-18"
"9/8/2026 6:15:22 PM","112","Information","Microsoft-Windows-HttpService","CRASHLAB-GOLD","Attempted to reserve URL http://+:80/0131501b-d67f-491b-9a40-c4bf27bcb4d4/. Status 0x0. Process Id 0x4 Executable path , User S-1-5-18"
"9/8/2026 6:15:22 PM","112","Information","Microsoft-Windows-HttpService","CRASHLAB-GOLD","Attempted to reserve URL https://+:443/sra_{BA195980-CD49-458b-9E23-C84EE0ADCD75}/. Status 0x0. Process Id 0x4 Executable path , User S-1-5-18"
"9/8/2026 6:15:22 PM","112","Information","Microsoft-Windows-HttpService","CRASHLAB-GOLD","Attempted to reserve URL https://+:3392/rdp/. Status 0x0. Process Id 0x4 Executable path , User S-1-5-18"
"9/8/2026 6:15:22 PM","112","Information","Microsoft-Windows-HttpService","CRASHLAB-GOLD","Attempted to reserve URL http://+:5985/wsman/. Status 0x0. Process Id 0x4 Executable path , User S-1-5-18"
"9/8/2026 6:15:22 PM","112","Information","Microsoft-Windows-HttpService","CRASHLAB-GOLD","Attempted to reserve URL http://+:47001/wsman/. Status 0x0. Process Id 0x4 Executable path , User S-1-5-18"
"9/8/2026 6:15:22 PM","112","Information","Microsoft-Windows-HttpService","CRASHLAB-GOLD","Attempted to reserve URL https://+:5986/wsman/. Status 0x0. Process Id 0x4 Executable path , User S-1-5-18"
"9/8/2026 6:15:22 PM","112","Information","Microsoft-Windows-HttpService","CRASHLAB-GOLD","Attempted to reserve URL http://*:2869/. Status 0x0. Process Id 0x4 Executable path , User S-1-5-18"
"9/8/2026 6:15:22 PM","112","Information","Microsoft-Windows-HttpService","CRASHLAB-GOLD","Attempted to reserve URL https://*:5358/. Status 0x0. Process Id 0x4 Executable path , User S-1-5-18"
"9/8/2026 6:15:22 PM","112","Information","Microsoft-Windows-HttpService","CRASHLAB-GOLD","Attempted to reserve URL http://+:80/Temporary_Listen_Addresses/. Status 0x0. Process Id 0x4 Executable path , User S-1-5-18"
"9/8/2026 6:15:22 PM","112","Information","Microsoft-Windows-HttpService","CRASHLAB-GOLD","Attempted to reserve URL http://*:5357/. Status 0x0. Process Id 0x4 Executable path , User S-1-5-18"
"9/8/2026 6:15:21 PM","51046","Information","Microsoft-Windows-DHCPv6-Client","CRASHLAB-GOLD","DHCPv6 client service is started"
"9/8/2026 6:15:21 PM","50036","Information","Microsoft-Windows-Dhcp-Client","CRASHLAB-GOLD","DHCPv4 client service is started"
"9/8/2026 6:15:21 PM","50103","Information","Microsoft-Windows-Dhcp-Client","CRASHLAB-GOLD","DHCPv4 client registered for shutdown notification"
"9/8/2026 6:15:21 PM","50036","Information","Microsoft-Windows-Dhcp-Client","CRASHLAB-GOLD","DHCPv4 client service is started"
"9/8/2026 6:15:21 PM","6","Information","Microsoft-Windows-FilterManager","CRASHLAB-GOLD","File System Filter 'bindflt' (10.0, ‎2081‎-‎10‎-‎17T14:34:26.000000000Z) has successfully loaded and registered with Filter Manager."
"9/8/2026 6:15:21 PM","6","Information","Microsoft-Windows-FilterManager","CRASHLAB-GOLD","File System Filter 'UCPD' (10.0, ‎2061‎-‎11‎-‎20T00:48:12.000000000Z) has successfully loaded and registered with Filter Manager."
"9/8/2026 6:15:21 PM","6","Information","Microsoft-Windows-FilterManager","CRASHLAB-GOLD","File System Filter 'storqosflt' (10.0, ‎2016‎-‎04‎-‎28T15:00:23.000000000Z) has successfully loaded and registered with Filter Manager."
"9/8/2026 6:15:21 PM","6","Information","Microsoft-Windows-FilterManager","CRASHLAB-GOLD","File System Filter 'UnionFS' (10.0, ‎2017‎-‎11‎-‎02T22:31:51.000000000Z) has successfully loaded and registered with Filter Manager."
"9/8/2026 6:15:21 PM","6","Information","Microsoft-Windows-FilterManager","CRASHLAB-GOLD","File System Filter 'CldFlt' (10.0, ‎1991‎-‎05‎-‎02T13:16:55.000000000Z) has successfully loaded and registered with Filter Manager."
"9/8/2026 6:15:21 PM","1","Information","Microsoft-Windows-FilterManager","CRASHLAB-GOLD","File System Filter 'CldFlt' (Version 10.0, ‎1991‎-‎05‎-‎02T13:16:55.000000000Z) unloaded successfully."
"9/8/2026 6:15:21 PM","6","Information","Microsoft-Windows-FilterManager","CRASHLAB-GOLD","File System Filter 'CldFlt' (10.0, ‎1991‎-‎05‎-‎02T13:16:55.000000000Z) has successfully loaded and registered with Filter Manager."
"9/8/2026 6:15:21 PM","6","Information","Microsoft-Windows-FilterManager","CRASHLAB-GOLD","File System Filter 'wcifs' (10.0, ‎1985‎-‎11‎-‎26T07:47:21.000000000Z) has successfully loaded and registered with Filter Manager."
"9/8/2026 6:15:21 PM","6","Information","Microsoft-Windows-FilterManager","CRASHLAB-GOLD","File System Filter 'luafv' (10.0, ‎2057‎-‎06‎-‎14T06:55:30.000000000Z) has successfully loaded and registered with Filter Manager."
"9/8/2026 6:15:21 PM","6","Information","Microsoft-Windows-FilterManager","CRASHLAB-GOLD","File System Filter 'bfs' (10.0, ‎2086‎-‎03‎-‎20T04:03:22.000000000Z) has successfully loaded and registered with Filter Manager."
"9/8/2026 6:15:20 PM","6","Information","Microsoft-Windows-FilterManager","CRASHLAB-GOLD","File System Filter 'applockerfltr' (10.0, ‎2033‎-‎08‎-‎14T04:35:15.000000000Z) has successfully loaded and registered with Filter Manager."
"9/8/2026 6:15:20 PM","16983","Information","Microsoft-Windows-Directory-Services-SAM","CRASHLAB-GOLD","The security account manager is now logging periodic summary events for remote clients that call legacy password change or set RPC methods. For more information please see https://go.microsoft.com/fwlink/?linkid=2150956."
"9/8/2026 6:15:20 PM","16977","Information","Microsoft-Windows-Directory-Services-SAM","CRASHLAB-GOLD","The domain is configured with the following minimum password length-related settings. MinimumPasswordLength: 0 RelaxMinimumPasswordLengthLimits: 0 MinimumPasswordLengthAudit: -1 For more information see https://go.microsoft.com/fwlink/?LinkId=2097191."
"9/8/2026 6:15:19 PM","16962","Information","Microsoft-Windows-Directory-Services-SAM","CRASHLAB-GOLD","Remote calls to the SAM database are being restricted using the default security descriptor: O:SYG:SYD:(A;;RC;;;BA). For more information please see http://go.microsoft.com/fwlink/?LinkId=787651."
"9/8/2026 6:15:19 PM","6156","Information","LsaSrv","CRASHLAB-GOLD","Credential Guard auto enablement status. Hardware Requirements for Virtualisation Based Security: 1 Domain Joined: 0 Azure AD Joined: 0 Licensed for Credential Guard: 0 Domain Controller: 0"
"9/8/2026 6:15:19 PM","12","Information","Microsoft-Windows-Wininit","CRASHLAB-GOLD","LSASS.exe was started as a protected process with level: 4."
"9/8/2026 6:15:19 PM","14","Information","Microsoft-Windows-Wininit","CRASHLAB-GOLD","Credential Guard configuration: Registry Configuration: 0x0 Test Configuration: 0 Auto Enablement: 0"
"9/8/2026 6:15:19 PM","23","Information","Microsoft-Windows-Wininit","CRASHLAB-GOLD","Boot App Anti-Rollback: Initialise Completed with status: HRESULT: The operation completed successfully. New timer needed: false New timer waiting for system update completion: false Previous latch timer exists but disabled by registry: false"
"9/8/2026 6:15:19 PM","25","Information","Microsoft-Windows-Wininit","CRASHLAB-GOLD","Boot App Anti-Rollback: Previous timer resumed with status: HRESULT: The operation completed successfully. Previous timer present: false Start time: ‎1601‎-‎01‎-‎01T00:00:00.000000000Z Grace period: 0 Attempted recovery enforcement succeeded: false"
"9/8/2026 6:15:19 PM","19","Information","Microsoft-Windows-Wininit","CRASHLAB-GOLD","Virtualisation Based Security new timer creation status HRESULT: The operation completed successfully. New latch timer needed: false New latch timer waiting for system update completion: false Previous latch timer exists but disabled by registry: false Policy file exists: false"
"9/8/2026 6:15:19 PM","24","Information","Microsoft-Windows-Kernel-General","CRASHLAB-GOLD","The time zone information was refreshed with exit reason 0. Current time zone bias is 420."
"9/8/2026 6:15:19 PM","98","Information","Microsoft-Windows-Ntfs","CRASHLAB-GOLD","Volume \\?\Volume{a6c16a98-825c-474d-aa27-6e56c6cf4e9b} (\Device\HarddiskVolume4) is healthy. No action is needed."
"9/8/2026 6:15:16 PM","55","Information","Microsoft-Windows-Kernel-Processor-Power","CRASHLAB-GOLD","Processor 1 in group 0 exposes the following power management capabilities: Idle state type: ACPI Idle (C) States (1 state(s)) Performance state type: None Nominal Frequency (MHz): 3600 Maximum performance percentage: 100 Minimum performance percentage: 100 Minimum throttle percentage: 100"
"9/8/2026 6:15:16 PM","55","Information","Microsoft-Windows-Kernel-Processor-Power","CRASHLAB-GOLD","Processor 0 in group 0 exposes the following power management capabilities: Idle state type: ACPI Idle (C) States (1 state(s)) Performance state type: None Nominal Frequency (MHz): 3600 Maximum performance percentage: 100 Minimum performance percentage: 100 Minimum throttle percentage: 100"
"9/8/2026 6:15:15 PM","172","Information","Microsoft-Windows-Kernel-Power","CRASHLAB-GOLD","Connectivity state in standby: Disconnected, Reason: NIC compliance"
"9/8/2026 6:15:15 PM","6","Information","Microsoft-Windows-FilterManager","CRASHLAB-GOLD","File System Filter 'npsvctrig' (10.0, ‎1978‎-‎05‎-‎14T02:13:30.000000000Z) has successfully loaded and registered with Filter Manager."
"9/8/2026 6:15:15 PM","6","Information","Microsoft-Windows-FilterManager","CRASHLAB-GOLD","File System Filter 'FileCrypt' (10.0, ‎2075‎-‎08‎-‎31T15:07:07.000000000Z) has successfully loaded and registered with Filter Manager."
"9/8/2026 6:15:15 PM","98","Information","Microsoft-Windows-Ntfs","CRASHLAB-GOLD","Volume C: (\Device\HarddiskVolume3) is healthy. No action is needed."
"9/8/2026 6:15:15 PM","6","Information","Microsoft-Windows-FilterManager","CRASHLAB-GOLD","File System Filter 'WdFilter' (10.0, ‎2028‎-‎06‎-‎06T02:57:32.000000000Z) has successfully loaded and registered with Filter Manager."
"9/8/2026 6:15:15 PM","6","Information","Microsoft-Windows-FilterManager","CRASHLAB-GOLD","File System Filter 'Wof' (10.0, ‎2089‎-‎07‎-‎14T19:58:05.000000000Z) has successfully loaded and registered with Filter Manager."
"9/8/2026 6:15:15 PM","6","Information","Microsoft-Windows-FilterManager","CRASHLAB-GOLD","File System Filter 'FileInfo' (10.0, ‎2093‎-‎04‎-‎01T18:29:43.000000000Z) has successfully loaded and registered with Filter Manager."
"9/8/2026 6:15:02 PM","28","Information","TPM","CRASHLAB-GOLD","Information about the Storage Root Key creation."
"9/8/2026 6:15:00 PM","16","Information","Microsoft-Windows-HAL","CRASHLAB-GOLD","IOMMU fault reporting has been initialized."
"9/8/2026 6:14:59 PM","20","Information","Microsoft-Windows-Kernel-General","CRASHLAB-GOLD","The leap second configuration has been updated. Reason: Leap second data initialized from registry during boot Leap seconds enabled: true New leap second count: 0 Old leap second count: 0"
"9/8/2026 6:14:59 PM","32","Information","Microsoft-Windows-Kernel-Boot","CRASHLAB-GOLD","The bootmgr spent 0 ms waiting for user input."
"9/8/2026 6:14:59 PM","18","Information","Microsoft-Windows-Kernel-Boot","CRASHLAB-GOLD","There are 0x1 boot options on this system."
"9/8/2026 6:14:59 PM","27","Information","Microsoft-Windows-Kernel-Boot","CRASHLAB-GOLD","The boot type was 0x0."
"9/8/2026 6:14:59 PM","25","Information","Microsoft-Windows-Kernel-Boot","CRASHLAB-GOLD","The boot menu policy was 0x1."
"9/8/2026 6:14:59 PM","238","Information","Microsoft-Windows-Kernel-Boot","CRASHLAB-GOLD","EFI time zone bias: 2047. Daylight flags: 0. Firmware time: ‎2026‎-‎09‎-‎08T18:14:56.000000000Z."
"9/8/2026 6:14:59 PM","247","Information","Microsoft-Windows-Kernel-Boot","CRASHLAB-GOLD","Unable to load Pluton-Windows firmware. StatusCode: STATUS_SUCCESS, Reason: Failed to apply firmware."
"9/8/2026 6:14:59 PM","20","Information","Microsoft-Windows-Kernel-Boot","CRASHLAB-GOLD","The last shutdown's success status was true. The last boot's success status was true."
"9/8/2026 6:14:59 PM","153","Information","Microsoft-Windows-Kernel-Boot","CRASHLAB-GOLD","Virtualization-based security (policies: 0) is disabled."
"9/8/2026 6:14:59 PM","25","Information","Microsoft-Windows-Kernel-General","CRASHLAB-GOLD","The system time was initialized to ‎2026‎-‎09‎-‎09T01:14:57.500000000Z. Loader time: ‎2026‎-‎09‎-‎09T01:14:56.000000000Z Internal boot flags: 0x2 HAL RTC error code: 0x0 RTC time is in UTC: false Soft boot: false Success: true Phase: 0"
"9/8/2026 6:14:59 PM","12","Information","Microsoft-Windows-Kernel-General","CRASHLAB-GOLD","The operating system started at system time ‎2026‎-‎09‎-‎09T01:14:57.500000000Z."
"9/8/2026 6:12:07 PM","13","Information","Microsoft-Windows-Kernel-General","CRASHLAB-GOLD","The operating system is shutting down at system time ‎2026‎-‎09‎-‎09T01:12:07.990121100Z."
"9/8/2026 6:12:07 PM","577","Information","Microsoft-Windows-Kernel-Power","CRASHLAB-GOLD","The system has prepared for a system initiated reboot from Active."
"9/8/2026 6:12:07 PM","109","Information","Microsoft-Windows-Kernel-Power","CRASHLAB-GOLD","The kernel power manager has initiated a shutdown transition. Action: Power Action Shutdown Event Code: 0x0 Reason: Kernel API"
"9/8/2026 6:15:21 PM","6013","Information","EventLog","CRASHLAB-GOLD","The system uptime is 24 seconds."
"9/8/2026 6:15:21 PM","6005","Information","EventLog","CRASHLAB-GOLD","The Event log service was started."
"9/8/2026 6:15:21 PM","6009","Information","EventLog","CRASHLAB-GOLD","Microsoft (R) Windows (R) 10.00. 26200 Multiprocessor Free."
"9/8/2026 6:12:07 PM","50037","Information","Microsoft-Windows-Dhcp-Client","CRASHLAB-GOLD","DHCPv4 client service is stopped. ShutDown Flag value is 1"
"9/8/2026 6:12:07 PM","50106","Information","Microsoft-Windows-Dhcp-Client","CRASHLAB-GOLD","DHCPv4 is waiting on DHCPv6 service to stop"
"9/8/2026 6:12:07 PM","51057","Information","Microsoft-Windows-DHCPv6-Client","CRASHLAB-GOLD","DHCPv6 client service stop is almost done.DHCP Context Ref count is 1"
"9/8/2026 6:12:07 PM","51047","Information","Microsoft-Windows-DHCPv6-Client","CRASHLAB-GOLD","DHCPv6 client service is stopped. ShutDown Flag value is 1"
"9/8/2026 6:12:07 PM","50105","Information","Microsoft-Windows-Dhcp-Client","CRASHLAB-GOLD","DHCPv4 client ProcessDHCPRequestForever received TERMINATE_EVENT"
"9/8/2026 6:12:07 PM","50104","Information","Microsoft-Windows-Dhcp-Client","CRASHLAB-GOLD","DHCPv4 client received shutdown notification"
"9/8/2026 6:12:07 PM","6006","Information","EventLog","CRASHLAB-GOLD","The Event log service was stopped."
"9/8/2026 6:12:06 PM","7002","Information","Microsoft-Windows-Winlogon","CRASHLAB-GOLD","User Log-off Notification for Customer Experience Improvement Program"
"9/8/2026 6:12:05 PM","10010","Error","Microsoft-Windows-DistributedCOM","CRASHLAB-GOLD","The server {544C4C52-DE0B-4D14-9510-21745381D5CA} did not register with DCOM within the required timeout."
"9/8/2026 6:12:05 PM","1074","Information","User32","CRASHLAB-GOLD","The process C:\WINDOWS\system32\wbem\wmiprvse.exe (CRASHLAB-GOLD) has initiated the shutdown of computer CRASHLAB-GOLD on behalf of user CRASHLAB-GOLD\CRASHLAB-GOLDEN for the following reason: No title for this reason could be found Reason Code: 0x80070015 Shut-down Type: shutdown Comment:"
"9/8/2026 6:12:01 PM","10016","Warning","Microsoft-Windows-DistributedCOM","CRASHLAB-GOLD","The application-specific permission settings do not grant Local Launch permission for the COM Server application with CLSID Windows.SecurityCenter.SecurityAppBroker and APPID Unavailable to the user NT AUTHORITY\SYSTEM SID (S-1-5-18) from address LocalHost (Using LRPC) running in the application container Unavailable SID (Unavailable). This security permission can be modified using the Component Services administrative tool."
"9/8/2026 6:12:01 PM","10016","Warning","Microsoft-Windows-DistributedCOM","CRASHLAB-GOLD","The application-specific permission settings do not grant Local Launch permission for the COM Server application with CLSID Windows.SecurityCenter.WscDataProtection and APPID Unavailable to the user NT AUTHORITY\SYSTEM SID (S-1-5-18) from address LocalHost (Using LRPC) running in the application container Unavailable SID (Unavailable). This security permission can be modified using the Component Services administrative tool."
"9/8/2026 6:12:01 PM","10016","Warning","Microsoft-Windows-DistributedCOM","CRASHLAB-GOLD","The application-specific permission settings do not grant Local Launch permission for the COM Server application with CLSID Windows.SecurityCenter.WscBrokerManager and APPID Unavailable to the user NT AUTHORITY\SYSTEM SID (S-1-5-18) from address LocalHost (Using LRPC) running in the application container Unavailable SID (Unavailable). This security permission can be modified using the Component Services administrative tool."
"9/8/2026 6:09:50 PM","7040","Information","Service Control Manager","CRASHLAB-GOLD","The start type of the Background Intelligent Transfer Service service was changed from demand start to auto start."
"9/8/2026 6:09:22 PM","10010","Error","Microsoft-Windows-DistributedCOM","CRASHLAB-GOLD","The server {A7451292-7906-414C-BB7B-DFD32C749E5C} did not register with DCOM within the required timeout."
"9/8/2026 6:09:16 PM","7001","Information","Microsoft-Windows-Winlogon","CRASHLAB-GOLD","User Log-on Notification for Customer Experience Improvement Program"
"9/8/2026 6:09:12 PM","1025","Information","Microsoft-Windows-TPM-WMI","CRASHLAB-GOLD","The TPM was successfully provisioned and is now ready for use."
"9/8/2026 6:09:12 PM","1282","Information","Microsoft-Windows-TPM-WMI","CRASHLAB-GOLD","The TBS device identifier has been generated."
"9/8/2026 6:09:12 PM","18","Information","TPM","CRASHLAB-GOLD","This event triggers the Trusted Platform Module (TPM) provisioning/status check to run."
"9/8/2026 6:09:09 PM","7026","Information","Service Control Manager","CRASHLAB-GOLD","The following boot-start or system-start driver(s) did not load: dam uiomap"
"9/8/2026 6:09:08 PM","1040","Error","Microsoft-Windows-TPM-WMI","CRASHLAB-GOLD","Pre-attestation health checks confirm a critical component has failed, and the device is not expected to pass attestation. Please see C:\WINDOWS\Logs\MeasuredBoot\0000000009-0000000000.json for detailed information on what checks were made."
"9/8/2026 6:09:08 PM","1041","Information","Microsoft-Windows-TPM-WMI","CRASHLAB-GOLD","Pre-attestation health check detailed information: {""Version"":1,""HealthStatus"":""Cannot be attested"",""Required"":[{""Field"":""TpmPresent"",""Value"":true,""DesiredValue"":true},{""Field"":""TpmMeetsMinimumVersion"",""Value"":true,""DesiredValue"":true},{""Field"":""TpmIsResponsive"",""Value"":true,""DesiredValue"":true},{""Field"":""EkCertIsAvailable"",""Value"":false,""DesiredValue"":true},{""Field"":""TcgLogFound"",""Value"":true,""DesiredValue"":true}],""Expected"":[{""Field"":""PcrsMatchTcgLog"",""Value"":true,""DesiredValue"":true}],""Informational"":[{""Field"":""SecureBootEnabled"",""ValueFromComputer"":false,""ValueFromTcgLog"":false,""DesiredValue"":true,""TcgValueIsVerifiable"":true},{""Field"":""VirtualSecureMemory"",""ValueFromComputer"":false,""ValueFromTcgLog"":false,""DesiredValue"":true,""TcgValueIsVerifiable"":true},{""Field"":""SecureCorePCCompliant"",""ValueFromComputer"":false,""ValueFromTcgLog"":false,""DesiredValue"":true,""TcgValueIsVerifiable"":true}{""Field"":""BootTcgLogFoundInFileSystem"",""Value"":true,""DesiredValue"":true},{""Field"":""CurrentTcgLogFoundInFileSystem"",""Value"":true,""DesiredValue"":true}]}"
"9/8/2026 6:09:07 PM","112","Information","Microsoft-Windows-HttpService","CRASHLAB-GOLD","Attempted to reserve URL http://+:10246/MDEServer/. Status 0x0. Process Id 0x4 Executable path , User S-1-5-18"
"9/8/2026 6:09:07 PM","112","Information","Microsoft-Windows-HttpService","CRASHLAB-GOLD","Attempted to reserve URL http://+:10247/apps/. Status 0x0. Process Id 0x4 Executable path , User S-1-5-18"
"9/8/2026 6:09:07 PM","112","Information","Microsoft-Windows-HttpService","CRASHLAB-GOLD","Attempted to reserve URL http://+:10243/WMPNSSv4/. Status 0x0. Process Id 0x4 Executable path , User S-1-5-18"
"9/8/2026 6:09:07 PM","112","Information","Microsoft-Windows-HttpService","CRASHLAB-GOLD","Attempted to reserve URL https://+:10245/WMPNSSv4/. Status 0x0. Process Id 0x4 Executable path , User S-1-5-18"
"9/8/2026 6:09:07 PM","112","Information","Microsoft-Windows-HttpService","CRASHLAB-GOLD","Attempted to reserve URL http://+:80/116B50EB-ECE2-41ac-8429-9F9E963361B7/. Status 0x0. Process Id 0x4 Executable path , User S-1-5-18"
"9/8/2026 6:09:07 PM","112","Information","Microsoft-Windows-HttpService","CRASHLAB-GOLD","Attempted to reserve URL https://+:443/C574AC30-5794-4AEE-B1BB-6651C5315029/. Status 0x0. Process Id 0x4 Executable path , User S-1-5-18"
"9/8/2026 6:09:07 PM","112","Information","Microsoft-Windows-HttpService","CRASHLAB-GOLD","Attempted to reserve URL http://+:80/0131501b-d67f-491b-9a40-c4bf27bcb4d4/. Status 0x0. Process Id 0x4 Executable path , User S-1-5-18"
"9/8/2026 6:09:07 PM","112","Information","Microsoft-Windows-HttpService","CRASHLAB-GOLD","Attempted to reserve URL https://+:443/sra_{BA195980-CD49-458b-9E23-C84EE0ADCD75}/. Status 0x0. Process Id 0x4 Executable path , User S-1-5-18"
"9/8/2026 6:09:07 PM","112","Information","Microsoft-Windows-HttpService","CRASHLAB-GOLD","Attempted to reserve URL https://+:3392/rdp/. Status 0x0. Process Id 0x4 Executable path , User S-1-5-18"
"9/8/2026 6:09:07 PM","112","Information","Microsoft-Windows-HttpService","CRASHLAB-GOLD","Attempted to reserve URL http://+:5985/wsman/. Status 0x0. Process Id 0x4 Executable path , User S-1-5-18"
"9/8/2026 6:09:07 PM","112","Information","Microsoft-Windows-HttpService","CRASHLAB-GOLD","Attempted to reserve URL http://+:47001/wsman/. Status 0x0. Process Id 0x4 Executable path , User S-1-5-18"
"9/8/2026 6:09:07 PM","112","Information","Microsoft-Windows-HttpService","CRASHLAB-GOLD","Attempted to reserve URL https://+:5986/wsman/. Status 0x0. Process Id 0x4 Executable path , User S-1-5-18"
"9/8/2026 6:09:07 PM","112","Information","Microsoft-Windows-HttpService","CRASHLAB-GOLD","Attempted to reserve URL http://*:2869/. Status 0x0. Process Id 0x4 Executable path , User S-1-5-18"
"9/8/2026 6:09:07 PM","112","Information","Microsoft-Windows-HttpService","CRASHLAB-GOLD","Attempted to reserve URL https://*:5358/. Status 0x0. Process Id 0x4 Executable path , User S-1-5-18"
"9/8/2026 6:09:07 PM","112","Information","Microsoft-Windows-HttpService","CRASHLAB-GOLD","Attempted to reserve URL http://+:80/Temporary_Listen_Addresses/. Status 0x0. Process Id 0x4 Executable path , User S-1-5-18"
"9/8/2026 6:09:07 PM","112","Information","Microsoft-Windows-HttpService","CRASHLAB-GOLD","Attempted to reserve URL http://*:5357/. Status 0x0. Process Id 0x4 Executable path , User S-1-5-18"
"9/8/2026 6:09:07 PM","51046","Information","Microsoft-Windows-DHCPv6-Client","CRASHLAB-GOLD","DHCPv6 client service is started"
"9/8/2026 6:09:07 PM","50036","Information","Microsoft-Windows-Dhcp-Client","CRASHLAB-GOLD","DHCPv4 client service is started"
"9/8/2026 6:09:07 PM","50103","Information","Microsoft-Windows-Dhcp-Client","CRASHLAB-GOLD","DHCPv4 client registered for shutdown notification"
"9/8/2026 6:09:07 PM","50036","Information","Microsoft-Windows-Dhcp-Client","CRASHLAB-GOLD","DHCPv4 client service is started"
"9/8/2026 6:09:06 PM","6","Information","Microsoft-Windows-FilterManager","CRASHLAB-GOLD","File System Filter 'bindflt' (10.0, ‎2081‎-‎10‎-‎17T14:34:26.000000000Z) has successfully loaded and registered with Filter Manager."
"9/8/2026 6:09:06 PM","6","Information","Microsoft-Windows-FilterManager","CRASHLAB-GOLD","File System Filter 'UCPD' (10.0, ‎2061‎-‎11‎-‎20T00:48:12.000000000Z) has successfully loaded and registered with Filter Manager."
"9/8/2026 6:09:06 PM","6","Information","Microsoft-Windows-FilterManager","CRASHLAB-GOLD","File System Filter 'storqosflt' (10.0, ‎2016‎-‎04‎-‎28T15:00:23.000000000Z) has successfully loaded and registered with Filter Manager."
"9/8/2026 6:09:06 PM","6","Information","Microsoft-Windows-FilterManager","CRASHLAB-GOLD","File System Filter 'UnionFS' (10.0, ‎2017‎-‎11‎-‎02T22:31:51.000000000Z) has successfully loaded and registered with Filter Manager."
"9/8/2026 6:09:06 PM","6","Information","Microsoft-Windows-FilterManager","CRASHLAB-GOLD","File System Filter 'CldFlt' (10.0, ‎1991‎-‎05‎-‎02T13:16:55.000000000Z) has successfully loaded and registered with Filter Manager."
"9/8/2026 6:09:06 PM","1","Information","Microsoft-Windows-FilterManager","CRASHLAB-GOLD","File System Filter 'CldFlt' (Version 10.0, ‎1991‎-‎05‎-‎02T13:16:55.000000000Z) unloaded successfully."
"9/8/2026 6:09:06 PM","6","Information","Microsoft-Windows-FilterManager","CRASHLAB-GOLD","File System Filter 'CldFlt' (10.0, ‎1991‎-‎05‎-‎02T13:16:55.000000000Z) has successfully loaded and registered with Filter Manager."
"9/8/2026 6:09:06 PM","6","Information","Microsoft-Windows-FilterManager","CRASHLAB-GOLD","File System Filter 'luafv' (10.0, ‎2057‎-‎06‎-‎14T06:55:30.000000000Z) has successfully loaded and registered with Filter Manager."
"9/8/2026 6:09:06 PM","6","Information","Microsoft-Windows-FilterManager","CRASHLAB-GOLD","File System Filter 'wcifs' (10.0, ‎1985‎-‎11‎-‎26T07:47:21.000000000Z) has successfully loaded and registered with Filter Manager."
"9/8/2026 6:09:06 PM","6","Information","Microsoft-Windows-FilterManager","CRASHLAB-GOLD","File System Filter 'bfs' (10.0, ‎2086‎-‎03‎-‎20T04:03:22.000000000Z) has successfully loaded and registered with Filter Manager."
"9/8/2026 6:09:06 PM","6","Information","Microsoft-Windows-FilterManager","CRASHLAB-GOLD","File System Filter 'applockerfltr' (10.0, ‎2033‎-‎08‎-‎14T04:35:15.000000000Z) has successfully loaded and registered with Filter Manager."
"9/8/2026 6:09:05 PM","16983","Information","Microsoft-Windows-Directory-Services-SAM","CRASHLAB-GOLD","The security account manager is now logging periodic summary events for remote clients that call legacy password change or set RPC methods. For more information please see https://go.microsoft.com/fwlink/?linkid=2150956."
"9/8/2026 6:09:05 PM","16977","Information","Microsoft-Windows-Directory-Services-SAM","CRASHLAB-GOLD","The domain is configured with the following minimum password length-related settings. MinimumPasswordLength: 0 RelaxMinimumPasswordLengthLimits: 0 MinimumPasswordLengthAudit: -1 For more information see https://go.microsoft.com/fwlink/?LinkId=2097191."
"9/8/2026 6:09:05 PM","16962","Information","Microsoft-Windows-Directory-Services-SAM","CRASHLAB-GOLD","Remote calls to the SAM database are being restricted using the default security descriptor: O:SYG:SYD:(A;;RC;;;BA). For more information please see http://go.microsoft.com/fwlink/?LinkId=787651."
"9/8/2026 6:09:05 PM","6156","Information","LsaSrv","CRASHLAB-GOLD","Credential Guard auto enablement status. Hardware Requirements for Virtualisation Based Security: 1 Domain Joined: 0 Azure AD Joined: 0 Licensed for Credential Guard: 0 Domain Controller: 0"
"9/8/2026 6:09:05 PM","12","Information","Microsoft-Windows-Wininit","CRASHLAB-GOLD","LSASS.exe was started as a protected process with level: 4."
"9/8/2026 6:09:05 PM","14","Information","Microsoft-Windows-Wininit","CRASHLAB-GOLD","Credential Guard configuration: Registry Configuration: 0x0 Test Configuration: 0 Auto Enablement: 0"
"9/8/2026 6:09:05 PM","23","Information","Microsoft-Windows-Wininit","CRASHLAB-GOLD","Boot App Anti-Rollback: Initialise Completed with status: HRESULT: The operation completed successfully. New timer needed: false New timer waiting for system update completion: false Previous latch timer exists but disabled by registry: false"
"9/8/2026 6:09:05 PM","25","Information","Microsoft-Windows-Wininit","CRASHLAB-GOLD","Boot App Anti-Rollback: Previous timer resumed with status: HRESULT: The operation completed successfully. Previous timer present: false Start time: ‎1601‎-‎01‎-‎01T00:00:00.000000000Z Grace period: 0 Attempted recovery enforcement succeeded: false"
"9/8/2026 6:09:05 PM","19","Information","Microsoft-Windows-Wininit","CRASHLAB-GOLD","Virtualisation Based Security new timer creation status HRESULT: The operation completed successfully. New latch timer needed: false New latch timer waiting for system update completion: false Previous latch timer exists but disabled by registry: false Policy file exists: false"
"9/8/2026 6:09:05 PM","24","Information","Microsoft-Windows-Kernel-General","CRASHLAB-GOLD","The time zone information was refreshed with exit reason 0. Current time zone bias is 420."
"9/8/2026 6:09:05 PM","98","Information","Microsoft-Windows-Ntfs","CRASHLAB-GOLD","Volume \\?\Volume{a6c16a98-825c-474d-aa27-6e56c6cf4e9b} (\Device\HarddiskVolume4) is healthy. No action is needed."
"9/8/2026 6:09:02 PM","55","Information","Microsoft-Windows-Kernel-Processor-Power","CRASHLAB-GOLD","Processor 1 in group 0 exposes the following power management capabilities: Idle state type: ACPI Idle (C) States (1 state(s)) Performance state type: None Nominal Frequency (MHz): 3600 Maximum performance percentage: 100 Minimum performance percentage: 100 Minimum throttle percentage: 100"
"9/8/2026 6:09:02 PM","55","Information","Microsoft-Windows-Kernel-Processor-Power","CRASHLAB-GOLD","Processor 0 in group 0 exposes the following power management capabilities: Idle state type: ACPI Idle (C) States (1 state(s)) Performance state type: None Nominal Frequency (MHz): 3600 Maximum performance percentage: 100 Minimum performance percentage: 100 Minimum throttle percentage: 100"
"9/8/2026 6:09:02 PM","172","Information","Microsoft-Windows-Kernel-Power","CRASHLAB-GOLD","Connectivity state in standby: Disconnected, Reason: NIC compliance"
"9/8/2026 6:09:02 PM","6","Information","Microsoft-Windows-FilterManager","CRASHLAB-GOLD","File System Filter 'npsvctrig' (10.0, ‎1978‎-‎05‎-‎14T02:13:30.000000000Z) has successfully loaded and registered with Filter Manager."
"9/8/2026 6:09:02 PM","6","Information","Microsoft-Windows-FilterManager","CRASHLAB-GOLD","File System Filter 'FileCrypt' (10.0, ‎2075‎-‎08‎-‎31T15:07:07.000000000Z) has successfully loaded and registered with Filter Manager."
"9/8/2026 6:09:02 PM","98","Information","Microsoft-Windows-Ntfs","CRASHLAB-GOLD","Volume C: (\Device\HarddiskVolume3) is healthy. No action is needed."
"9/8/2026 6:09:01 PM","6","Information","Microsoft-Windows-FilterManager","CRASHLAB-GOLD","File System Filter 'WdFilter' (10.0, ‎2028‎-‎06‎-‎06T02:57:32.000000000Z) has successfully loaded and registered with Filter Manager."
"9/8/2026 6:09:01 PM","6","Information","Microsoft-Windows-FilterManager","CRASHLAB-GOLD","File System Filter 'Wof' (10.0, ‎2089‎-‎07‎-‎14T19:58:05.000000000Z) has successfully loaded and registered with Filter Manager."
"9/8/2026 6:09:01 PM","6","Information","Microsoft-Windows-FilterManager","CRASHLAB-GOLD","File System Filter 'FileInfo' (10.0, ‎2093‎-‎04‎-‎01T18:29:43.000000000Z) has successfully loaded and registered with Filter Manager."
"9/8/2026 6:09:01 PM","16","Information","Microsoft-Windows-HAL","CRASHLAB-GOLD","IOMMU fault reporting has been initialized."
"9/8/2026 6:09:01 PM","20","Information","Microsoft-Windows-Kernel-General","CRASHLAB-GOLD","The leap second configuration has been updated. Reason: Leap second data initialized from registry during boot Leap seconds enabled: true New leap second count: 0 Old leap second count: 0"
"9/8/2026 6:09:01 PM","32","Information","Microsoft-Windows-Kernel-Boot","CRASHLAB-GOLD","The bootmgr spent 0 ms waiting for user input."
"9/8/2026 6:09:01 PM","18","Information","Microsoft-Windows-Kernel-Boot","CRASHLAB-GOLD","There are 0x1 boot options on this system."
"9/8/2026 6:09:01 PM","27","Information","Microsoft-Windows-Kernel-Boot","CRASHLAB-GOLD","The boot type was 0x0."
"9/8/2026 6:09:01 PM","25","Information","Microsoft-Windows-Kernel-Boot","CRASHLAB-GOLD","The boot menu policy was 0x1."
"9/8/2026 6:09:01 PM","238","Information","Microsoft-Windows-Kernel-Boot","CRASHLAB-GOLD","EFI time zone bias: 2047. Daylight flags: 0. Firmware time: ‎2026‎-‎09‎-‎08T18:09:01.000000000Z."
"9/8/2026 6:09:01 PM","247","Information","Microsoft-Windows-Kernel-Boot","CRASHLAB-GOLD","Unable to load Pluton-Windows firmware. StatusCode: STATUS_SUCCESS, Reason: Failed to apply firmware."
"9/8/2026 6:09:01 PM","20","Information","Microsoft-Windows-Kernel-Boot","CRASHLAB-GOLD","The last shutdown's success status was true. The last boot's success status was true."
"9/8/2026 6:09:01 PM","153","Information","Microsoft-Windows-Kernel-Boot","CRASHLAB-GOLD","Virtualization-based security (policies: 0) is disabled."
"9/8/2026 6:09:01 PM","25","Information","Microsoft-Windows-Kernel-General","CRASHLAB-GOLD","The system time was initialized to ‎2026‎-‎09‎-‎09T01:09:01.500000000Z. Loader time: ‎2026‎-‎09‎-‎09T01:09:01.000000000Z Internal boot flags: 0x2 HAL RTC error code: 0x0 RTC time is in UTC: false Soft boot: false Success: true Phase: 0"
"9/8/2026 6:09:01 PM","12","Information","Microsoft-Windows-Kernel-General","CRASHLAB-GOLD","The operating system started at system time ‎2026‎-‎09‎-‎09T01:09:01.500000000Z."
"9/8/2026 6:09:31 PM","13","Information","Microsoft-Windows-Kernel-General","CRASHLAB-GOLD","The operating system is shutting down at system time ‎2026‎-‎09‎-‎09T01:09:31.584328100Z."
"9/8/2026 6:09:31 PM","577","Information","Microsoft-Windows-Kernel-Power","CRASHLAB-GOLD","The system has prepared for a system initiated reboot from Active."
"9/8/2026 6:09:31 PM","109","Information","Microsoft-Windows-Kernel-Power","CRASHLAB-GOLD","The kernel power manager has initiated a shutdown transition. Action: Power Action Reboot Event Code: 0x0 Reason: Kernel API"
"9/8/2026 6:09:06 PM","6013","Information","EventLog","CRASHLAB-GOLD","The system uptime is 5 seconds."
"9/8/2026 6:09:06 PM","6005","Information","EventLog","CRASHLAB-GOLD","The Event log service was started."
"9/8/2026 6:09:06 PM","6009","Information","EventLog","CRASHLAB-GOLD","Microsoft (R) Windows (R) 10.00. 26200 Multiprocessor Free."
"9/8/2026 6:09:30 PM","50037","Information","Microsoft-Windows-Dhcp-Client","CRASHLAB-GOLD","DHCPv4 client service is stopped. ShutDown Flag value is 1"
"9/8/2026 6:09:30 PM","50106","Information","Microsoft-Windows-Dhcp-Client","CRASHLAB-GOLD","DHCPv4 is waiting on DHCPv6 service to stop"
"9/8/2026 6:09:30 PM","51057","Information","Microsoft-Windows-DHCPv6-Client","CRASHLAB-GOLD","DHCPv6 client service stop is almost done.DHCP Context Ref count is 1"
"9/8/2026 6:09:30 PM","51047","Information","Microsoft-Windows-DHCPv6-Client","CRASHLAB-GOLD","DHCPv6 client service is stopped. ShutDown Flag value is 1"
"9/8/2026 6:09:30 PM","50105","Information","Microsoft-Windows-Dhcp-Client","CRASHLAB-GOLD","DHCPv4 client ProcessDHCPRequestForever received TERMINATE_EVENT"
"9/8/2026 6:09:30 PM","50104","Information","Microsoft-Windows-Dhcp-Client","CRASHLAB-GOLD","DHCPv4 client received shutdown notification"
"9/8/2026 6:09:30 PM","6006","Information","EventLog","CRASHLAB-GOLD","The Event log service was stopped."
"9/8/2026 6:09:30 PM","7002","Information","Microsoft-Windows-Winlogon","CRASHLAB-GOLD","User Log-off Notification for Customer Experience Improvement Program"
"9/8/2026 6:09:29 PM","10010","Error","Microsoft-Windows-DistributedCOM","CRASHLAB-GOLD","The server {544C4C52-DE0B-4D14-9510-21745381D5CA} did not register with DCOM within the required timeout."
"9/8/2026 6:09:29 PM","1074","Information","User32","CRASHLAB-GOLD","The process C:\WINDOWS\system32\wbem\wmiprvse.exe (CRASHLAB-GOLD) has initiated the restart of computer CRASHLAB-GOLD on behalf of user CRASHLAB-GOLD\CRASHLAB-GOLDEN for the following reason: No title for this reason could be found Reason Code: 0x80070015 Shut-down Type: restart Comment:"
"9/8/2026 6:08:48 PM","7040","Information","Service Control Manager","CRASHLAB-GOLD","The start type of the Background Intelligent Transfer Service service was changed from auto start to demand start."
"9/8/2026 6:08:20 PM","10016","Warning","Microsoft-Windows-DistributedCOM","CRASHLAB-GOLD","The application-specific permission settings do not grant Local Launch permission for the COM Server application with CLSID Windows.SecurityCenter.SecurityAppBroker and APPID Unavailable to the user NT AUTHORITY\SYSTEM SID (S-1-5-18) from address LocalHost (Using LRPC) running in the application container Unavailable SID (Unavailable). This security permission can be modified using the Component Services administrative tool."
"9/8/2026 6:08:20 PM","10016","Warning","Microsoft-Windows-DistributedCOM","CRASHLAB-GOLD","The application-specific permission settings do not grant Local Launch permission for the COM Server application with CLSID Windows.SecurityCenter.WscDataProtection and APPID Unavailable to the user NT AUTHORITY\SYSTEM SID (S-1-5-18) from address LocalHost (Using LRPC) running in the application container Unavailable SID (Unavailable). This security permission can be modified using the Component Services administrative tool."
"9/8/2026 6:08:20 PM","10016","Warning","Microsoft-Windows-DistributedCOM","CRASHLAB-GOLD","The application-specific permission settings do not grant Local Launch permission for the COM Server application with CLSID Windows.SecurityCenter.WscBrokerManager and APPID Unavailable to the user NT AUTHORITY\SYSTEM SID (S-1-5-18) from address LocalHost (Using LRPC) running in the application container Unavailable SID (Unavailable). This security permission can be modified using the Component Services administrative tool."
"9/8/2026 6:05:55 PM","1025","Information","Microsoft-Windows-TPM-WMI","CRASHLAB-GOLD","The TPM was successfully provisioned and is now ready for use."
"9/8/2026 6:05:55 PM","1282","Information","Microsoft-Windows-TPM-WMI","CRASHLAB-GOLD","The TBS device identifier has been generated."
"9/8/2026 6:05:50 PM","1040","Error","Microsoft-Windows-TPM-WMI","CRASHLAB-GOLD","Pre-attestation health checks confirm a critical component has failed, and the device is not expected to pass attestation. Please see C:\WINDOWS\Logs\MeasuredBoot\0000000008-0000000000.json for detailed information on what checks were made."
"9/8/2026 6:05:50 PM","1041","Information","Microsoft-Windows-TPM-WMI","CRASHLAB-GOLD","Pre-attestation health check detailed information: {""Version"":1,""HealthStatus"":""Cannot be attested"",""Required"":[{""Field"":""TpmPresent"",""Value"":true,""DesiredValue"":true},{""Field"":""TpmMeetsMinimumVersion"",""Value"":true,""DesiredValue"":true},{""Field"":""TpmIsResponsive"",""Value"":true,""DesiredValue"":true},{""Field"":""EkCertIsAvailable"",""Value"":false,""DesiredValue"":true},{""Field"":""TcgLogFound"",""Value"":true,""DesiredValue"":true}],""Expected"":[{""Field"":""PcrsMatchTcgLog"",""Value"":true,""DesiredValue"":true}],""Informational"":[{""Field"":""SecureBootEnabled"",""ValueFromComputer"":false,""ValueFromTcgLog"":false,""DesiredValue"":true,""TcgValueIsVerifiable"":true},{""Field"":""VirtualSecureMemory"",""ValueFromComputer"":false,""ValueFromTcgLog"":false,""DesiredValue"":true,""TcgValueIsVerifiable"":true},{""Field"":""SecureCorePCCompliant"",""ValueFromComputer"":false,""ValueFromTcgLog"":false,""DesiredValue"":true,""TcgValueIsVerifiable"":true}{""Field"":""BootTcgLogFoundInFileSystem"",""Value"":true,""DesiredValue"":true},{""Field"":""CurrentTcgLogFoundInFileSystem"",""Value"":true,""DesiredValue"":true}]}"
"9/8/2026 6:05:50 PM","19","Information","Microsoft-Windows-WindowsUpdateClient","CRASHLAB-GOLD","Installation Successful: Windows successfully installed the following update: 2026-09 .NET Framework Security Update (KB5126052)"
"9/8/2026 6:05:47 PM","16","Information","Microsoft-Windows-Kernel-General","CRASHLAB-GOLD","The access history in hive \??\C:\Users\CRASHLAB-GOLDEN\AppData\Local\Packages\Microsoft.LockApp_cw5n1h2txyewy\Settings\settings.dat was cleared updating 3 keys and creating 1 modified pages."
"9/8/2026 6:05:43 PM","10010","Error","Microsoft-Windows-DistributedCOM","CRASHLAB-GOLD","The server {A7451292-7906-414C-BB7B-DFD32C749E5C} did not register with DCOM within the required timeout."
"9/8/2026 6:05:40 PM","18","Information","TPM","CRASHLAB-GOLD","This event triggers the Trusted Platform Module (TPM) provisioning/status check to run."
"9/8/2026 6:05:38 PM","7001","Information","Microsoft-Windows-Winlogon","CRASHLAB-GOLD","User Log-on Notification for Customer Experience Improvement Program"
"9/8/2026 6:05:37 PM","7040","Information","Service Control Manager","CRASHLAB-GOLD","The start type of the Windows Modules Installer service was changed from auto start to demand start."
"9/8/2026 6:05:37 PM","7026","Information","Service Control Manager","CRASHLAB-GOLD","The following boot-start or system-start driver(s) did not load: dam uiomap"
"9/8/2026 6:05:35 PM","112","Information","Microsoft-Windows-HttpService","CRASHLAB-GOLD","Attempted to reserve URL http://+:10246/MDEServer/. Status 0x0. Process Id 0x4 Executable path , User S-1-5-18"
"9/8/2026 6:05:35 PM","112","Information","Microsoft-Windows-HttpService","CRASHLAB-GOLD","Attempted to reserve URL http://+:10247/apps/. Status 0x0. Process Id 0x4 Executable path , User S-1-5-18"
"9/8/2026 6:05:35 PM","112","Information","Microsoft-Windows-HttpService","CRASHLAB-GOLD","Attempted to reserve URL http://+:10243/WMPNSSv4/. Status 0x0. Process Id 0x4 Executable path , User S-1-5-18"
"9/8/2026 6:05:35 PM","112","Information","Microsoft-Windows-HttpService","CRASHLAB-GOLD","Attempted to reserve URL https://+:10245/WMPNSSv4/. Status 0x0. Process Id 0x4 Executable path , User S-1-5-18"
"9/8/2026 6:05:35 PM","112","Information","Microsoft-Windows-HttpService","CRASHLAB-GOLD","Attempted to reserve URL http://+:80/116B50EB-ECE2-41ac-8429-9F9E963361B7/. Status 0x0. Process Id 0x4 Executable path , User S-1-5-18"
"9/8/2026 6:05:35 PM","112","Information","Microsoft-Windows-HttpService","CRASHLAB-GOLD","Attempted to reserve URL https://+:443/C574AC30-5794-4AEE-B1BB-6651C5315029/. Status 0x0. Process Id 0x4 Executable path , User S-1-5-18"
"9/8/2026 6:05:35 PM","112","Information","Microsoft-Windows-HttpService","CRASHLAB-GOLD","Attempted to reserve URL http://+:80/0131501b-d67f-491b-9a40-c4bf27bcb4d4/. Status 0x0. Process Id 0x4 Executable path , User S-1-5-18"
"9/8/2026 6:05:35 PM","112","Information","Microsoft-Windows-HttpService","CRASHLAB-GOLD","Attempted to reserve URL https://+:443/sra_{BA195980-CD49-458b-9E23-C84EE0ADCD75}/. Status 0x0. Process Id 0x4 Executable path , User S-1-5-18"
"9/8/2026 6:05:35 PM","112","Information","Microsoft-Windows-HttpService","CRASHLAB-GOLD","Attempted to reserve URL https://+:3392/rdp/. Status 0x0. Process Id 0x4 Executable path , User S-1-5-18"
"9/8/2026 6:05:35 PM","112","Information","Microsoft-Windows-HttpService","CRASHLAB-GOLD","Attempted to reserve URL http://+:5985/wsman/. Status 0x0. Process Id 0x4 Executable path , User S-1-5-18"
"9/8/2026 6:05:35 PM","112","Information","Microsoft-Windows-HttpService","CRASHLAB-GOLD","Attempted to reserve URL http://+:47001/wsman/. Status 0x0. Process Id 0x4 Executable path , User S-1-5-18"
"9/8/2026 6:05:35 PM","112","Information","Microsoft-Windows-HttpService","CRASHLAB-GOLD","Attempted to reserve URL https://+:5986/wsman/. Status 0x0. Process Id 0x4 Executable path , User S-1-5-18"
"9/8/2026 6:05:35 PM","112","Information","Microsoft-Windows-HttpService","CRASHLAB-GOLD","Attempted to reserve URL http://*:2869/. Status 0x0. Process Id 0x4 Executable path , User S-1-5-18"
"9/8/2026 6:05:35 PM","112","Information","Microsoft-Windows-HttpService","CRASHLAB-GOLD","Attempted to reserve URL https://*:5358/. Status 0x0. Process Id 0x4 Executable path , User S-1-5-18"
"9/8/2026 6:05:35 PM","112","Information","Microsoft-Windows-HttpService","CRASHLAB-GOLD","Attempted to reserve URL http://+:80/Temporary_Listen_Addresses/. Status 0x0. Process Id 0x4 Executable path , User S-1-5-18"
"9/8/2026 6:05:35 PM","112","Information","Microsoft-Windows-HttpService","CRASHLAB-GOLD","Attempted to reserve URL http://*:5357/. Status 0x0. Process Id 0x4 Executable path , User S-1-5-18"
"9/8/2026 6:05:34 PM","51046","Information","Microsoft-Windows-DHCPv6-Client","CRASHLAB-GOLD","DHCPv6 client service is started"
"9/8/2026 6:05:34 PM","50036","Information","Microsoft-Windows-Dhcp-Client","CRASHLAB-GOLD","DHCPv4 client service is started"
"9/8/2026 6:05:34 PM","50103","Information","Microsoft-Windows-Dhcp-Client","CRASHLAB-GOLD","DHCPv4 client registered for shutdown notification"
"9/8/2026 6:05:34 PM","50036","Information","Microsoft-Windows-Dhcp-Client","CRASHLAB-GOLD","DHCPv4 client service is started"
"9/8/2026 6:05:34 PM","6","Information","Microsoft-Windows-FilterManager","CRASHLAB-GOLD","File System Filter 'bindflt' (10.0, ‎2081‎-‎10‎-‎17T14:34:26.000000000Z) has successfully loaded and registered with Filter Manager."
"9/8/2026 6:05:34 PM","6","Information","Microsoft-Windows-FilterManager","CRASHLAB-GOLD","File System Filter 'UCPD' (10.0, ‎2061‎-‎11‎-‎20T00:48:12.000000000Z) has successfully loaded and registered with Filter Manager."
"9/8/2026 6:05:34 PM","6","Information","Microsoft-Windows-FilterManager","CRASHLAB-GOLD","File System Filter 'storqosflt' (10.0, ‎2016‎-‎04‎-‎28T15:00:23.000000000Z) has successfully loaded and registered with Filter Manager."
"9/8/2026 6:05:34 PM","6","Information","Microsoft-Windows-FilterManager","CRASHLAB-GOLD","File System Filter 'CldFlt' (10.0, ‎1991‎-‎05‎-‎02T13:16:55.000000000Z) has successfully loaded and registered with Filter Manager."
"9/8/2026 6:05:34 PM","1","Information","Microsoft-Windows-FilterManager","CRASHLAB-GOLD","File System Filter 'CldFlt' (Version 10.0, ‎1991‎-‎05‎-‎02T13:16:55.000000000Z) unloaded successfully."
"9/8/2026 6:05:34 PM","6","Information","Microsoft-Windows-FilterManager","CRASHLAB-GOLD","File System Filter 'CldFlt' (10.0, ‎1991‎-‎05‎-‎02T13:16:55.000000000Z) has successfully loaded and registered with Filter Manager."
"9/8/2026 6:05:34 PM","6","Information","Microsoft-Windows-FilterManager","CRASHLAB-GOLD","File System Filter 'UnionFS' (10.0, ‎2017‎-‎11‎-‎02T22:31:51.000000000Z) has successfully loaded and registered with Filter Manager."
"9/8/2026 6:05:34 PM","6","Information","Microsoft-Windows-FilterManager","CRASHLAB-GOLD","File System Filter 'luafv' (10.0, ‎2057‎-‎06‎-‎14T06:55:30.000000000Z) has successfully loaded and registered with Filter Manager."
"9/8/2026 6:05:34 PM","6","Information","Microsoft-Windows-FilterManager","CRASHLAB-GOLD","File System Filter 'wcifs' (10.0, ‎1985‎-‎11‎-‎26T07:47:21.000000000Z) has successfully loaded and registered with Filter Manager."
"9/8/2026 6:05:34 PM","6","Information","Microsoft-Windows-FilterManager","CRASHLAB-GOLD","File System Filter 'bfs' (10.0, ‎2086‎-‎03‎-‎20T04:03:22.000000000Z) has successfully loaded and registered with Filter Manager."
"9/8/2026 6:05:34 PM","6","Information","Microsoft-Windows-FilterManager","CRASHLAB-GOLD","File System Filter 'applockerfltr' (10.0, ‎2033‎-‎08‎-‎14T04:35:15.000000000Z) has successfully loaded and registered with Filter Manager."
"9/8/2026 6:05:33 PM","16983","Information","Microsoft-Windows-Directory-Services-SAM","CRASHLAB-GOLD","The security account manager is now logging periodic summary events for remote clients that call legacy password change or set RPC methods. For more information please see https://go.microsoft.com/fwlink/?linkid=2150956."
"9/8/2026 6:05:33 PM","16977","Information","Microsoft-Windows-Directory-Services-SAM","CRASHLAB-GOLD","The domain is configured with the following minimum password length-related settings. MinimumPasswordLength: 0 RelaxMinimumPasswordLengthLimits: 0 MinimumPasswordLengthAudit: -1 For more information see https://go.microsoft.com/fwlink/?LinkId=2097191."
"9/8/2026 6:05:33 PM","16962","Information","Microsoft-Windows-Directory-Services-SAM","CRASHLAB-GOLD","Remote calls to the SAM database are being restricted using the default security descriptor: O:SYG:SYD:(A;;RC;;;BA). For more information please see http://go.microsoft.com/fwlink/?LinkId=787651."
"9/8/2026 6:05:33 PM","6156","Information","LsaSrv","CRASHLAB-GOLD","Credential Guard auto enablement status. Hardware Requirements for Virtualisation Based Security: 1 Domain Joined: 0 Azure AD Joined: 0 Licensed for Credential Guard: 0 Domain Controller: 0"
"9/8/2026 6:05:33 PM","12","Information","Microsoft-Windows-Wininit","CRASHLAB-GOLD","LSASS.exe was started as a protected process with level: 4."
"9/8/2026 6:05:33 PM","14","Information","Microsoft-Windows-Wininit","CRASHLAB-GOLD","Credential Guard configuration: Registry Configuration: 0x0 Test Configuration: 0 Auto Enablement: 0"
"9/8/2026 6:05:33 PM","23","Information","Microsoft-Windows-Wininit","CRASHLAB-GOLD","Boot App Anti-Rollback: Initialise Completed with status: HRESULT: The operation completed successfully. New timer needed: false New timer waiting for system update completion: false Previous latch timer exists but disabled by registry: false"
"9/8/2026 6:05:33 PM","25","Information","Microsoft-Windows-Wininit","CRASHLAB-GOLD","Boot App Anti-Rollback: Previous timer resumed with status: HRESULT: The operation completed successfully. Previous timer present: false Start time: ‎1601‎-‎01‎-‎01T00:00:00.000000000Z Grace period: 0 Attempted recovery enforcement succeeded: false"
"9/8/2026 6:05:33 PM","19","Information","Microsoft-Windows-Wininit","CRASHLAB-GOLD","Virtualisation Based Security new timer creation status HRESULT: The operation completed successfully. New latch timer needed: false New latch timer waiting for system update completion: false Previous latch timer exists but disabled by registry: false Policy file exists: false"
"9/8/2026 6:05:33 PM","24","Information","Microsoft-Windows-Kernel-General","CRASHLAB-GOLD","The time zone information was refreshed with exit reason 0. Current time zone bias is 420."
"9/8/2026 6:05:33 PM","98","Information","Microsoft-Windows-Ntfs","CRASHLAB-GOLD","Volume \\?\Volume{a6c16a98-825c-474d-aa27-6e56c6cf4e9b} (\Device\HarddiskVolume4) is healthy. No action is needed."
"9/8/2026 6:05:30 PM","55","Information","Microsoft-Windows-Kernel-Processor-Power","CRASHLAB-GOLD","Processor 1 in group 0 exposes the following power management capabilities: Idle state type: ACPI Idle (C) States (1 state(s)) Performance state type: None Nominal Frequency (MHz): 3600 Maximum performance percentage: 100 Minimum performance percentage: 100 Minimum throttle percentage: 100"
"9/8/2026 6:05:30 PM","55","Information","Microsoft-Windows-Kernel-Processor-Power","CRASHLAB-GOLD","Processor 0 in group 0 exposes the following power management capabilities: Idle state type: ACPI Idle (C) States (1 state(s)) Performance state type: None Nominal Frequency (MHz): 3600 Maximum performance percentage: 100 Minimum performance percentage: 100 Minimum throttle percentage: 100"
"9/8/2026 6:05:30 PM","172","Information","Microsoft-Windows-Kernel-Power","CRASHLAB-GOLD","Connectivity state in standby: Disconnected, Reason: NIC compliance"
"9/8/2026 6:05:30 PM","6","Information","Microsoft-Windows-FilterManager","CRASHLAB-GOLD","File System Filter 'npsvctrig' (10.0, ‎1978‎-‎05‎-‎14T02:13:30.000000000Z) has successfully loaded and registered with Filter Manager."
"9/8/2026 6:05:30 PM","6","Information","Microsoft-Windows-FilterManager","CRASHLAB-GOLD","File System Filter 'FileCrypt' (10.0, ‎2075‎-‎08‎-‎31T15:07:07.000000000Z) has successfully loaded and registered with Filter Manager."
"9/8/2026 6:05:30 PM","98","Information","Microsoft-Windows-Ntfs","CRASHLAB-GOLD","Volume C: (\Device\HarddiskVolume3) is healthy. No action is needed."
"9/8/2026 6:05:29 PM","6","Information","Microsoft-Windows-FilterManager","CRASHLAB-GOLD","File System Filter 'WdFilter' (10.0, ‎2028‎-‎06‎-‎06T02:57:32.000000000Z) has successfully loaded and registered with Filter Manager."
"9/8/2026 6:05:29 PM","6","Information","Microsoft-Windows-FilterManager","CRASHLAB-GOLD","File System Filter 'Wof' (10.0, ‎2089‎-‎07‎-‎14T19:58:05.000000000Z) has successfully loaded and registered with Filter Manager."
"9/8/2026 6:05:29 PM","6","Information","Microsoft-Windows-FilterManager","CRASHLAB-GOLD","File System Filter 'FileInfo' (10.0, ‎2093‎-‎04‎-‎01T18:29:43.000000000Z) has successfully loaded and registered with Filter Manager."
"9/8/2026 6:05:29 PM","16","Information","Microsoft-Windows-HAL","CRASHLAB-GOLD","IOMMU fault reporting has been initialized."
"9/8/2026 6:05:29 PM","20","Information","Microsoft-Windows-Kernel-General","CRASHLAB-GOLD","The leap second configuration has been updated. Reason: Leap second data initialized from registry during boot Leap seconds enabled: true New leap second count: 0 Old leap second count: 0"
"9/8/2026 6:05:29 PM","32","Information","Microsoft-Windows-Kernel-Boot","CRASHLAB-GOLD","The bootmgr spent 0 ms waiting for user input."
"9/8/2026 6:05:29 PM","18","Information","Microsoft-Windows-Kernel-Boot","CRASHLAB-GOLD","There are 0x1 boot options on this system."
"9/8/2026 6:05:29 PM","27","Information","Microsoft-Windows-Kernel-Boot","CRASHLAB-GOLD","The boot type was 0x0."
"9/8/2026 6:05:29 PM","25","Information","Microsoft-Windows-Kernel-Boot","CRASHLAB-GOLD","The boot menu policy was 0x1."
"9/8/2026 6:05:29 PM","238","Information","Microsoft-Windows-Kernel-Boot","CRASHLAB-GOLD","EFI time zone bias: 2047. Daylight flags: 0. Firmware time: ‎2026‎-‎09‎-‎08T18:05:29.000000000Z."
"9/8/2026 6:05:29 PM","247","Information","Microsoft-Windows-Kernel-Boot","CRASHLAB-GOLD","Unable to load Pluton-Windows firmware. StatusCode: STATUS_SUCCESS, Reason: Failed to apply firmware."
"9/8/2026 6:05:29 PM","20","Information","Microsoft-Windows-Kernel-Boot","CRASHLAB-GOLD","The last shutdown's success status was true. The last boot's success status was true."
"9/8/2026 6:05:29 PM","153","Information","Microsoft-Windows-Kernel-Boot","CRASHLAB-GOLD","Virtualization-based security (policies: 0) is disabled."
"9/8/2026 6:05:29 PM","25","Information","Microsoft-Windows-Kernel-General","CRASHLAB-GOLD","The system time was initialized to ‎2026‎-‎09‎-‎09T01:05:29.500000000Z. Loader time: ‎2026‎-‎09‎-‎09T01:05:29.000000000Z Internal boot flags: 0x2 HAL RTC error code: 0x0 RTC time is in UTC: false Soft boot: false Success: true Phase: 0"
"9/8/2026 6:05:29 PM","12","Information","Microsoft-Windows-Kernel-General","CRASHLAB-GOLD","The operating system started at system time ‎2026‎-‎09‎-‎09T01:05:29.500000000Z."
"9/8/2026 6:05:15 PM","13","Information","Microsoft-Windows-Kernel-General","CRASHLAB-GOLD","The operating system is shutting down at system time ‎2026‎-‎09‎-‎09T01:05:15.711239600Z."
"9/8/2026 6:05:15 PM","577","Information","Microsoft-Windows-Kernel-Power","CRASHLAB-GOLD","The system has prepared for a system initiated reboot from Active."
"9/8/2026 6:05:15 PM","109","Information","Microsoft-Windows-Kernel-Power","CRASHLAB-GOLD","The kernel power manager has initiated a shutdown transition. Action: Power Action Reboot Event Code: 0x0 Reason: Kernel API"
"9/8/2026 6:05:34 PM","6013","Information","EventLog","CRASHLAB-GOLD","The system uptime is 5 seconds."
"9/8/2026 6:05:34 PM","6005","Information","EventLog","CRASHLAB-GOLD","The Event log service was started."
"9/8/2026 6:05:34 PM","6009","Information","EventLog","CRASHLAB-GOLD","Microsoft (R) Windows (R) 10.00. 26200 Multiprocessor Free."
"9/8/2026 6:05:14 PM","50037","Information","Microsoft-Windows-Dhcp-Client","CRASHLAB-GOLD","DHCPv4 client service is stopped. ShutDown Flag value is 1"
"9/8/2026 6:05:14 PM","50106","Information","Microsoft-Windows-Dhcp-Client","CRASHLAB-GOLD","DHCPv4 is waiting on DHCPv6 service to stop"
"9/8/2026 6:05:14 PM","51057","Information","Microsoft-Windows-DHCPv6-Client","CRASHLAB-GOLD","DHCPv6 client service stop is almost done.DHCP Context Ref count is 1"
"9/8/2026 6:05:14 PM","51047","Information","Microsoft-Windows-DHCPv6-Client","CRASHLAB-GOLD","DHCPv6 client service is stopped. ShutDown Flag value is 1"
"9/8/2026 6:05:14 PM","50105","Information","Microsoft-Windows-Dhcp-Client","CRASHLAB-GOLD","DHCPv4 client ProcessDHCPRequestForever received TERMINATE_EVENT"
"9/8/2026 6:05:14 PM","50104","Information","Microsoft-Windows-Dhcp-Client","CRASHLAB-GOLD","DHCPv4 client received shutdown notification"
"9/8/2026 6:05:14 PM","6006","Information","EventLog","CRASHLAB-GOLD","The Event log service was stopped."
"9/8/2026 6:05:05 PM","7002","Information","Microsoft-Windows-Winlogon","CRASHLAB-GOLD","User Log-off Notification for Customer Experience Improvement Program"
"9/8/2026 6:05:05 PM","100","Warning","winsrvext","CRASHLAB-GOLD","Process C:\Windows\explorer.exe is delaying system shutdown after 5015 milliseconds."
"9/8/2026 6:05:02 PM","10010","Error","Microsoft-Windows-DistributedCOM","CRASHLAB-GOLD","The server {69B7FE84-6361-4423-B948-1D64820B1E96} did not register with DCOM within the required timeout."
"9/8/2026 6:05:01 PM","10010","Error","Microsoft-Windows-DistributedCOM","CRASHLAB-GOLD","The server {544C4C52-DE0B-4D14-9510-21745381D5CA} did not register with DCOM within the required timeout."
"9/8/2026 6:05:01 PM","10010","Error","Microsoft-Windows-DistributedCOM","CRASHLAB-GOLD","The server {FD06603A-2BDF-4BB1-B7DF-5DC68F353601} did not register with DCOM within the required timeout."
"9/8/2026 6:05:00 PM","1074","Information","User32","CRASHLAB-GOLD","The process C:\WINDOWS\uus\packages\preview\AMD64\MoNotificationUx.exe (CRASHLAB-GOLD) has initiated the restart of computer CRASHLAB-GOLD on behalf of user CRASHLAB-GOLD\CRASHLAB-GOLDEN for the following reason: Operating System: Service pack (Planned) Reason Code: 0x80020010 Shut-down Type: restart Comment:"
"9/8/2026 6:04:44 PM","7040","Information","Service Control Manager","CRASHLAB-GOLD","The start type of the Windows Modules Installer service was changed from demand start to auto start."
"9/8/2026 6:04:43 PM","7040","Information","Service Control Manager","CRASHLAB-GOLD","The start type of the Windows Modules Installer service was changed from auto start to demand start."
"9/8/2026 6:04:35 PM","7040","Information","Service Control Manager","CRASHLAB-GOLD","The start type of the Windows Modules Installer service was changed from demand start to auto start."
"9/8/2026 6:04:34 PM","43","Information","Microsoft-Windows-WindowsUpdateClient","CRASHLAB-GOLD","Installation Started: Windows has started installing the following update: 2026-09 .NET Framework Security Update (KB5126052)"
"9/8/2026 6:04:34 PM","19","Information","Microsoft-Windows-WindowsUpdateClient","CRASHLAB-GOLD","Installation Successful: Windows successfully installed the following update: Windows Malicious Software Removal Tool x64 - v5.145 (KB890830)"
"9/8/2026 6:04:29 PM","7040","Information","Service Control Manager","CRASHLAB-GOLD","The start type of the Windows Modules Installer service was changed from auto start to demand start."
"9/8/2026 6:04:18 PM","16","Information","Microsoft-Windows-Kernel-General","CRASHLAB-GOLD","The access history in hive \??\C:\Users\CRASHLAB-GOLDEN\AppData\Local\Packages\Microsoft.SecHealthUI_8wekyb3d8bbwe\Settings\settings.dat was cleared updating 3 keys and creating 1 modified pages."
"9/8/2026 6:04:18 PM","16","Information","Microsoft-Windows-Kernel-General","CRASHLAB-GOLD","The access history in hive \??\C:\ProgramData\Microsoft\Windows\AppRepository\Packages\Microsoft.SecHealthUI_1000.29628.1000.0_x64__8wekyb3d8bbwe\ActivationStore.dat was cleared updating 0 keys and creating 0 modified pages."
"9/8/2026 6:03:50 PM","7040","Information","Service Control Manager","CRASHLAB-GOLD","The start type of the Windows Modules Installer service was changed from demand start to auto start."
"9/8/2026 6:03:50 PM","43","Information","Microsoft-Windows-WindowsUpdateClient","CRASHLAB-GOLD","Installation Started: Windows has started installing the following update: Windows Malicious Software Removal Tool x64 - v5.145 (KB890830)"
"9/8/2026 6:03:40 PM","19","Information","Microsoft-Windows-WindowsUpdateClient","CRASHLAB-GOLD","Installation Successful: Windows successfully installed the following update: Update for Windows Security platform - KB5007651 (Version 10.0.29628.1000)"
"9/8/2026 6:03:40 PM","43","Information","Microsoft-Windows-WindowsUpdateClient","CRASHLAB-GOLD","Installation Started: Windows has started installing the following update: Update for Windows Security platform - KB5007651 (Version 10.0.29628.1000)"
"9/8/2026 6:03:40 PM","44","Information","Microsoft-Windows-WindowsUpdateClient","CRASHLAB-GOLD","Windows Update started downloading an update."
"9/8/2026 6:03:40 PM","44","Information","Microsoft-Windows-WindowsUpdateClient","CRASHLAB-GOLD","Windows Update started downloading an update."
"9/8/2026 6:03:40 PM","44","Information","Microsoft-Windows-WindowsUpdateClient","CRASHLAB-GOLD","Windows Update started downloading an update."
"9/8/2026 6:03:05 PM","7040","Information","Service Control Manager","CRASHLAB-GOLD","The start type of the Remote Access IP ARP Driver service was changed from demand start to auto start."
"9/8/2026 6:02:51 PM","7040","Information","Service Control Manager","CRASHLAB-GOLD","The start type of the Windows Update service was changed from demand start to auto start."
"9/8/2026 6:02:24 PM","10016","Warning","Microsoft-Windows-DistributedCOM","CRASHLAB-GOLD","The application-specific permission settings do not grant Local Launch permission for the COM Server application with CLSID Windows.SecurityCenter.SecurityAppBroker and APPID Unavailable to the user NT AUTHORITY\SYSTEM SID (S-1-5-18) from address LocalHost (Using LRPC) running in the application container Unavailable SID (Unavailable). This security permission can be modified using the Component Services administrative tool."
"9/8/2026 6:02:24 PM","10016","Warning","Microsoft-Windows-DistributedCOM","CRASHLAB-GOLD","The application-specific permission settings do not grant Local Launch permission for the COM Server application with CLSID Windows.SecurityCenter.WscBrokerManager and APPID Unavailable to the user NT AUTHORITY\SYSTEM SID (S-1-5-18) from address LocalHost (Using LRPC) running in the application container Unavailable SID (Unavailable). This security permission can be modified using the Component Services administrative tool."
"9/8/2026 6:02:24 PM","10016","Warning","Microsoft-Windows-DistributedCOM","CRASHLAB-GOLD","The application-specific permission settings do not grant Local Launch permission for the COM Server application with CLSID Windows.SecurityCenter.WscDataProtection and APPID Unavailable to the user NT AUTHORITY\SYSTEM SID (S-1-5-18) from address LocalHost (Using LRPC) running in the application container Unavailable SID (Unavailable). This security permission can be modified using the Component Services administrative tool."
"9/8/2026 6:01:11 PM","7040","Information","Service Control Manager","CRASHLAB-GOLD","The start type of the Background Intelligent Transfer Service service was changed from demand start to auto start."
"9/8/2026 6:00:53 PM","16","Information","Microsoft-Windows-Kernel-General","CRASHLAB-GOLD","The access history in hive \??\C:\Users\CRASHLAB-GOLDEN\AppData\Local\Packages\Microsoft.WindowsNotepad_8wekyb3d8bbwe\Settings\settings.dat was cleared updating 3 keys and creating 1 modified pages."
"9/8/2026 6:00:49 PM","10010","Error","Microsoft-Windows-DistributedCOM","CRASHLAB-GOLD","The server {A7451292-7906-414C-BB7B-DFD32C749E5C} did not register with DCOM within the required timeout."
"9/8/2026 6:00:45 PM","7001","Information","Microsoft-Windows-Winlogon","CRASHLAB-GOLD","User Log-on Notification for Customer Experience Improvement Program"
"9/8/2026 6:00:44 PM","1025","Information","Microsoft-Windows-TPM-WMI","CRASHLAB-GOLD","The TPM was successfully provisioned and is now ready for use."
"9/8/2026 6:00:44 PM","1282","Information","Microsoft-Windows-TPM-WMI","CRASHLAB-GOLD","The TBS device identifier has been generated."
"9/8/2026 6:00:43 PM","18","Information","TPM","CRASHLAB-GOLD","This event triggers the Trusted Platform Module (TPM) provisioning/status check to run."
"9/8/2026 6:00:43 PM","7026","Information","Service Control Manager","CRASHLAB-GOLD","The following boot-start or system-start driver(s) did not load: dam uiomap"
"9/8/2026 6:00:41 PM","1040","Error","Microsoft-Windows-TPM-WMI","CRASHLAB-GOLD","Pre-attestation health checks confirm a critical component has failed, and the device is not expected to pass attestation. Please see C:\WINDOWS\Logs\MeasuredBoot\0000000007-0000000000.json for detailed information on what checks were made."
"9/8/2026 6:00:41 PM","1041","Information","Microsoft-Windows-TPM-WMI","CRASHLAB-GOLD","Pre-attestation health check detailed information: {""Version"":1,""HealthStatus"":""Cannot be attested"",""Required"":[{""Field"":""TpmPresent"",""Value"":true,""DesiredValue"":true},{""Field"":""TpmMeetsMinimumVersion"",""Value"":true,""DesiredValue"":true},{""Field"":""TpmIsResponsive"",""Value"":true,""DesiredValue"":true},{""Field"":""EkCertIsAvailable"",""Value"":false,""DesiredValue"":true},{""Field"":""TcgLogFound"",""Value"":true,""DesiredValue"":true}],""Expected"":[{""Field"":""PcrsMatchTcgLog"",""Value"":true,""DesiredValue"":true}],""Informational"":[{""Field"":""SecureBootEnabled"",""ValueFromComputer"":false,""ValueFromTcgLog"":false,""DesiredValue"":true,""TcgValueIsVerifiable"":true},{""Field"":""VirtualSecureMemory"",""ValueFromComputer"":false,""ValueFromTcgLog"":false,""DesiredValue"":true,""TcgValueIsVerifiable"":true},{""Field"":""SecureCorePCCompliant"",""ValueFromComputer"":false,""ValueFromTcgLog"":false,""DesiredValue"":true,""TcgValueIsVerifiable"":true}{""Field"":""BootTcgLogFoundInFileSystem"",""Value"":true,""DesiredValue"":true},{""Field"":""CurrentTcgLogFoundInFileSystem"",""Value"":true,""DesiredValue"":true}]}"
"9/8/2026 6:00:40 PM","112","Information","Microsoft-Windows-HttpService","CRASHLAB-GOLD","Attempted to reserve URL http://+:10246/MDEServer/. Status 0x0. Process Id 0x4 Executable path , User S-1-5-18"
"9/8/2026 6:00:40 PM","112","Information","Microsoft-Windows-HttpService","CRASHLAB-GOLD","Attempted to reserve URL http://+:10247/apps/. Status 0x0. Process Id 0x4 Executable path , User S-1-5-18"
"9/8/2026 6:00:40 PM","112","Information","Microsoft-Windows-HttpService","CRASHLAB-GOLD","Attempted to reserve URL http://+:10243/WMPNSSv4/. Status 0x0. Process Id 0x4 Executable path , User S-1-5-18"
"9/8/2026 6:00:40 PM","112","Information","Microsoft-Windows-HttpService","CRASHLAB-GOLD","Attempted to reserve URL https://+:10245/WMPNSSv4/. Status 0x0. Process Id 0x4 Executable path , User S-1-5-18"
"9/8/2026 6:00:40 PM","112","Information","Microsoft-Windows-HttpService","CRASHLAB-GOLD","Attempted to reserve URL http://+:80/116B50EB-ECE2-41ac-8429-9F9E963361B7/. Status 0x0. Process Id 0x4 Executable path , User S-1-5-18"
"9/8/2026 6:00:40 PM","112","Information","Microsoft-Windows-HttpService","CRASHLAB-GOLD","Attempted to reserve URL https://+:443/C574AC30-5794-4AEE-B1BB-6651C5315029/. Status 0x0. Process Id 0x4 Executable path , User S-1-5-18"
"9/8/2026 6:00:40 PM","112","Information","Microsoft-Windows-HttpService","CRASHLAB-GOLD","Attempted to reserve URL http://+:80/0131501b-d67f-491b-9a40-c4bf27bcb4d4/. Status 0x0. Process Id 0x4 Executable path , User S-1-5-18"
"9/8/2026 6:00:40 PM","112","Information","Microsoft-Windows-HttpService","CRASHLAB-GOLD","Attempted to reserve URL https://+:443/sra_{BA195980-CD49-458b-9E23-C84EE0ADCD75}/. Status 0x0. Process Id 0x4 Executable path , User S-1-5-18"
"9/8/2026 6:00:40 PM","112","Information","Microsoft-Windows-HttpService","CRASHLAB-GOLD","Attempted to reserve URL https://+:3392/rdp/. Status 0x0. Process Id 0x4 Executable path , User S-1-5-18"
"9/8/2026 6:00:40 PM","112","Information","Microsoft-Windows-HttpService","CRASHLAB-GOLD","Attempted to reserve URL http://+:5985/wsman/. Status 0x0. Process Id 0x4 Executable path , User S-1-5-18"
"9/8/2026 6:00:40 PM","112","Information","Microsoft-Windows-HttpService","CRASHLAB-GOLD","Attempted to reserve URL http://+:47001/wsman/. Status 0x0. Process Id 0x4 Executable path , User S-1-5-18"
"9/8/2026 6:00:40 PM","112","Information","Microsoft-Windows-HttpService","CRASHLAB-GOLD","Attempted to reserve URL https://+:5986/wsman/. Status 0x0. Process Id 0x4 Executable path , User S-1-5-18"
"9/8/2026 6:00:40 PM","112","Information","Microsoft-Windows-HttpService","CRASHLAB-GOLD","Attempted to reserve URL http://*:2869/. Status 0x0. Process Id 0x4 Executable path , User S-1-5-18"
"9/8/2026 6:00:40 PM","112","Information","Microsoft-Windows-HttpService","CRASHLAB-GOLD","Attempted to reserve URL https://*:5358/. Status 0x0. Process Id 0x4 Executable path , User S-1-5-18"
"9/8/2026 6:00:40 PM","112","Information","Microsoft-Windows-HttpService","CRASHLAB-GOLD","Attempted to reserve URL http://+:80/Temporary_Listen_Addresses/. Status 0x0. Process Id 0x4 Executable path , User S-1-5-18"
"9/8/2026 6:00:40 PM","112","Information","Microsoft-Windows-HttpService","CRASHLAB-GOLD","Attempted to reserve URL http://*:5357/. Status 0x0. Process Id 0x4 Executable path , User S-1-5-18"
"9/8/2026 6:00:39 PM","51046","Information","Microsoft-Windows-DHCPv6-Client","CRASHLAB-GOLD","DHCPv6 client service is started"
"9/8/2026 6:00:39 PM","50036","Information","Microsoft-Windows-Dhcp-Client","CRASHLAB-GOLD","DHCPv4 client service is started"
"9/8/2026 6:00:39 PM","50103","Information","Microsoft-Windows-Dhcp-Client","CRASHLAB-GOLD","DHCPv4 client registered for shutdown notification"
"9/8/2026 6:00:39 PM","50036","Information","Microsoft-Windows-Dhcp-Client","CRASHLAB-GOLD","DHCPv4 client service is started"
"9/8/2026 6:00:39 PM","6","Information","Microsoft-Windows-FilterManager","CRASHLAB-GOLD","File System Filter 'bindflt' (10.0, ‎2081‎-‎10‎-‎17T14:34:26.000000000Z) has successfully loaded and registered with Filter Manager."
"9/8/2026 6:00:39 PM","6","Information","Microsoft-Windows-FilterManager","CRASHLAB-GOLD","File System Filter 'UCPD' (10.0, ‎2061‎-‎11‎-‎20T00:48:12.000000000Z) has successfully loaded and registered with Filter Manager."
"9/8/2026 6:00:39 PM","6","Information","Microsoft-Windows-FilterManager","CRASHLAB-GOLD","File System Filter 'storqosflt' (10.0, ‎2016‎-‎04‎-‎28T15:00:23.000000000Z) has successfully loaded and registered with Filter Manager."
"9/8/2026 6:00:39 PM","6","Information","Microsoft-Windows-FilterManager","CRASHLAB-GOLD","File System Filter 'UnionFS' (10.0, ‎2017‎-‎11‎-‎02T22:31:51.000000000Z) has successfully loaded and registered with Filter Manager."
"9/8/2026 6:00:39 PM","6","Information","Microsoft-Windows-FilterManager","CRASHLAB-GOLD","File System Filter 'CldFlt' (10.0, ‎1991‎-‎05‎-‎02T13:16:55.000000000Z) has successfully loaded and registered with Filter Manager."
"9/8/2026 6:00:39 PM","1","Information","Microsoft-Windows-FilterManager","CRASHLAB-GOLD","File System Filter 'CldFlt' (Version 10.0, ‎1991‎-‎05‎-‎02T13:16:55.000000000Z) unloaded successfully."
"9/8/2026 6:00:39 PM","6","Information","Microsoft-Windows-FilterManager","CRASHLAB-GOLD","File System Filter 'CldFlt' (10.0, ‎1991‎-‎05‎-‎02T13:16:55.000000000Z) has successfully loaded and registered with Filter Manager."
"9/8/2026 6:00:39 PM","6","Information","Microsoft-Windows-FilterManager","CRASHLAB-GOLD","File System Filter 'wcifs' (10.0, ‎1985‎-‎11‎-‎26T07:47:21.000000000Z) has successfully loaded and registered with Filter Manager."
"9/8/2026 6:00:39 PM","6","Information","Microsoft-Windows-FilterManager","CRASHLAB-GOLD","File System Filter 'luafv' (10.0, ‎2057‎-‎06‎-‎14T06:55:30.000000000Z) has successfully loaded and registered with Filter Manager."
"9/8/2026 6:00:39 PM","6","Information","Microsoft-Windows-FilterManager","CRASHLAB-GOLD","File System Filter 'bfs' (10.0, ‎2086‎-‎03‎-‎20T04:03:22.000000000Z) has successfully loaded and registered with Filter Manager."
"9/8/2026 6:00:39 PM","6","Information","Microsoft-Windows-FilterManager","CRASHLAB-GOLD","File System Filter 'applockerfltr' (10.0, ‎2033‎-‎08‎-‎14T04:35:15.000000000Z) has successfully loaded and registered with Filter Manager."
"9/8/2026 6:00:38 PM","16983","Information","Microsoft-Windows-Directory-Services-SAM","CRASHLAB-GOLD","The security account manager is now logging periodic summary events for remote clients that call legacy password change or set RPC methods. For more information please see https://go.microsoft.com/fwlink/?linkid=2150956."
"9/8/2026 6:00:38 PM","16977","Information","Microsoft-Windows-Directory-Services-SAM","CRASHLAB-GOLD","The domain is configured with the following minimum password length-related settings. MinimumPasswordLength: 0 RelaxMinimumPasswordLengthLimits: 0 MinimumPasswordLengthAudit: -1 For more information see https://go.microsoft.com/fwlink/?LinkId=2097191."
"9/8/2026 6:00:38 PM","16962","Information","Microsoft-Windows-Directory-Services-SAM","CRASHLAB-GOLD","Remote calls to the SAM database are being restricted using the default security descriptor: O:SYG:SYD:(A;;RC;;;BA). For more information please see http://go.microsoft.com/fwlink/?LinkId=787651."
"9/8/2026 6:00:38 PM","6156","Information","LsaSrv","CRASHLAB-GOLD","Credential Guard auto enablement status. Hardware Requirements for Virtualisation Based Security: 1 Domain Joined: 0 Azure AD Joined: 0 Licensed for Credential Guard: 0 Domain Controller: 0"
"9/8/2026 6:00:38 PM","12","Information","Microsoft-Windows-Wininit","CRASHLAB-GOLD","LSASS.exe was started as a protected process with level: 4."
"9/8/2026 6:00:38 PM","14","Information","Microsoft-Windows-Wininit","CRASHLAB-GOLD","Credential Guard configuration: Registry Configuration: 0x0 Test Configuration: 0 Auto Enablement: 0"
"9/8/2026 6:00:38 PM","23","Information","Microsoft-Windows-Wininit","CRASHLAB-GOLD","Boot App Anti-Rollback: Initialise Completed with status: HRESULT: The operation completed successfully. New timer needed: false New timer waiting for system update completion: false Previous latch timer exists but disabled by registry: false"
"9/8/2026 6:00:38 PM","25","Information","Microsoft-Windows-Wininit","CRASHLAB-GOLD","Boot App Anti-Rollback: Previous timer resumed with status: HRESULT: The operation completed successfully. Previous timer present: false Start time: ‎1601‎-‎01‎-‎01T00:00:00.000000000Z Grace period: 0 Attempted recovery enforcement succeeded: false"
"9/8/2026 6:00:38 PM","19","Information","Microsoft-Windows-Wininit","CRASHLAB-GOLD","Virtualisation Based Security new timer creation status HRESULT: The operation completed successfully. New latch timer needed: false New latch timer waiting for system update completion: false Previous latch timer exists but disabled by registry: false Policy file exists: false"
"9/8/2026 6:00:38 PM","24","Information","Microsoft-Windows-Kernel-General","CRASHLAB-GOLD","The time zone information was refreshed with exit reason 0. Current time zone bias is 420."
"9/8/2026 6:00:38 PM","98","Information","Microsoft-Windows-Ntfs","CRASHLAB-GOLD","Volume \\?\Volume{a6c16a98-825c-474d-aa27-6e56c6cf4e9b} (\Device\HarddiskVolume4) is healthy. No action is needed."
"9/8/2026 6:00:35 PM","55","Information","Microsoft-Windows-Kernel-Processor-Power","CRASHLAB-GOLD","Processor 1 in group 0 exposes the following power management capabilities: Idle state type: ACPI Idle (C) States (1 state(s)) Performance state type: None Nominal Frequency (MHz): 3600 Maximum performance percentage: 100 Minimum performance percentage: 100 Minimum throttle percentage: 100"
"9/8/2026 6:00:35 PM","55","Information","Microsoft-Windows-Kernel-Processor-Power","CRASHLAB-GOLD","Processor 0 in group 0 exposes the following power management capabilities: Idle state type: ACPI Idle (C) States (1 state(s)) Performance state type: None Nominal Frequency (MHz): 3600 Maximum performance percentage: 100 Minimum performance percentage: 100 Minimum throttle percentage: 100"
"9/8/2026 6:00:35 PM","172","Information","Microsoft-Windows-Kernel-Power","CRASHLAB-GOLD","Connectivity state in standby: Disconnected, Reason: NIC compliance"
"9/8/2026 6:00:35 PM","6","Information","Microsoft-Windows-FilterManager","CRASHLAB-GOLD","File System Filter 'npsvctrig' (10.0, ‎1978‎-‎05‎-‎14T02:13:30.000000000Z) has successfully loaded and registered with Filter Manager."
"9/8/2026 6:00:34 PM","6","Information","Microsoft-Windows-FilterManager","CRASHLAB-GOLD","File System Filter 'FileCrypt' (10.0, ‎2075‎-‎08‎-‎31T15:07:07.000000000Z) has successfully loaded and registered with Filter Manager."
"9/8/2026 6:00:34 PM","98","Information","Microsoft-Windows-Ntfs","CRASHLAB-GOLD","Volume C: (\Device\HarddiskVolume3) is healthy. No action is needed."
"9/8/2026 6:00:24 PM","6","Information","Microsoft-Windows-FilterManager","CRASHLAB-GOLD","File System Filter 'WdFilter' (10.0, ‎2028‎-‎06‎-‎06T02:57:32.000000000Z) has successfully loaded and registered with Filter Manager."
"9/8/2026 6:00:24 PM","6","Information","Microsoft-Windows-FilterManager","CRASHLAB-GOLD","File System Filter 'Wof' (10.0, ‎2089‎-‎07‎-‎14T19:58:05.000000000Z) has successfully loaded and registered with Filter Manager."
"9/8/2026 6:00:24 PM","6","Information","Microsoft-Windows-FilterManager","CRASHLAB-GOLD","File System Filter 'FileInfo' (10.0, ‎2093‎-‎04‎-‎01T18:29:43.000000000Z) has successfully loaded and registered with Filter Manager."
"9/8/2026 6:00:21 PM","16","Information","Microsoft-Windows-HAL","CRASHLAB-GOLD","IOMMU fault reporting has been initialized."
"9/8/2026 6:00:21 PM","20","Information","Microsoft-Windows-Kernel-General","CRASHLAB-GOLD","The leap second configuration has been updated. Reason: Leap second data initialized from registry during boot Leap seconds enabled: true New leap second count: 0 Old leap second count: 0"
"9/8/2026 6:00:21 PM","32","Information","Microsoft-Windows-Kernel-Boot","CRASHLAB-GOLD","The bootmgr spent 0 ms waiting for user input."
"9/8/2026 6:00:21 PM","18","Information","Microsoft-Windows-Kernel-Boot","CRASHLAB-GOLD","There are 0x1 boot options on this system."
"9/8/2026 6:00:21 PM","27","Information","Microsoft-Windows-Kernel-Boot","CRASHLAB-GOLD","The boot type was 0x0."
"9/8/2026 6:00:21 PM","25","Information","Microsoft-Windows-Kernel-Boot","CRASHLAB-GOLD","The boot menu policy was 0x1."
"9/8/2026 6:00:21 PM","238","Information","Microsoft-Windows-Kernel-Boot","CRASHLAB-GOLD","EFI time zone bias: 2047. Daylight flags: 0. Firmware time: ‎2026‎-‎09‎-‎08T18:00:21.000000000Z."
"9/8/2026 6:00:21 PM","247","Information","Microsoft-Windows-Kernel-Boot","CRASHLAB-GOLD","Unable to load Pluton-Windows firmware. StatusCode: STATUS_SUCCESS, Reason: Failed to apply firmware."
"9/8/2026 6:00:21 PM","20","Information","Microsoft-Windows-Kernel-Boot","CRASHLAB-GOLD","The last shutdown's success status was true. The last boot's success status was true."
"9/8/2026 6:00:21 PM","153","Information","Microsoft-Windows-Kernel-Boot","CRASHLAB-GOLD","Virtualization-based security (policies: 0) is disabled."
"9/8/2026 6:00:21 PM","25","Information","Microsoft-Windows-Kernel-General","CRASHLAB-GOLD","The system time was initialized to ‎2026‎-‎09‎-‎09T01:00:21.500000000Z. Loader time: ‎2026‎-‎09‎-‎09T01:00:21.000000000Z Internal boot flags: 0x2 HAL RTC error code: 0x0 RTC time is in UTC: false Soft boot: false Success: true Phase: 0"
"9/8/2026 6:00:21 PM","12","Information","Microsoft-Windows-Kernel-General","CRASHLAB-GOLD","The operating system started at system time ‎2026‎-‎09‎-‎09T01:00:21.500000000Z."
"9/8/2026 5:58:13 PM","13","Information","Microsoft-Windows-Kernel-General","CRASHLAB-GOLD","The operating system is shutting down at system time ‎2026‎-‎09‎-‎09T00:58:13.659186300Z."
"9/8/2026 5:58:13 PM","577","Information","Microsoft-Windows-Kernel-Power","CRASHLAB-GOLD","The system has prepared for a system initiated reboot from Active."
"9/8/2026 5:58:13 PM","109","Information","Microsoft-Windows-Kernel-Power","CRASHLAB-GOLD","The kernel power manager has initiated a shutdown transition. Action: Power Action Shutdown Event Code: 0x0 Reason: Kernel API"
"9/8/2026 6:00:39 PM","6013","Information","EventLog","CRASHLAB-GOLD","The system uptime is 18 seconds."
"9/8/2026 6:00:39 PM","6005","Information","EventLog","CRASHLAB-GOLD","The Event log service was started."
"9/8/2026 6:00:39 PM","6009","Information","EventLog","CRASHLAB-GOLD","Microsoft (R) Windows (R) 10.00. 26200 Multiprocessor Free."
"9/8/2026 5:58:12 PM","50037","Information","Microsoft-Windows-Dhcp-Client","CRASHLAB-GOLD","DHCPv4 client service is stopped. ShutDown Flag value is 1"
"9/8/2026 5:58:12 PM","51057","Information","Microsoft-Windows-DHCPv6-Client","CRASHLAB-GOLD","DHCPv6 client service stop is almost done.DHCP Context Ref count is 1"
"9/8/2026 5:58:12 PM","51047","Information","Microsoft-Windows-DHCPv6-Client","CRASHLAB-GOLD","DHCPv6 client service is stopped. ShutDown Flag value is 1"
"9/8/2026 5:58:12 PM","50106","Information","Microsoft-Windows-Dhcp-Client","CRASHLAB-GOLD","DHCPv4 is waiting on DHCPv6 service to stop"
"9/8/2026 5:58:12 PM","50105","Information","Microsoft-Windows-Dhcp-Client","CRASHLAB-GOLD","DHCPv4 client ProcessDHCPRequestForever received TERMINATE_EVENT"
"9/8/2026 5:58:12 PM","50104","Information","Microsoft-Windows-Dhcp-Client","CRASHLAB-GOLD","DHCPv4 client received shutdown notification"
"9/8/2026 5:58:12 PM","6006","Information","EventLog","CRASHLAB-GOLD","The Event log service was stopped."
"9/8/2026 5:58:00 PM","7040","Information","Service Control Manager","CRASHLAB-GOLD","The start type of the Background Intelligent Transfer Service service was changed from auto start to demand start."
"9/8/2026 5:57:35 PM","7040","Information","Service Control Manager","CRASHLAB-GOLD","The start type of the Windows Modules Installer service was changed from auto start to demand start."
"9/8/2026 5:57:25 PM","7002","Information","Microsoft-Windows-Winlogon","CRASHLAB-GOLD","User Log-off Notification for Customer Experience Improvement Program"
"9/8/2026 5:57:23 PM","10010","Error","Microsoft-Windows-DistributedCOM","CRASHLAB-GOLD","The server {544C4C52-DE0B-4D14-9510-21745381D5CA} did not register with DCOM within the required timeout."
"9/8/2026 5:57:22 PM","1074","Information","User32","CRASHLAB-GOLD","The process C:\WINDOWS\system32\wbem\wmiprvse.exe (CRASHLAB-GOLD) has initiated the shutdown of computer CRASHLAB-GOLD on behalf of user CRASHLAB-GOLD\CRASHLAB-GOLDEN for the following reason: No title for this reason could be found Reason Code: 0x80070015 Shut-down Type: shutdown Comment:"
"9/8/2026 5:56:12 PM","7040","Information","Service Control Manager","CRASHLAB-GOLD","The start type of the Background Intelligent Transfer Service service was changed from demand start to auto start."
"9/8/2026 5:55:58 PM","16","Information","Microsoft-Windows-Kernel-General","CRASHLAB-GOLD","The access history in hive \??\C:\Users\CRASHLAB-GOLDEN\AppData\Local\Packages\Microsoft.DesktopAppInstaller_8wekyb3d8bbwe\Settings\settings.dat was cleared updating 3 keys and creating 1 modified pages."
"9/8/2026 5:55:42 PM","7040","Information","Service Control Manager","CRASHLAB-GOLD","The start type of the Background Intelligent Transfer Service service was changed from auto start to demand start."
"9/8/2026 5:53:05 PM","566","Information","Microsoft-Windows-Kernel-Power","CRASHLAB-GOLD","The system session has transitioned from 1 to 3. Reason InputHid BootId: 6"
"9/8/2026 5:52:24 PM","566","Information","Microsoft-Windows-Kernel-Power","CRASHLAB-GOLD","The system session has transitioned from 0 to 1. Reason SessionUnlock BootId: 6"
"9/8/2026 5:51:59 PM","19","Information","Microsoft-Windows-WindowsUpdateClient","CRASHLAB-GOLD","Installation Successful: Windows successfully installed the following update: 9MZ95KL8MR0L-Microsoft.ScreenSketch"
"9/8/2026 5:51:58 PM","16","Information","Microsoft-Windows-Kernel-General","CRASHLAB-GOLD","The access history in hive \??\C:\Users\CRASHLAB-GOLDEN\AppData\Local\Packages\Microsoft.ScreenSketch_8wekyb3d8bbwe\Settings\settings.dat was cleared updating 3 keys and creating 1 modified pages."
"9/8/2026 5:51:58 PM","43","Information","Microsoft-Windows-WindowsUpdateClient","CRASHLAB-GOLD","Installation Started: Windows has started installing the following update: 9MZ95KL8MR0L-Microsoft.ScreenSketch"
"9/8/2026 5:51:58 PM","19","Information","Microsoft-Windows-WindowsUpdateClient","CRASHLAB-GOLD","Installation Successful: Windows successfully installed the following update: 9NKRJ3SJ9SDG-Microsoft.WindowsAppRuntime.1.8"
"9/8/2026 5:51:56 PM","43","Information","Microsoft-Windows-WindowsUpdateClient","CRASHLAB-GOLD","Installation Started: Windows has started installing the following update: 9NKRJ3SJ9SDG-Microsoft.WindowsAppRuntime.1.8"
"9/8/2026 5:51:56 PM","19","Information","Microsoft-Windows-WindowsUpdateClient","CRASHLAB-GOLD","Installation Successful: Windows successfully installed the following update: 9NSTH9KHZDLQ-Microsoft.UI.Xaml.2.8"
"9/8/2026 5:51:56 PM","43","Information","Microsoft-Windows-WindowsUpdateClient","CRASHLAB-GOLD","Installation Started: Windows has started installing the following update: 9NSTH9KHZDLQ-Microsoft.UI.Xaml.2.8"
"9/8/2026 5:51:53 PM","16","Information","Microsoft-Windows-Kernel-General","CRASHLAB-GOLD","The access history in hive \??\C:\ProgramData\Microsoft\Windows\AppRepository\Packages\Microsoft.WindowsAppRuntime.1.8_8000.946.1701.0_x64__8wekyb3d8bbwe\ActivationStore.dat was cleared updating 0 keys and creating 0 modified pages."
"9/8/2026 5:51:49 PM","16","Information","Microsoft-Windows-Kernel-General","CRASHLAB-GOLD","The access history in hive \??\C:\ProgramData\Microsoft\Windows\AppRepository\Packages\Microsoft.WindowsAppRuntime.1.8_8000.946.1701.0_x86__8wekyb3d8bbwe\ActivationStore.dat was cleared updating 0 keys and creating 0 modified pages."
"9/8/2026 5:51:42 PM","16","Information","Microsoft-Windows-Kernel-General","CRASHLAB-GOLD","The access history in hive \??\C:\ProgramData\Microsoft\Windows\AppRepository\Packages\Microsoft.ScreenSketch_11.2605.38.0_x64__8wekyb3d8bbwe\ActivationStore.dat was cleared updating 0 keys and creating 0 modified pages."
"9/8/2026 5:51:42 PM","44","Information","Microsoft-Windows-WindowsUpdateClient","CRASHLAB-GOLD","Windows Update started downloading an update."
"9/8/2026 5:51:28 PM","20","Error","Microsoft-Windows-WindowsUpdateClient","CRASHLAB-GOLD","Installation Failure: Windows failed to install the following update with error 0x80073D02: 9WZDNCRFJBMP-MICROSOFT.WINDOWSSTORE."
"9/8/2026 5:51:28 PM","43","Information","Microsoft-Windows-WindowsUpdateClient","CRASHLAB-GOLD","Installation Started: Windows has started installing the following update: 9WZDNCRFJBMP-MICROSOFT.WINDOWSSTORE"
"9/8/2026 5:51:28 PM","19","Information","Microsoft-Windows-WindowsUpdateClient","CRASHLAB-GOLD","Installation Successful: Windows successfully installed the following update: 9NSTH9KHZDLQ-Microsoft.UI.Xaml.2.8"
"9/8/2026 5:51:28 PM","43","Information","Microsoft-Windows-WindowsUpdateClient","CRASHLAB-GOLD","Installation Started: Windows has started installing the following update: 9NSTH9KHZDLQ-Microsoft.UI.Xaml.2.8"
"9/8/2026 5:51:28 PM","19","Information","Microsoft-Windows-WindowsUpdateClient","CRASHLAB-GOLD","Installation Successful: Windows successfully installed the following update: 9PCFS5B6T72H-Microsoft.Paint"
"9/8/2026 5:51:27 PM","16","Information","Microsoft-Windows-Kernel-General","CRASHLAB-GOLD","The access history in hive \??\C:\Users\CRASHLAB-GOLDEN\AppData\Local\Packages\Microsoft.Paint_8wekyb3d8bbwe\Settings\settings.dat was cleared updating 3 keys and creating 1 modified pages."
"9/8/2026 5:51:27 PM","43","Information","Microsoft-Windows-WindowsUpdateClient","CRASHLAB-GOLD","Installation Started: Windows has started installing the following update: 9PCFS5B6T72H-Microsoft.Paint"
"9/8/2026 5:51:22 PM","16","Information","Microsoft-Windows-Kernel-General","CRASHLAB-GOLD","The access history in hive \??\C:\ProgramData\Microsoft\Windows\AppRepository\Packages\Microsoft.WindowsStore_22607.1401.9.0_x64__8wekyb3d8bbwe\ActivationStore.dat was cleared updating 0 keys and creating 0 modified pages."
"9/8/2026 5:51:20 PM","16","Information","Microsoft-Windows-Kernel-General","CRASHLAB-GOLD","The access history in hive \??\C:\ProgramData\Microsoft\Windows\AppRepository\Packages\Microsoft.Paint_11.2605.81.0_x64__8wekyb3d8bbwe\ActivationStore.dat was cleared updating 0 keys and creating 0 modified pages."
"9/8/2026 5:51:19 PM","44","Information","Microsoft-Windows-WindowsUpdateClient","CRASHLAB-GOLD","Windows Update started downloading an update."
"9/8/2026 5:51:19 PM","44","Information","Microsoft-Windows-WindowsUpdateClient","CRASHLAB-GOLD","Windows Update started downloading an update."
"9/8/2026 5:51:18 PM","44","Information","Microsoft-Windows-WindowsUpdateClient","CRASHLAB-GOLD","Windows Update started downloading an update."
"9/8/2026 5:51:18 PM","44","Information","Microsoft-Windows-WindowsUpdateClient","CRASHLAB-GOLD","Windows Update started downloading an update."
"9/8/2026 5:51:18 PM","44","Information","Microsoft-Windows-WindowsUpdateClient","CRASHLAB-GOLD","Windows Update started downloading an update."
"9/8/2026 5:51:18 PM","44","Information","Microsoft-Windows-WindowsUpdateClient","CRASHLAB-GOLD","Windows Update started downloading an update."
"9/8/2026 5:51:18 PM","44","Information","Microsoft-Windows-WindowsUpdateClient","CRASHLAB-GOLD","Windows Update started downloading an update."
"9/8/2026 5:51:17 PM","16","Information","Microsoft-Windows-Kernel-General","CRASHLAB-GOLD","The access history in hive \??\C:\ProgramData\Microsoft\Windows\AppRepository\Packages\Microsoft.UI.Xaml.2.8_8.2501.31001.0_x86__8wekyb3d8bbwe\ActivationStore.dat was cleared updating 0 keys and creating 0 modified pages."
"9/8/2026 5:51:16 PM","7040","Information","Service Control Manager","CRASHLAB-GOLD","The start type of the Windows Modules Installer service was changed from demand start to auto start."
"9/8/2026 5:51:15 PM","44","Information","Microsoft-Windows-WindowsUpdateClient","CRASHLAB-GOLD","Windows Update started downloading an update."
"9/8/2026 5:51:15 PM","44","Information","Microsoft-Windows-WindowsUpdateClient","CRASHLAB-GOLD","Windows Update started downloading an update."
"9/8/2026 5:51:15 PM","44","Information","Microsoft-Windows-WindowsUpdateClient","CRASHLAB-GOLD","Windows Update started downloading an update."
"9/8/2026 5:51:15 PM","44","Information","Microsoft-Windows-WindowsUpdateClient","CRASHLAB-GOLD","Windows Update started downloading an update."
"9/8/2026 5:51:15 PM","44","Information","Microsoft-Windows-WindowsUpdateClient","CRASHLAB-GOLD","Windows Update started downloading an update."
"9/8/2026 5:51:15 PM","44","Information","Microsoft-Windows-WindowsUpdateClient","CRASHLAB-GOLD","Windows Update started downloading an update."
"9/8/2026 5:51:15 PM","44","Information","Microsoft-Windows-WindowsUpdateClient","CRASHLAB-GOLD","Windows Update started downloading an update."
"9/8/2026 5:51:15 PM","44","Information","Microsoft-Windows-WindowsUpdateClient","CRASHLAB-GOLD","Windows Update started downloading an update."
"9/8/2026 5:51:15 PM","44","Information","Microsoft-Windows-WindowsUpdateClient","CRASHLAB-GOLD","Windows Update started downloading an update."
"9/8/2026 5:51:15 PM","44","Information","Microsoft-Windows-WindowsUpdateClient","CRASHLAB-GOLD","Windows Update started downloading an update."
"9/8/2026 5:51:15 PM","44","Information","Microsoft-Windows-WindowsUpdateClient","CRASHLAB-GOLD","Windows Update started downloading an update."
"9/8/2026 5:51:15 PM","44","Information","Microsoft-Windows-WindowsUpdateClient","CRASHLAB-GOLD","Windows Update started downloading an update."
"9/8/2026 5:51:15 PM","44","Information","Microsoft-Windows-WindowsUpdateClient","CRASHLAB-GOLD","Windows Update started downloading an update."
"9/8/2026 5:51:13 PM","20","Error","Microsoft-Windows-WindowsUpdateClient","CRASHLAB-GOLD","Installation Failure: Windows failed to install the following update with error 0x80073D02: 9MSMLRH6LZF3-Microsoft.WindowsNotepad."
"9/8/2026 5:51:13 PM","20","Error","Microsoft-Windows-WindowsUpdateClient","CRASHLAB-GOLD","Installation Failure: Windows failed to install the following update with error 0x80073D02: 9MSSGKG348SP-MicrosoftWindows.Client.WebExperience."
"9/8/2026 5:51:13 PM","43","Information","Microsoft-Windows-WindowsUpdateClient","CRASHLAB-GOLD","Installation Started: Windows has started installing the following update: 9MSMLRH6LZF3-Microsoft.WindowsNotepad"
"9/8/2026 5:51:13 PM","19","Information","Microsoft-Windows-WindowsUpdateClient","CRASHLAB-GOLD","Installation Successful: Windows successfully installed the following update: 9NRZT3Q9R3DL-Microsoft.WindowsAppRuntime.2"
"9/8/2026 5:51:13 PM","43","Information","Microsoft-Windows-WindowsUpdateClient","CRASHLAB-GOLD","Installation Started: Windows has started installing the following update: 9MSSGKG348SP-MicrosoftWindows.Client.WebExperience"
"9/8/2026 5:51:13 PM","20","Error","Microsoft-Windows-WindowsUpdateClient","CRASHLAB-GOLD","Installation Failure: Windows failed to install the following update with error 0x80240016: 9NRZT3Q9R3DL-Microsoft.WindowsAppRuntime.2."
"9/8/2026 5:51:13 PM","19","Information","Microsoft-Windows-WindowsUpdateClient","CRASHLAB-GOLD","Installation Successful: Windows successfully installed the following update: 9NBLGGH3FRZM-Microsoft.VCLibs.140.00"
"9/8/2026 5:51:12 PM","43","Information","Microsoft-Windows-WindowsUpdateClient","CRASHLAB-GOLD","Installation Started: Windows has started installing the following update: 9NRZT3Q9R3DL-Microsoft.WindowsAppRuntime.2"
"9/8/2026 5:51:12 PM","20","Error","Microsoft-Windows-WindowsUpdateClient","CRASHLAB-GOLD","Installation Failure: Windows failed to install the following update with error 0x80240016: 9NBLGGH3FRZM-Microsoft.VCLibs.140.00."
"9/8/2026 5:51:12 PM","43","Information","Microsoft-Windows-WindowsUpdateClient","CRASHLAB-GOLD","Installation Started: Windows has started installing the following update: 9NBLGGH3FRZM-Microsoft.VCLibs.140.00"
"9/8/2026 5:51:12 PM","19","Information","Microsoft-Windows-WindowsUpdateClient","CRASHLAB-GOLD","Installation Successful: Windows successfully installed the following update: 9NBLGGH4RV3K-Microsoft.VCLibs.140.00.UWPDesktop"
"9/8/2026 5:51:12 PM","20","Error","Microsoft-Windows-WindowsUpdateClient","CRASHLAB-GOLD","Installation Failure: Windows failed to install the following update with error 0x80240016: 9NBLGGH4RV3K-Microsoft.VCLibs.140.00.UWPDesktop."
"9/8/2026 5:51:12 PM","43","Information","Microsoft-Windows-WindowsUpdateClient","CRASHLAB-GOLD","Installation Started: Windows has started installing the following update: 9NBLGGH4RV3K-Microsoft.VCLibs.140.00.UWPDesktop"
"9/8/2026 5:51:08 PM","16","Information","Microsoft-Windows-Kernel-General","CRASHLAB-GOLD","The access history in hive \??\C:\ProgramData\Microsoft\Windows\AppRepository\Packages\MicrosoftWindows.Client.WebExperience_526.21100.40.0_x64__cw5n1h2txyewy\ActivationStore.dat was cleared updating 0 keys and creating 0 modified pages."
"9/8/2026 5:51:08 PM","44","Information","Microsoft-Windows-WindowsUpdateClient","CRASHLAB-GOLD","Windows Update started downloading an update."
"9/8/2026 5:51:08 PM","44","Information","Microsoft-Windows-WindowsUpdateClient","CRASHLAB-GOLD","Windows Update started downloading an update."
"9/8/2026 5:51:08 PM","44","Information","Microsoft-Windows-WindowsUpdateClient","CRASHLAB-GOLD","Windows Update started downloading an update."
"9/8/2026 5:51:08 PM","44","Information","Microsoft-Windows-WindowsUpdateClient","CRASHLAB-GOLD","Windows Update started downloading an update."
"9/8/2026 5:51:07 PM","16","Information","Microsoft-Windows-Kernel-General","CRASHLAB-GOLD","The access history in hive \??\C:\ProgramData\Microsoft\Windows\AppRepository\Packages\Microsoft.WindowsNotepad_11.2607.14.0_x64__8wekyb3d8bbwe\ActivationStore.dat was cleared updating 0 keys and creating 0 modified pages."
"9/8/2026 5:51:03 PM","44","Information","Microsoft-Windows-WindowsUpdateClient","CRASHLAB-GOLD","Windows Update started downloading an update."
"9/8/2026 5:51:03 PM","44","Information","Microsoft-Windows-WindowsUpdateClient","CRASHLAB-GOLD","Windows Update started downloading an update."
"9/8/2026 5:51:03 PM","44","Information","Microsoft-Windows-WindowsUpdateClient","CRASHLAB-GOLD","Windows Update started downloading an update."
"9/8/2026 5:51:03 PM","44","Information","Microsoft-Windows-WindowsUpdateClient","CRASHLAB-GOLD","Windows Update started downloading an update."
"9/8/2026 5:51:02 PM","44","Information","Microsoft-Windows-WindowsUpdateClient","CRASHLAB-GOLD","Windows Update started downloading an update."
"9/8/2026 5:51:02 PM","44","Information","Microsoft-Windows-WindowsUpdateClient","CRASHLAB-GOLD","Windows Update started downloading an update."
"9/8/2026 5:51:02 PM","44","Information","Microsoft-Windows-WindowsUpdateClient","CRASHLAB-GOLD","Windows Update started downloading an update."
"9/8/2026 5:51:02 PM","44","Information","Microsoft-Windows-WindowsUpdateClient","CRASHLAB-GOLD","Windows Update started downloading an update."
"9/8/2026 5:51:00 PM","44","Information","Microsoft-Windows-WindowsUpdateClient","CRASHLAB-GOLD","Windows Update started downloading an update."
"9/8/2026 5:51:00 PM","44","Information","Microsoft-Windows-WindowsUpdateClient","CRASHLAB-GOLD","Windows Update started downloading an update."
"9/8/2026 5:51:00 PM","44","Information","Microsoft-Windows-WindowsUpdateClient","CRASHLAB-GOLD","Windows Update started downloading an update."
"9/8/2026 5:51:00 PM","44","Information","Microsoft-Windows-WindowsUpdateClient","CRASHLAB-GOLD","Windows Update started downloading an update."
"9/8/2026 5:51:00 PM","44","Information","Microsoft-Windows-WindowsUpdateClient","CRASHLAB-GOLD","Windows Update started downloading an update."
"9/8/2026 5:50:51 PM","44","Information","Microsoft-Windows-WindowsUpdateClient","CRASHLAB-GOLD","Windows Update started downloading an update."
"9/8/2026 5:50:51 PM","44","Information","Microsoft-Windows-WindowsUpdateClient","CRASHLAB-GOLD","Windows Update started downloading an update."
"9/8/2026 5:50:51 PM","44","Information","Microsoft-Windows-WindowsUpdateClient","CRASHLAB-GOLD","Windows Update started downloading an update."
"9/8/2026 5:50:51 PM","44","Information","Microsoft-Windows-WindowsUpdateClient","CRASHLAB-GOLD","Windows Update started downloading an update."
"9/8/2026 5:50:51 PM","44","Information","Microsoft-Windows-WindowsUpdateClient","CRASHLAB-GOLD","Windows Update started downloading an update."
"9/8/2026 5:50:51 PM","44","Information","Microsoft-Windows-WindowsUpdateClient","CRASHLAB-GOLD","Windows Update started downloading an update."
"9/8/2026 5:50:51 PM","44","Information","Microsoft-Windows-WindowsUpdateClient","CRASHLAB-GOLD","Windows Update started downloading an update."
"9/8/2026 5:50:51 PM","44","Information","Microsoft-Windows-WindowsUpdateClient","CRASHLAB-GOLD","Windows Update started downloading an update."
"9/8/2026 5:50:51 PM","44","Information","Microsoft-Windows-WindowsUpdateClient","CRASHLAB-GOLD","Windows Update started downloading an update."
"9/8/2026 5:50:51 PM","44","Information","Microsoft-Windows-WindowsUpdateClient","CRASHLAB-GOLD","Windows Update started downloading an update."
"9/8/2026 5:50:49 PM","44","Information","Microsoft-Windows-WindowsUpdateClient","CRASHLAB-GOLD","Windows Update started downloading an update."
"9/8/2026 5:50:49 PM","44","Information","Microsoft-Windows-WindowsUpdateClient","CRASHLAB-GOLD","Windows Update started downloading an update."
"9/8/2026 5:50:47 PM","44","Information","Microsoft-Windows-WindowsUpdateClient","CRASHLAB-GOLD","Windows Update started downloading an update."
"9/8/2026 5:50:47 PM","44","Information","Microsoft-Windows-WindowsUpdateClient","CRASHLAB-GOLD","Windows Update started downloading an update."
"9/8/2026 5:50:47 PM","44","Information","Microsoft-Windows-WindowsUpdateClient","CRASHLAB-GOLD","Windows Update started downloading an update."
"9/8/2026 5:50:47 PM","44","Information","Microsoft-Windows-WindowsUpdateClient","CRASHLAB-GOLD","Windows Update started downloading an update."
"9/8/2026 5:50:47 PM","44","Information","Microsoft-Windows-WindowsUpdateClient","CRASHLAB-GOLD","Windows Update started downloading an update."
"9/8/2026 5:49:55 PM","7040","Information","Service Control Manager","CRASHLAB-GOLD","The start type of the Windows Update service was changed from disabled to demand start."
"9/8/2026 5:49:55 PM","16","Information","Microsoft-Windows-Kernel-General","CRASHLAB-GOLD","The access history in hive \??\C:\Users\CRASHLAB-GOLDEN\AppData\Local\Packages\Microsoft.OutlookForWindows_8wekyb3d8bbwe\Settings\settings.dat was cleared updating 3 keys and creating 1 modified pages."
"9/8/2026 5:49:53 PM","16","Information","Microsoft-Windows-Kernel-General","CRASHLAB-GOLD","The access history in hive \??\C:\ProgramData\Microsoft\Windows\AppRepository\Packages\Microsoft.OutlookForWindows_1.2026.818.100_x64__8wekyb3d8bbwe\ActivationStore.dat was cleared updating 0 keys and creating 0 modified pages."
"9/8/2026 5:42:03 PM","16","Information","Microsoft-Windows-Kernel-General","CRASHLAB-GOLD","The access history in hive \??\C:\Users\CRASHLAB-GOLDEN\AppData\Local\Packages\MicrosoftWindows.Client.WebExperience_cw5n1h2txyewy\Settings\settings.dat was cleared updating 3 keys and creating 1 modified pages."
"9/8/2026 5:41:01 PM","1796","Error","Microsoft-Windows-TPM-WMI","CRASHLAB-GOLD","The Secure Boot update failed to update SBAT with error Secure Boot is not enabled on this machine.. For more information, please see https://go.microsoft.com/fwlink/?linkid=2169931"
"9/8/2026 5:41:01 PM","1796","Error","Microsoft-Windows-TPM-WMI","CRASHLAB-GOLD","The Secure Boot update failed to update DBX with error Secure Boot is not enabled on this machine.. For more information, please see https://go.microsoft.com/fwlink/?linkid=2169931"
"9/8/2026 5:41:01 PM","1808","Information","Microsoft-Windows-TPM-WMI","CRASHLAB-GOLD","This device has updated Secure Boot CA/keys. This device signature information is included here. DeviceAttributes: BaseBoardManufacturer:Oracle Corporation;FirmwareManufacturer:innotek GmbH;FirmwareVersion:VirtualBox;OEMModelNumber:VirtualBox;OEMModelBaseBoard:VirtualBox;OEMModelSystemFamily:Virtual Machine;OEMManufacturerName:innotek GmbH;OEMModelSKU:;OSArchitecture:amd64; BucketId: 3d18f3d936113b0527c53aae6bd2aa89263a978345beb2b2db4869ced83c6d0a BucketConfidenceLevel: No Data Observed - Action Required UpdateType: Windows UEFI CA 2023 (DB), Option ROM CA 2023 (DB), 3P UEFI CA 2023 (DB), KEK 2023, Boot Manager (2023) For more information, please see https://go.microsoft.com/fwlink/?linkid=2301018."
"9/8/2026 5:39:03 PM","10016","Warning","Microsoft-Windows-DistributedCOM","CRASHLAB-GOLD","The application-specific permission settings do not grant Local Launch permission for the COM Server application with CLSID Windows.SecurityCenter.SecurityAppBroker and APPID Unavailable to the user NT AUTHORITY\SYSTEM SID (S-1-5-18) from address LocalHost (Using LRPC) running in the application container Unavailable SID (Unavailable). This security permission can be modified using the Component Services administrative tool."
"9/8/2026 5:39:03 PM","10016","Warning","Microsoft-Windows-DistributedCOM","CRASHLAB-GOLD","The application-specific permission settings do not grant Local Launch permission for the COM Server application with CLSID Windows.SecurityCenter.WscBrokerManager and APPID Unavailable to the user NT AUTHORITY\SYSTEM SID (S-1-5-18) from address LocalHost (Using LRPC) running in the application container Unavailable SID (Unavailable). This security permission can be modified using the Component Services administrative tool."
"9/8/2026 5:39:03 PM","10016","Warning","Microsoft-Windows-DistributedCOM","CRASHLAB-GOLD","The application-specific permission settings do not grant Local Launch permission for the COM Server application with CLSID Windows.SecurityCenter.WscDataProtection and APPID Unavailable to the user NT AUTHORITY\SYSTEM SID (S-1-5-18) from address LocalHost (Using LRPC) running in the application container Unavailable SID (Unavailable). This security permission can be modified using the Component Services administrative tool."
"9/8/2026 5:38:16 PM","7040","Information","Service Control Manager","CRASHLAB-GOLD","The start type of the Windows Update service was changed from demand start to disabled."
"9/8/2026 5:36:36 PM","1025","Information","Microsoft-Windows-TPM-WMI","CRASHLAB-GOLD","The TPM was successfully provisioned and is now ready for use."
"9/8/2026 5:36:36 PM","1282","Information","Microsoft-Windows-TPM-WMI","CRASHLAB-GOLD","The TBS device identifier has been generated."
"9/8/2026 5:36:23 PM","16","Information","Microsoft-Windows-Kernel-General","CRASHLAB-GOLD","The access history in hive \??\C:\Users\CRASHLAB-GOLDEN\AppData\Local\Packages\Microsoft.XboxGamingOverlay_8wekyb3d8bbwe\Settings\settings.dat was cleared updating 3 keys and creating 1 modified pages."
"9/8/2026 5:36:18 PM","10010","Error","Microsoft-Windows-DistributedCOM","CRASHLAB-GOLD","The server {A7451292-7906-414C-BB7B-DFD32C749E5C} did not register with DCOM within the required timeout."
"9/8/2026 5:36:11 PM","18","Information","TPM","CRASHLAB-GOLD","This event triggers the Trusted Platform Module (TPM) provisioning/status check to run."
"9/8/2026 5:36:11 PM","7026","Information","Service Control Manager","CRASHLAB-GOLD","The following boot-start or system-start driver(s) did not load: dam uiomap"
"9/8/2026 5:36:09 PM","112","Information","Microsoft-Windows-HttpService","CRASHLAB-GOLD","Attempted to reserve URL http://+:10246/MDEServer/. Status 0x0. Process Id 0x4 Executable path , User S-1-5-18"
"9/8/2026 5:36:09 PM","112","Information","Microsoft-Windows-HttpService","CRASHLAB-GOLD","Attempted to reserve URL http://+:10247/apps/. Status 0x0. Process Id 0x4 Executable path , User S-1-5-18"
"9/8/2026 5:36:09 PM","112","Information","Microsoft-Windows-HttpService","CRASHLAB-GOLD","Attempted to reserve URL http://+:10243/WMPNSSv4/. Status 0x0. Process Id 0x4 Executable path , User S-1-5-18"
"9/8/2026 5:36:09 PM","112","Information","Microsoft-Windows-HttpService","CRASHLAB-GOLD","Attempted to reserve URL https://+:10245/WMPNSSv4/. Status 0x0. Process Id 0x4 Executable path , User S-1-5-18"
"9/8/2026 5:36:09 PM","112","Information","Microsoft-Windows-HttpService","CRASHLAB-GOLD","Attempted to reserve URL http://+:80/116B50EB-ECE2-41ac-8429-9F9E963361B7/. Status 0x0. Process Id 0x4 Executable path , User S-1-5-18"
"9/8/2026 5:36:09 PM","112","Information","Microsoft-Windows-HttpService","CRASHLAB-GOLD","Attempted to reserve URL https://+:443/C574AC30-5794-4AEE-B1BB-6651C5315029/. Status 0x0. Process Id 0x4 Executable path , User S-1-5-18"
"9/8/2026 5:36:09 PM","112","Information","Microsoft-Windows-HttpService","CRASHLAB-GOLD","Attempted to reserve URL http://+:80/0131501b-d67f-491b-9a40-c4bf27bcb4d4/. Status 0x0. Process Id 0x4 Executable path , User S-1-5-18"
"9/8/2026 5:36:09 PM","112","Information","Microsoft-Windows-HttpService","CRASHLAB-GOLD","Attempted to reserve URL https://+:443/sra_{BA195980-CD49-458b-9E23-C84EE0ADCD75}/. Status 0x0. Process Id 0x4 Executable path , User S-1-5-18"
"9/8/2026 5:36:09 PM","112","Information","Microsoft-Windows-HttpService","CRASHLAB-GOLD","Attempted to reserve URL https://+:3392/rdp/. Status 0x0. Process Id 0x4 Executable path , User S-1-5-18"
"9/8/2026 5:36:09 PM","112","Information","Microsoft-Windows-HttpService","CRASHLAB-GOLD","Attempted to reserve URL http://+:5985/wsman/. Status 0x0. Process Id 0x4 Executable path , User S-1-5-18"
"9/8/2026 5:36:09 PM","112","Information","Microsoft-Windows-HttpService","CRASHLAB-GOLD","Attempted to reserve URL http://+:47001/wsman/. Status 0x0. Process Id 0x4 Executable path , User S-1-5-18"
"9/8/2026 5:36:09 PM","112","Information","Microsoft-Windows-HttpService","CRASHLAB-GOLD","Attempted to reserve URL https://+:5986/wsman/. Status 0x0. Process Id 0x4 Executable path , User S-1-5-18"
"9/8/2026 5:36:09 PM","112","Information","Microsoft-Windows-HttpService","CRASHLAB-GOLD","Attempted to reserve URL http://*:2869/. Status 0x0. Process Id 0x4 Executable path , User S-1-5-18"
"9/8/2026 5:36:09 PM","112","Information","Microsoft-Windows-HttpService","CRASHLAB-GOLD","Attempted to reserve URL https://*:5358/. Status 0x0. Process Id 0x4 Executable path , User S-1-5-18"
"9/8/2026 5:36:09 PM","112","Information","Microsoft-Windows-HttpService","CRASHLAB-GOLD","Attempted to reserve URL http://+:80/Temporary_Listen_Addresses/. Status 0x0. Process Id 0x4 Executable path , User S-1-5-18"
"9/8/2026 5:36:09 PM","112","Information","Microsoft-Windows-HttpService","CRASHLAB-GOLD","Attempted to reserve URL http://*:5357/. Status 0x0. Process Id 0x4 Executable path , User S-1-5-18"
"9/8/2026 5:36:06 PM","7001","Information","Microsoft-Windows-Winlogon","CRASHLAB-GOLD","User Log-on Notification for Customer Experience Improvement Program"
